"","englishname","latinname","speciesgroup","year","yday","date","distance","daytot","daytot.back","daytot.fin"
"1","Black kite","Milvus migrans","Buzzards & Kites",2019,80,2019-03-21,"Coast",76,0,76
"2","Black kite","Milvus migrans","Buzzards & Kites",2019,82,2019-03-23,"Coast",3384,0,3384
"3","Black kite","Milvus migrans","Buzzards & Kites",2019,82,2019-03-23,"Foothills",446,0,446
"4","Black kite","Milvus migrans","Buzzards & Kites",2019,83,2019-03-24,"Coast",132,0,132
"5","Black kite","Milvus migrans","Buzzards & Kites",2019,84,2019-03-25,"Coast",2798,0,2798
"6","Black kite","Milvus migrans","Buzzards & Kites",2019,84,2019-03-25,"Foothills",72,0,72
"7","Black kite","Milvus migrans","Buzzards & Kites",2019,84,2019-03-25,"Interior",3,0,3
"8","Black kite","Milvus migrans","Buzzards & Kites",2019,85,2019-03-26,"Coast",10231,0,10231
"9","Black kite","Milvus migrans","Buzzards & Kites",2019,85,2019-03-26,"Foothills",5,0,5
"10","Black kite","Milvus migrans","Buzzards & Kites",2019,88,2019-03-29,"Coast",6376,0,6376
"11","Black kite","Milvus migrans","Buzzards & Kites",2019,88,2019-03-29,"Foothills",126,0,126
"12","Black kite","Milvus migrans","Buzzards & Kites",2019,88,2019-03-29,"Interior",8,0,8
"13","Black kite","Milvus migrans","Buzzards & Kites",2019,89,2019-03-30,"Coast",4653,0,4653
"14","Black kite","Milvus migrans","Buzzards & Kites",2019,89,2019-03-30,"Interior",1,0,1
"15","Black kite","Milvus migrans","Buzzards & Kites",2019,90,2019-03-31,"Coast",11451,0,11451
"16","Black kite","Milvus migrans","Buzzards & Kites",2019,90,2019-03-31,"Foothills",9,0,9
"17","Black kite","Milvus migrans","Buzzards & Kites",2019,93,2019-04-03,"Coast",28551,0,28551
"18","Black kite","Milvus migrans","Buzzards & Kites",2019,93,2019-04-03,"Foothills",2038,0,2038
"19","Black kite","Milvus migrans","Buzzards & Kites",2019,93,2019-04-03,"Interior",604,0,604
"20","Black kite","Milvus migrans","Buzzards & Kites",2019,94,2019-04-04,"Coast",10852,0,10852
"21","Black kite","Milvus migrans","Buzzards & Kites",2019,95,2019-04-05,"Coast",40181,0,40181
"22","Black kite","Milvus migrans","Buzzards & Kites",2019,95,2019-04-05,"Foothills",1015,0,1015
"23","Black kite","Milvus migrans","Buzzards & Kites",2019,95,2019-04-05,"Interior",259,0,259
"24","Black kite","Milvus migrans","Buzzards & Kites",2019,96,2019-04-06,"Coast",16326,0,16326
"25","Black kite","Milvus migrans","Buzzards & Kites",2019,96,2019-04-06,"Foothills",450,0,450
"26","Black kite","Milvus migrans","Buzzards & Kites",2019,96,2019-04-06,"Interior",270,0,270
"27","Black kite","Milvus migrans","Buzzards & Kites",2019,97,2019-04-07,"Coast",10032,0,10032
"28","Black kite","Milvus migrans","Buzzards & Kites",2019,97,2019-04-07,"Foothills",844,0,844
"29","Black kite","Milvus migrans","Buzzards & Kites",2019,97,2019-04-07,"Interior",2182,0,2182
"30","Black kite","Milvus migrans","Buzzards & Kites",2019,98,2019-04-08,"Coast",15745,0,15745
"31","Black kite","Milvus migrans","Buzzards & Kites",2019,98,2019-04-08,"Foothills",1609,0,1609
"32","Black kite","Milvus migrans","Buzzards & Kites",2019,98,2019-04-08,"Interior",388,0,388
"33","Black kite","Milvus migrans","Buzzards & Kites",2019,99,2019-04-09,"Coast",1728,0,1728
"34","Black kite","Milvus migrans","Buzzards & Kites",2019,99,2019-04-09,"Foothills",380,0,380
"35","Black kite","Milvus migrans","Buzzards & Kites",2019,99,2019-04-09,"Interior",2744,0,2744
"36","Black kite","Milvus migrans","Buzzards & Kites",2019,101,2019-04-11,"Coast",2351,0,2351
"37","Black kite","Milvus migrans","Buzzards & Kites",2019,101,2019-04-11,"Foothills",720,0,720
"38","Black kite","Milvus migrans","Buzzards & Kites",2019,101,2019-04-11,"Interior",1075,0,1075
"39","Black kite","Milvus migrans","Buzzards & Kites",2019,102,2019-04-12,"Coast",6494,0,6494
"40","Black kite","Milvus migrans","Buzzards & Kites",2019,102,2019-04-12,"Foothills",276,0,276
"41","Black kite","Milvus migrans","Buzzards & Kites",2019,102,2019-04-12,"Interior",286,0,286
"42","Black kite","Milvus migrans","Buzzards & Kites",2019,103,2019-04-13,"Coast",2086,0,2086
"43","Black kite","Milvus migrans","Buzzards & Kites",2019,103,2019-04-13,"Foothills",451,0,451
"44","Black kite","Milvus migrans","Buzzards & Kites",2019,103,2019-04-13,"Interior",235,0,235
"45","Black kite","Milvus migrans","Buzzards & Kites",2019,104,2019-04-14,"Coast",485,0,485
"46","Black kite","Milvus migrans","Buzzards & Kites",2019,104,2019-04-14,"Foothills",390,0,390
"47","Black kite","Milvus migrans","Buzzards & Kites",2019,104,2019-04-14,"Interior",531,0,531
"48","Black kite","Milvus migrans","Buzzards & Kites",2019,105,2019-04-15,"Coast",636,0,636
"49","Black kite","Milvus migrans","Buzzards & Kites",2019,105,2019-04-15,"Foothills",537,0,537
"50","Black kite","Milvus migrans","Buzzards & Kites",2019,105,2019-04-15,"Interior",297,0,297
"51","Black kite","Milvus migrans","Buzzards & Kites",2019,108,2019-04-18,"Coast",1724,0,1724
"52","Black kite","Milvus migrans","Buzzards & Kites",2019,108,2019-04-18,"Foothills",95,0,95
"53","Black kite","Milvus migrans","Buzzards & Kites",2019,108,2019-04-18,"Interior",10,0,10
"54","Black kite","Milvus migrans","Buzzards & Kites",2019,110,2019-04-20,"Coast",1533,0,1533
"55","Black kite","Milvus migrans","Buzzards & Kites",2019,110,2019-04-20,"Foothills",90,0,90
"56","Black kite","Milvus migrans","Buzzards & Kites",2019,110,2019-04-20,"Interior",23,0,23
"57","Black kite","Milvus migrans","Buzzards & Kites",2019,112,2019-04-22,"Coast",105,0,105
"58","Black kite","Milvus migrans","Buzzards & Kites",2019,112,2019-04-22,"Foothills",4,0,4
"59","Black kite","Milvus migrans","Buzzards & Kites",2019,113,2019-04-23,"Coast",497,0,497
"60","Black kite","Milvus migrans","Buzzards & Kites",2019,114,2019-04-24,"Coast",854,0,854
"61","Black kite","Milvus migrans","Buzzards & Kites",2019,114,2019-04-24,"Foothills",415,0,415
"62","Black kite","Milvus migrans","Buzzards & Kites",2019,114,2019-04-24,"Interior",76,0,76
"63","Black kite","Milvus migrans","Buzzards & Kites",2019,115,2019-04-25,"Coast",1270,0,1270
"64","Black kite","Milvus migrans","Buzzards & Kites",2019,115,2019-04-25,"Foothills",184,0,184
"65","Black kite","Milvus migrans","Buzzards & Kites",2019,116,2019-04-26,"Coast",619,0,619
"66","Black kite","Milvus migrans","Buzzards & Kites",2019,116,2019-04-26,"Foothills",21,0,21
"67","Black kite","Milvus migrans","Buzzards & Kites",2019,116,2019-04-26,"Interior",61,0,61
"68","Black kite","Milvus migrans","Buzzards & Kites",2019,117,2019-04-27,"Coast",3485,0,3485
"69","Black kite","Milvus migrans","Buzzards & Kites",2019,117,2019-04-27,"Foothills",95,0,95
"70","Black kite","Milvus migrans","Buzzards & Kites",2019,118,2019-04-28,"Coast",2939,0,2939
"71","Black kite","Milvus migrans","Buzzards & Kites",2019,118,2019-04-28,"Foothills",1300,0,1300
"72","Black kite","Milvus migrans","Buzzards & Kites",2019,119,2019-04-29,"Coast",230,0,230
"73","Black kite","Milvus migrans","Buzzards & Kites",2019,119,2019-04-29,"Foothills",18,0,18
"74","Black kite","Milvus migrans","Buzzards & Kites",2019,120,2019-04-30,"Coast",415,0,415
"75","Black kite","Milvus migrans","Buzzards & Kites",2019,120,2019-04-30,"Foothills",713,0,713
"76","Black kite","Milvus migrans","Buzzards & Kites",2019,120,2019-04-30,"Interior",26,0,26
"77","Black kite","Milvus migrans","Buzzards & Kites",2019,121,2019-05-01,"Coast",1689,0,1689
"78","Black kite","Milvus migrans","Buzzards & Kites",2019,121,2019-05-01,"Foothills",768,0,768
"79","Black kite","Milvus migrans","Buzzards & Kites",2019,121,2019-05-01,"Interior",109,0,109
"80","Black kite","Milvus migrans","Buzzards & Kites",2019,122,2019-05-02,"Coast",928,0,928
"81","Black kite","Milvus migrans","Buzzards & Kites",2019,122,2019-05-02,"Foothills",148,0,148
"82","Black kite","Milvus migrans","Buzzards & Kites",2019,122,2019-05-02,"Interior",93,0,93
"83","Black kite","Milvus migrans","Buzzards & Kites",2019,125,2019-05-05,"Coast",734,0,734
"84","Black kite","Milvus migrans","Buzzards & Kites",2019,125,2019-05-05,"Foothills",136,0,136
"85","Black kite","Milvus migrans","Buzzards & Kites",2019,125,2019-05-05,"Interior",67,0,67
"86","Black kite","Milvus migrans","Buzzards & Kites",2019,126,2019-05-06,"Coast",880,0,880
"87","Black kite","Milvus migrans","Buzzards & Kites",2019,126,2019-05-06,"Foothills",228,0,228
"88","Black kite","Milvus migrans","Buzzards & Kites",2019,126,2019-05-06,"Interior",56,0,56
"89","Black kite","Milvus migrans","Buzzards & Kites",2019,127,2019-05-07,"Coast",131,0,131
"90","Black kite","Milvus migrans","Buzzards & Kites",2019,127,2019-05-07,"Foothills",387,0,387
"91","Black kite","Milvus migrans","Buzzards & Kites",2019,127,2019-05-07,"Interior",116,0,116
"92","Black kite","Milvus migrans","Buzzards & Kites",2019,128,2019-05-08,"Coast",305,0,305
"93","Black kite","Milvus migrans","Buzzards & Kites",2019,128,2019-05-08,"Foothills",6,0,6
"94","Black kite","Milvus migrans","Buzzards & Kites",2019,128,2019-05-08,"Interior",7,0,7
"95","Black kite","Milvus migrans","Buzzards & Kites",2019,129,2019-05-09,"Coast",133,0,133
"96","Black kite","Milvus migrans","Buzzards & Kites",2019,130,2019-05-10,"Coast",570,0,570
"97","Black kite","Milvus migrans","Buzzards & Kites",2019,130,2019-05-10,"Foothills",353,0,353
"98","Black kite","Milvus migrans","Buzzards & Kites",2019,130,2019-05-10,"Interior",20,0,20
"99","Black kite","Milvus migrans","Buzzards & Kites",2019,131,2019-05-11,"Coast",218,0,218
"100","Black kite","Milvus migrans","Buzzards & Kites",2019,131,2019-05-11,"Foothills",95,0,95
"101","Black kite","Milvus migrans","Buzzards & Kites",2019,131,2019-05-11,"Interior",44,0,44
"102","Black kite","Milvus migrans","Buzzards & Kites",2019,132,2019-05-12,"Coast",21,0,21
"103","Black kite","Milvus migrans","Buzzards & Kites",2019,132,2019-05-12,"Foothills",9,0,9
"104","Black kite","Milvus migrans","Buzzards & Kites",2019,132,2019-05-12,"Interior",1,0,1
"105","Black kite","Milvus migrans","Buzzards & Kites",2019,133,2019-05-13,"Coast",287,0,287
"106","Black kite","Milvus migrans","Buzzards & Kites",2019,133,2019-05-13,"Foothills",51,0,51
"107","Black kite","Milvus migrans","Buzzards & Kites",2019,134,2019-05-14,"Coast",374,0,374
"108","Black kite","Milvus migrans","Buzzards & Kites",2019,134,2019-05-14,"Foothills",88,0,88
"109","Black kite","Milvus migrans","Buzzards & Kites",2019,134,2019-05-14,"Interior",76,0,76
"110","Black kite","Milvus migrans","Buzzards & Kites",2019,135,2019-05-15,"Coast",158,0,158
"111","Black kite","Milvus migrans","Buzzards & Kites",2019,135,2019-05-15,"Foothills",30,0,30
"112","Black kite","Milvus migrans","Buzzards & Kites",2019,137,2019-05-17,"Coast",24,0,24
"113","Black kite","Milvus migrans","Buzzards & Kites",2019,137,2019-05-17,"Foothills",85,0,85
"114","Black kite","Milvus migrans","Buzzards & Kites",2019,137,2019-05-17,"Interior",4,0,4
"115","Black kite","Milvus migrans","Buzzards & Kites",2019,138,2019-05-18,"Coast",1,0,1
"116","Black kite","Milvus migrans","Buzzards & Kites",2019,138,2019-05-18,"Foothills",77,0,77
"117","Black kite","Milvus migrans","Buzzards & Kites",2019,139,2019-05-19,"Coast",153,0,153
"118","Black kite","Milvus migrans","Buzzards & Kites",2019,139,2019-05-19,"Foothills",294,0,294
"119","Black kite","Milvus migrans","Buzzards & Kites",2019,139,2019-05-19,"Interior",58,0,58
"120","Black kite","Milvus migrans","Buzzards & Kites",2019,140,2019-05-20,"Coast",103,0,103
"121","Black kite","Milvus migrans","Buzzards & Kites",2019,140,2019-05-20,"Foothills",9,0,9
"122","Black kite","Milvus migrans","Buzzards & Kites",2019,141,2019-05-21,"Coast",17,0,17
"123","Black kite","Milvus migrans","Buzzards & Kites",2019,141,2019-05-21,"Interior",68,0,68
"124","Black kite","Milvus migrans","Buzzards & Kites",2019,144,2019-05-24,"Coast",27,0,27
"125","Black kite","Milvus migrans","Buzzards & Kites",2019,144,2019-05-24,"Foothills",72,0,72
"126","Black kite","Milvus migrans","Buzzards & Kites",2019,144,2019-05-24,"Interior",15,0,15
"127","Black kite","Milvus migrans","Buzzards & Kites",2019,145,2019-05-25,"Coast",4,0,4
"128","Black kite","Milvus migrans","Buzzards & Kites",2019,145,2019-05-25,"Foothills",2,0,2
"129","Black kite","Milvus migrans","Buzzards & Kites",2019,146,2019-05-26,"Coast",2,0,2
"130","Black kite","Milvus migrans","Buzzards & Kites",2019,147,2019-05-27,"Coast",49,0,49
"131","Black kite","Milvus migrans","Buzzards & Kites",2019,147,2019-05-27,"Foothills",50,0,50
"132","Black kite","Milvus migrans","Buzzards & Kites",2019,147,2019-05-27,"Interior",30,0,30
"133","Black kite","Milvus migrans","Buzzards & Kites",2019,148,2019-05-28,"Coast",29,0,29
"134","Black kite","Milvus migrans","Buzzards & Kites",2019,148,2019-05-28,"Foothills",1,0,1
"135","Black kite","Milvus migrans","Buzzards & Kites",2019,150,2019-05-30,"Coast",6,0,6
"136","Black kite","Milvus migrans","Buzzards & Kites",2019,150,2019-05-30,"Foothills",3,0,3
"137","Black kite","Milvus migrans","Buzzards & Kites",2019,151,2019-05-31,"Coast",1,0,1
"138","Black kite","Milvus migrans","Buzzards & Kites",2020,62,2020-03-02,"Coast",6,0,6
"139","Black kite","Milvus migrans","Buzzards & Kites",2020,63,2020-03-03,"Coast",7,0,7
"140","Black kite","Milvus migrans","Buzzards & Kites",2020,63,2020-03-03,"Foothills",1,0,1
"141","Black kite","Milvus migrans","Buzzards & Kites",2020,65,2020-03-05,"Coast",23,0,23
"142","Black kite","Milvus migrans","Buzzards & Kites",2020,65,2020-03-05,"Foothills",21,0,21
"143","Black kite","Milvus migrans","Buzzards & Kites",2020,65,2020-03-05,"Interior",1,0,1
"144","Black kite","Milvus migrans","Buzzards & Kites",2020,66,2020-03-06,"Coast",6,0,6
"145","Black kite","Milvus migrans","Buzzards & Kites",2020,66,2020-03-06,"Foothills",7,0,7
"146","Black kite","Milvus migrans","Buzzards & Kites",2020,67,2020-03-07,"Coast",1,0,1
"147","Black kite","Milvus migrans","Buzzards & Kites",2020,69,2020-03-09,"Coast",4,0,4
"148","Black kite","Milvus migrans","Buzzards & Kites",2020,69,2020-03-09,"Foothills",2,0,2
"149","Black kite","Milvus migrans","Buzzards & Kites",2020,69,2020-03-09,"Interior",3,0,3
"150","Black kite","Milvus migrans","Buzzards & Kites",2020,70,2020-03-10,"Coast",11,0,11
"151","Black kite","Milvus migrans","Buzzards & Kites",2020,70,2020-03-10,"Foothills",97,0,97
"152","Black kite","Milvus migrans","Buzzards & Kites",2020,71,2020-03-11,"Coast",74,0,74
"153","Black kite","Milvus migrans","Buzzards & Kites",2020,71,2020-03-11,"Foothills",26,0,26
"154","Black kite","Milvus migrans","Buzzards & Kites",2020,71,2020-03-11,"Interior",3,0,3
"155","Black kite","Milvus migrans","Buzzards & Kites",2020,72,2020-03-12,"Coast",6,0,6
"156","Black kite","Milvus migrans","Buzzards & Kites",2020,72,2020-03-12,"Foothills",12,0,12
"157","Black kite","Milvus migrans","Buzzards & Kites",2020,72,2020-03-12,"Interior",7,0,7
"158","Black kite","Milvus migrans","Buzzards & Kites",2020,73,2020-03-13,"Coast",44,0,44
"159","Black kite","Milvus migrans","Buzzards & Kites",2020,73,2020-03-13,"Foothills",24,1,23
"160","Black kite","Milvus migrans","Buzzards & Kites",2020,73,2020-03-13,"Interior",1,0,1
"161","Black kite","Milvus migrans","Buzzards & Kites",2020,75,2020-03-15,"Coast",181,4,177
"162","Black kite","Milvus migrans","Buzzards & Kites",2020,75,2020-03-15,"Foothills",8,0,8
"163","Black kite","Milvus migrans","Buzzards & Kites",2020,77,2020-03-17,"Coast",554,1,553
"164","Black kite","Milvus migrans","Buzzards & Kites",2020,79,2020-03-19,"Coast",102,2,100
"165","Black kite","Milvus migrans","Buzzards & Kites",2020,80,2020-03-20,"Coast",503,4,499
"166","Black kite","Milvus migrans","Buzzards & Kites",2020,80,2020-03-20,"Foothills",15,0,15
"167","Black kite","Milvus migrans","Buzzards & Kites",2020,80,2020-03-20,"Interior",1,0,1
"168","Black kite","Milvus migrans","Buzzards & Kites",2020,81,2020-03-21,"Coast",660,9,651
"169","Black kite","Milvus migrans","Buzzards & Kites",2020,81,2020-03-21,"Interior",3,0,3
"170","Black kite","Milvus migrans","Buzzards & Kites",2020,82,2020-03-22,"Coast",7176,0,7176
"171","Black kite","Milvus migrans","Buzzards & Kites",2020,82,2020-03-22,"Foothills",267,0,267
"172","Black kite","Milvus migrans","Buzzards & Kites",2020,82,2020-03-22,"Interior",141,0,141
"173","Black kite","Milvus migrans","Buzzards & Kites",2020,83,2020-03-23,"Coast",15759,6,15753
"174","Black kite","Milvus migrans","Buzzards & Kites",2020,83,2020-03-23,"Foothills",1149,0,1149
"175","Black kite","Milvus migrans","Buzzards & Kites",2020,83,2020-03-23,"Interior",2594,0,2594
"176","Black kite","Milvus migrans","Buzzards & Kites",2020,84,2020-03-24,"Coast",16082,0,16082
"177","Black kite","Milvus migrans","Buzzards & Kites",2020,84,2020-03-24,"Foothills",65,0,65
"178","Black kite","Milvus migrans","Buzzards & Kites",2020,86,2020-03-26,"Coast",867,0,867
"179","Black kite","Milvus migrans","Buzzards & Kites",2020,86,2020-03-26,"Foothills",1,0,1
"180","Black kite","Milvus migrans","Buzzards & Kites",2020,87,2020-03-27,"Coast",155,0,155
"181","Black kite","Milvus migrans","Buzzards & Kites",2020,87,2020-03-27,"Foothills",347,0,347
"182","Black kite","Milvus migrans","Buzzards & Kites",2020,87,2020-03-27,"Interior",119,0,119
"183","Black kite","Milvus migrans","Buzzards & Kites",2020,88,2020-03-28,"Coast",3429,0,3429
"184","Black kite","Milvus migrans","Buzzards & Kites",2020,88,2020-03-28,"Foothills",8,0,8
"185","Black kite","Milvus migrans","Buzzards & Kites",2020,88,2020-03-28,"Interior",3,0,3
"186","Black kite","Milvus migrans","Buzzards & Kites",2020,89,2020-03-29,"Coast",381,0,381
"187","Black kite","Milvus migrans","Buzzards & Kites",2020,91,2020-03-31,"Coast",16956,0,16956
"188","Black kite","Milvus migrans","Buzzards & Kites",2020,91,2020-03-31,"Foothills",2815,0,2815
"189","Black kite","Milvus migrans","Buzzards & Kites",2020,91,2020-03-31,"Interior",1201,0,1201
"190","Black kite","Milvus migrans","Buzzards & Kites",2020,92,2020-04-01,"Coast",43347,0,43347
"191","Black kite","Milvus migrans","Buzzards & Kites",2020,92,2020-04-01,"Foothills",2787,0,2787
"192","Black kite","Milvus migrans","Buzzards & Kites",2020,92,2020-04-01,"Interior",599,0,599
"193","Black kite","Milvus migrans","Buzzards & Kites",2020,93,2020-04-02,"Coast",242,0,242
"194","Black kite","Milvus migrans","Buzzards & Kites",2020,94,2020-04-03,"Coast",5752,0,5752
"195","Black kite","Milvus migrans","Buzzards & Kites",2020,94,2020-04-03,"Foothills",618,0,618
"196","Black kite","Milvus migrans","Buzzards & Kites",2020,94,2020-04-03,"Interior",1809,0,1809
"197","Black kite","Milvus migrans","Buzzards & Kites",2020,95,2020-04-04,"Coast",5506,1,5505
"198","Black kite","Milvus migrans","Buzzards & Kites",2020,95,2020-04-04,"Foothills",38,0,38
"199","Black kite","Milvus migrans","Buzzards & Kites",2020,95,2020-04-04,"Interior",105,0,105
"200","Black kite","Milvus migrans","Buzzards & Kites",2020,96,2020-04-05,"Coast",11433,0,11433
"201","Black kite","Milvus migrans","Buzzards & Kites",2020,96,2020-04-05,"Foothills",1840,0,1840
"202","Black kite","Milvus migrans","Buzzards & Kites",2020,96,2020-04-05,"Interior",1085,0,1085
"203","Black kite","Milvus migrans","Buzzards & Kites",2020,97,2020-04-06,"Coast",2425,0,2425
"204","Black kite","Milvus migrans","Buzzards & Kites",2020,97,2020-04-06,"Foothills",3,0,3
"205","Black kite","Milvus migrans","Buzzards & Kites",2020,98,2020-04-07,"Coast",4,0,4
"206","Black kite","Milvus migrans","Buzzards & Kites",2020,99,2020-04-08,"Coast",11305,0,11305
"207","Black kite","Milvus migrans","Buzzards & Kites",2020,99,2020-04-08,"Foothills",346,0,346
"208","Black kite","Milvus migrans","Buzzards & Kites",2020,99,2020-04-08,"Interior",170,0,170
"209","Black kite","Milvus migrans","Buzzards & Kites",2020,100,2020-04-09,"Coast",4173,0,4173
"210","Black kite","Milvus migrans","Buzzards & Kites",2020,100,2020-04-09,"Foothills",51,0,51
"211","Black kite","Milvus migrans","Buzzards & Kites",2020,100,2020-04-09,"Interior",2,0,2
"212","Black kite","Milvus migrans","Buzzards & Kites",2020,101,2020-04-10,"Coast",4810,0,4810
"213","Black kite","Milvus migrans","Buzzards & Kites",2020,101,2020-04-10,"Foothills",11,0,11
"214","Black kite","Milvus migrans","Buzzards & Kites",2020,102,2020-04-11,"Coast",7056,2,7054
"215","Black kite","Milvus migrans","Buzzards & Kites",2020,102,2020-04-11,"Foothills",37,0,37
"216","Black kite","Milvus migrans","Buzzards & Kites",2020,102,2020-04-11,"Interior",203,0,203
"217","Black kite","Milvus migrans","Buzzards & Kites",2020,104,2020-04-13,"Coast",2228,2,2226
"218","Black kite","Milvus migrans","Buzzards & Kites",2020,104,2020-04-13,"Foothills",289,0,289
"219","Black kite","Milvus migrans","Buzzards & Kites",2020,104,2020-04-13,"Interior",727,0,727
"220","Black kite","Milvus migrans","Buzzards & Kites",2020,105,2020-04-14,"Coast",2855,0,2855
"221","Black kite","Milvus migrans","Buzzards & Kites",2020,105,2020-04-14,"Foothills",670,0,670
"222","Black kite","Milvus migrans","Buzzards & Kites",2020,105,2020-04-14,"Interior",1064,0,1064
"223","Black kite","Milvus migrans","Buzzards & Kites",2020,106,2020-04-15,"Coast",6204,0,6204
"224","Black kite","Milvus migrans","Buzzards & Kites",2020,106,2020-04-15,"Foothills",2099,0,2099
"225","Black kite","Milvus migrans","Buzzards & Kites",2020,106,2020-04-15,"Interior",460,0,460
"226","Black kite","Milvus migrans","Buzzards & Kites",2020,107,2020-04-16,"Coast",29,0,29
"227","Black kite","Milvus migrans","Buzzards & Kites",2020,108,2020-04-17,"Coast",1908,5,1903
"228","Black kite","Milvus migrans","Buzzards & Kites",2020,108,2020-04-17,"Foothills",147,0,147
"229","Black kite","Milvus migrans","Buzzards & Kites",2020,108,2020-04-17,"Interior",103,0,103
"230","Black kite","Milvus migrans","Buzzards & Kites",2020,109,2020-04-18,"Coast",2945,0,2945
"231","Black kite","Milvus migrans","Buzzards & Kites",2020,109,2020-04-18,"Foothills",814,0,814
"232","Black kite","Milvus migrans","Buzzards & Kites",2020,109,2020-04-18,"Interior",561,0,561
"233","Black kite","Milvus migrans","Buzzards & Kites",2020,110,2020-04-19,"Coast",3268,0,3268
"234","Black kite","Milvus migrans","Buzzards & Kites",2020,110,2020-04-19,"Foothills",45,0,45
"235","Black kite","Milvus migrans","Buzzards & Kites",2020,110,2020-04-19,"Interior",482,0,482
"236","Black kite","Milvus migrans","Buzzards & Kites",2020,111,2020-04-20,"Coast",498,1,497
"237","Black kite","Milvus migrans","Buzzards & Kites",2020,111,2020-04-20,"Foothills",62,0,62
"238","Black kite","Milvus migrans","Buzzards & Kites",2020,111,2020-04-20,"Interior",1034,0,1034
"239","Black kite","Milvus migrans","Buzzards & Kites",2020,113,2020-04-22,"Coast",101,0,101
"240","Black kite","Milvus migrans","Buzzards & Kites",2020,114,2020-04-23,"Coast",716,0,716
"241","Black kite","Milvus migrans","Buzzards & Kites",2020,114,2020-04-23,"Foothills",11,0,11
"242","Black kite","Milvus migrans","Buzzards & Kites",2020,115,2020-04-24,"Coast",2153,0,2153
"243","Black kite","Milvus migrans","Buzzards & Kites",2020,115,2020-04-24,"Foothills",93,0,93
"244","Black kite","Milvus migrans","Buzzards & Kites",2020,116,2020-04-25,"Coast",3260,0,3260
"245","Black kite","Milvus migrans","Buzzards & Kites",2020,116,2020-04-25,"Foothills",181,0,181
"246","Black kite","Milvus migrans","Buzzards & Kites",2020,117,2020-04-26,"Coast",2804,0,2804
"247","Black kite","Milvus migrans","Buzzards & Kites",2020,117,2020-04-26,"Foothills",1375,0,1375
"248","Black kite","Milvus migrans","Buzzards & Kites",2020,117,2020-04-26,"Interior",282,0,282
"249","Black kite","Milvus migrans","Buzzards & Kites",2020,118,2020-04-27,"Coast",3185,0,3185
"250","Black kite","Milvus migrans","Buzzards & Kites",2020,118,2020-04-27,"Foothills",1921,0,1921
"251","Black kite","Milvus migrans","Buzzards & Kites",2020,118,2020-04-27,"Interior",395,0,395
"252","Black kite","Milvus migrans","Buzzards & Kites",2020,119,2020-04-28,"Coast",2,0,2
"253","Black kite","Milvus migrans","Buzzards & Kites",2020,119,2020-04-28,"Foothills",102,0,102
"254","Black kite","Milvus migrans","Buzzards & Kites",2020,120,2020-04-29,"Coast",960,0,960
"255","Black kite","Milvus migrans","Buzzards & Kites",2020,120,2020-04-29,"Foothills",643,0,643
"256","Black kite","Milvus migrans","Buzzards & Kites",2020,121,2020-04-30,"Coast",931,0,931
"257","Black kite","Milvus migrans","Buzzards & Kites",2020,121,2020-04-30,"Foothills",333,0,333
"258","Black kite","Milvus migrans","Buzzards & Kites",2020,121,2020-04-30,"Interior",160,0,160
"259","Black kite","Milvus migrans","Buzzards & Kites",2020,122,2020-05-01,"Coast",456,0,456
"260","Black kite","Milvus migrans","Buzzards & Kites",2020,122,2020-05-01,"Foothills",256,0,256
"261","Black kite","Milvus migrans","Buzzards & Kites",2020,122,2020-05-01,"Interior",108,0,108
"262","Black kite","Milvus migrans","Buzzards & Kites",2020,123,2020-05-02,"Coast",31,1,30
"263","Black kite","Milvus migrans","Buzzards & Kites",2020,123,2020-05-02,"Foothills",2,0,2
"264","Black kite","Milvus migrans","Buzzards & Kites",2020,124,2020-05-03,"Coast",258,1,257
"265","Black kite","Milvus migrans","Buzzards & Kites",2020,124,2020-05-03,"Foothills",511,0,511
"266","Black kite","Milvus migrans","Buzzards & Kites",2020,124,2020-05-03,"Interior",702,0,702
"267","Black kite","Milvus migrans","Buzzards & Kites",2020,125,2020-05-04,"Coast",1055,0,1055
"268","Black kite","Milvus migrans","Buzzards & Kites",2020,125,2020-05-04,"Foothills",243,0,243
"269","Black kite","Milvus migrans","Buzzards & Kites",2020,125,2020-05-04,"Interior",13,0,13
"270","Black kite","Milvus migrans","Buzzards & Kites",2020,128,2020-05-07,"Coast",96,0,96
"271","Black kite","Milvus migrans","Buzzards & Kites",2020,128,2020-05-07,"Foothills",364,0,364
"272","Black kite","Milvus migrans","Buzzards & Kites",2020,128,2020-05-07,"Interior",420,0,420
"273","Black kite","Milvus migrans","Buzzards & Kites",2020,130,2020-05-09,"Coast",874,0,874
"274","Black kite","Milvus migrans","Buzzards & Kites",2020,130,2020-05-09,"Foothills",102,0,102
"275","Black kite","Milvus migrans","Buzzards & Kites",2020,131,2020-05-10,"Coast",181,0,181
"276","Black kite","Milvus migrans","Buzzards & Kites",2020,131,2020-05-10,"Foothills",263,0,263
"277","Black kite","Milvus migrans","Buzzards & Kites",2020,132,2020-05-11,"Coast",186,0,186
"278","Black kite","Milvus migrans","Buzzards & Kites",2020,132,2020-05-11,"Foothills",13,0,13
"279","Black kite","Milvus migrans","Buzzards & Kites",2020,132,2020-05-11,"Interior",261,0,261
"280","Black kite","Milvus migrans","Buzzards & Kites",2020,133,2020-05-12,"Coast",83,0,83
"281","Black kite","Milvus migrans","Buzzards & Kites",2020,133,2020-05-12,"Foothills",27,0,27
"282","Black kite","Milvus migrans","Buzzards & Kites",2020,134,2020-05-13,"Coast",812,0,812
"283","Black kite","Milvus migrans","Buzzards & Kites",2020,134,2020-05-13,"Foothills",77,0,77
"284","Black kite","Milvus migrans","Buzzards & Kites",2020,135,2020-05-14,"Coast",203,0,203
"285","Black kite","Milvus migrans","Buzzards & Kites",2020,135,2020-05-14,"Foothills",5,0,5
"286","Black kite","Milvus migrans","Buzzards & Kites",2020,136,2020-05-15,"Coast",116,0,116
"287","Black kite","Milvus migrans","Buzzards & Kites",2020,136,2020-05-15,"Foothills",15,0,15
"288","Black kite","Milvus migrans","Buzzards & Kites",2020,136,2020-05-15,"Interior",46,0,46
"289","Black kite","Milvus migrans","Buzzards & Kites",2020,137,2020-05-16,"Coast",65,0,65
"290","Black kite","Milvus migrans","Buzzards & Kites",2020,138,2020-05-17,"Coast",26,0,26
"291","Black kite","Milvus migrans","Buzzards & Kites",2020,138,2020-05-17,"Foothills",6,0,6
"292","Black kite","Milvus migrans","Buzzards & Kites",2020,139,2020-05-18,"Coast",116,0,116
"293","Black kite","Milvus migrans","Buzzards & Kites",2020,140,2020-05-19,"Coast",12,3,9
"294","Black kite","Milvus migrans","Buzzards & Kites",2020,141,2020-05-20,"Coast",118,0,118
"295","Black kite","Milvus migrans","Buzzards & Kites",2020,141,2020-05-20,"Foothills",150,0,150
"296","Black kite","Milvus migrans","Buzzards & Kites",2020,141,2020-05-20,"Interior",3,0,3
"297","Black kite","Milvus migrans","Buzzards & Kites",2020,143,2020-05-22,"Coast",257,0,257
"298","Black kite","Milvus migrans","Buzzards & Kites",2020,143,2020-05-22,"Foothills",140,0,140
"299","Black kite","Milvus migrans","Buzzards & Kites",2020,144,2020-05-23,"Coast",11,0,11
"300","Black kite","Milvus migrans","Buzzards & Kites",2020,144,2020-05-23,"Foothills",33,0,33
"301","Black kite","Milvus migrans","Buzzards & Kites",2022,61,2022-03-02,"Coast",13,1,12
"302","Black kite","Milvus migrans","Buzzards & Kites",2022,62,2022-03-03,"Coast",2,1,1
"303","Black kite","Milvus migrans","Buzzards & Kites",2022,64,2022-03-05,"Coast",4,4,0
"304","Black kite","Milvus migrans","Buzzards & Kites",2022,65,2022-03-06,"Coast",5,1,4
"305","Black kite","Milvus migrans","Buzzards & Kites",2022,69,2022-03-10,"Coast",63,1,62
"306","Black kite","Milvus migrans","Buzzards & Kites",2022,73,2022-03-14,"Coast",54,1,53
"307","Black kite","Milvus migrans","Buzzards & Kites",2022,77,2022-03-18,"Coast",87,2,85
"308","Black kite","Milvus migrans","Buzzards & Kites",2022,79,2022-03-20,"Coast",122,10,112
"309","Black kite","Milvus migrans","Buzzards & Kites",2022,80,2022-03-21,"Coast",277,12,265
"310","Black kite","Milvus migrans","Buzzards & Kites",2022,81,2022-03-22,"Coast",350,15,335
"311","Black kite","Milvus migrans","Buzzards & Kites",2022,81,2022-03-22,"Foothills",10,0,10
"312","Black kite","Milvus migrans","Buzzards & Kites",2022,82,2022-03-23,"Coast",2381,31,2350
"313","Black kite","Milvus migrans","Buzzards & Kites",2022,82,2022-03-23,"Foothills",1,0,1
"314","Black kite","Milvus migrans","Buzzards & Kites",2022,83,2022-03-24,"Coast",894,0,894
"315","Black kite","Milvus migrans","Buzzards & Kites",2022,84,2022-03-25,"Coast",7676,12,7664
"316","Black kite","Milvus migrans","Buzzards & Kites",2022,84,2022-03-25,"Foothills",1,0,1
"317","Black kite","Milvus migrans","Buzzards & Kites",2022,84,2022-03-25,"Interior",9,0,9
"318","Black kite","Milvus migrans","Buzzards & Kites",2022,85,2022-03-26,"Coast",4177,0,4177
"319","Black kite","Milvus migrans","Buzzards & Kites",2022,86,2022-03-27,"Coast",10312,196,10116
"320","Black kite","Milvus migrans","Buzzards & Kites",2022,86,2022-03-27,"Foothills",277,0,277
"321","Black kite","Milvus migrans","Buzzards & Kites",2022,86,2022-03-27,"Interior",190,0,190
"322","Black kite","Milvus migrans","Buzzards & Kites",2022,87,2022-03-28,"Coast",10595,168,10427
"323","Black kite","Milvus migrans","Buzzards & Kites",2022,87,2022-03-28,"Foothills",46,0,46
"324","Black kite","Milvus migrans","Buzzards & Kites",2022,87,2022-03-28,"Interior",1,0,1
"325","Black kite","Milvus migrans","Buzzards & Kites",2022,88,2022-03-29,"Coast",13781,2,13779
"326","Black kite","Milvus migrans","Buzzards & Kites",2022,88,2022-03-29,"Foothills",2109,1,2108
"327","Black kite","Milvus migrans","Buzzards & Kites",2022,88,2022-03-29,"Interior",1853,0,1853
"328","Black kite","Milvus migrans","Buzzards & Kites",2022,89,2022-03-30,"Coast",24780,0,24780
"329","Black kite","Milvus migrans","Buzzards & Kites",2022,89,2022-03-30,"Foothills",3284,0,3284
"330","Black kite","Milvus migrans","Buzzards & Kites",2022,89,2022-03-30,"Interior",353,0,353
"331","Black kite","Milvus migrans","Buzzards & Kites",2022,90,2022-03-31,"Coast",11181,0,11181
"332","Black kite","Milvus migrans","Buzzards & Kites",2022,90,2022-03-31,"Foothills",4369,0,4369
"333","Black kite","Milvus migrans","Buzzards & Kites",2022,90,2022-03-31,"Interior",4655,0,4655
"334","Black kite","Milvus migrans","Buzzards & Kites",2022,91,2022-04-01,"Coast",16699,1,16698
"335","Black kite","Milvus migrans","Buzzards & Kites",2022,91,2022-04-01,"Foothills",4095,0,4095
"336","Black kite","Milvus migrans","Buzzards & Kites",2022,91,2022-04-01,"Interior",2948,0,2948
"337","Black kite","Milvus migrans","Buzzards & Kites",2022,92,2022-04-02,"Coast",14816,1,14815
"338","Black kite","Milvus migrans","Buzzards & Kites",2022,92,2022-04-02,"Foothills",1298,0,1298
"339","Black kite","Milvus migrans","Buzzards & Kites",2022,92,2022-04-02,"Interior",1172,0,1172
"340","Black kite","Milvus migrans","Buzzards & Kites",2022,93,2022-04-03,"Coast",17444,1,17443
"341","Black kite","Milvus migrans","Buzzards & Kites",2022,93,2022-04-03,"Foothills",308,0,308
"342","Black kite","Milvus migrans","Buzzards & Kites",2022,93,2022-04-03,"Interior",321,0,321
"343","Black kite","Milvus migrans","Buzzards & Kites",2022,94,2022-04-04,"Coast",7424,2,7422
"344","Black kite","Milvus migrans","Buzzards & Kites",2022,94,2022-04-04,"Foothills",4906,0,4906
"345","Black kite","Milvus migrans","Buzzards & Kites",2022,94,2022-04-04,"Interior",1269,0,1269
"346","Black kite","Milvus migrans","Buzzards & Kites",2022,95,2022-04-05,"Coast",5880,0,5880
"347","Black kite","Milvus migrans","Buzzards & Kites",2022,95,2022-04-05,"Foothills",218,0,218
"348","Black kite","Milvus migrans","Buzzards & Kites",2022,95,2022-04-05,"Interior",576,0,576
"349","Black kite","Milvus migrans","Buzzards & Kites",2022,96,2022-04-06,"Coast",4519,0,4519
"350","Black kite","Milvus migrans","Buzzards & Kites",2022,96,2022-04-06,"Foothills",163,0,163
"351","Black kite","Milvus migrans","Buzzards & Kites",2022,96,2022-04-06,"Interior",248,0,248
"352","Black kite","Milvus migrans","Buzzards & Kites",2022,97,2022-04-07,"Coast",609,0,609
"353","Black kite","Milvus migrans","Buzzards & Kites",2022,97,2022-04-07,"Foothills",4,0,4
"354","Black kite","Milvus migrans","Buzzards & Kites",2022,98,2022-04-08,"Coast",8714,0,8714
"355","Black kite","Milvus migrans","Buzzards & Kites",2022,98,2022-04-08,"Foothills",105,0,105
"356","Black kite","Milvus migrans","Buzzards & Kites",2022,98,2022-04-08,"Interior",152,0,152
"357","Black kite","Milvus migrans","Buzzards & Kites",2022,99,2022-04-09,"Coast",4314,3,4311
"358","Black kite","Milvus migrans","Buzzards & Kites",2022,99,2022-04-09,"Foothills",577,2,575
"359","Black kite","Milvus migrans","Buzzards & Kites",2022,99,2022-04-09,"Interior",1301,0,1301
"360","Black kite","Milvus migrans","Buzzards & Kites",2022,100,2022-04-10,"Coast",5579,2,5577
"361","Black kite","Milvus migrans","Buzzards & Kites",2022,100,2022-04-10,"Foothills",82,0,82
"362","Black kite","Milvus migrans","Buzzards & Kites",2022,100,2022-04-10,"Interior",908,0,908
"363","Black kite","Milvus migrans","Buzzards & Kites",2022,101,2022-04-11,"Coast",2692,0,2692
"364","Black kite","Milvus migrans","Buzzards & Kites",2022,101,2022-04-11,"Foothills",176,0,176
"365","Black kite","Milvus migrans","Buzzards & Kites",2022,101,2022-04-11,"Interior",1294,0,1294
"366","Black kite","Milvus migrans","Buzzards & Kites",2022,103,2022-04-13,"Coast",31,0,31
"367","Black kite","Milvus migrans","Buzzards & Kites",2022,104,2022-04-14,"Coast",2587,2,2585
"368","Black kite","Milvus migrans","Buzzards & Kites",2022,104,2022-04-14,"Foothills",76,0,76
"369","Black kite","Milvus migrans","Buzzards & Kites",2022,104,2022-04-14,"Interior",462,0,462
"370","Black kite","Milvus migrans","Buzzards & Kites",2022,105,2022-04-15,"Coast",2467,2,2465
"371","Black kite","Milvus migrans","Buzzards & Kites",2022,105,2022-04-15,"Foothills",413,0,413
"372","Black kite","Milvus migrans","Buzzards & Kites",2022,105,2022-04-15,"Interior",328,0,328
"373","Black kite","Milvus migrans","Buzzards & Kites",2022,106,2022-04-16,"Coast",1816,0,1816
"374","Black kite","Milvus migrans","Buzzards & Kites",2022,106,2022-04-16,"Foothills",61,0,61
"375","Black kite","Milvus migrans","Buzzards & Kites",2022,106,2022-04-16,"Interior",304,0,304
"376","Black kite","Milvus migrans","Buzzards & Kites",2022,107,2022-04-17,"Coast",1551,1,1550
"377","Black kite","Milvus migrans","Buzzards & Kites",2022,107,2022-04-17,"Foothills",1482,0,1482
"378","Black kite","Milvus migrans","Buzzards & Kites",2022,107,2022-04-17,"Interior",1158,0,1158
"379","Black kite","Milvus migrans","Buzzards & Kites",2022,108,2022-04-18,"Coast",2242,2,2240
"380","Black kite","Milvus migrans","Buzzards & Kites",2022,108,2022-04-18,"Foothills",176,0,176
"381","Black kite","Milvus migrans","Buzzards & Kites",2022,108,2022-04-18,"Interior",790,0,790
"382","Black kite","Milvus migrans","Buzzards & Kites",2022,109,2022-04-19,"Coast",775,0,775
"383","Black kite","Milvus migrans","Buzzards & Kites",2022,110,2022-04-20,"Coast",4,0,4
"384","Black kite","Milvus migrans","Buzzards & Kites",2022,111,2022-04-21,"Coast",5315,0,5315
"385","Black kite","Milvus migrans","Buzzards & Kites",2022,111,2022-04-21,"Foothills",308,0,308
"386","Black kite","Milvus migrans","Buzzards & Kites",2022,111,2022-04-21,"Interior",789,0,789
"387","Black kite","Milvus migrans","Buzzards & Kites",2022,113,2022-04-23,"Coast",1479,1,1478
"388","Black kite","Milvus migrans","Buzzards & Kites",2022,113,2022-04-23,"Foothills",458,0,458
"389","Black kite","Milvus migrans","Buzzards & Kites",2022,113,2022-04-23,"Interior",336,0,336
"390","Black kite","Milvus migrans","Buzzards & Kites",2022,114,2022-04-24,"Coast",4505,0,4505
"391","Black kite","Milvus migrans","Buzzards & Kites",2022,114,2022-04-24,"Foothills",29,0,29
"392","Black kite","Milvus migrans","Buzzards & Kites",2022,114,2022-04-24,"Interior",549,0,549
"393","Black kite","Milvus migrans","Buzzards & Kites",2022,115,2022-04-25,"Coast",1059,0,1059
"394","Black kite","Milvus migrans","Buzzards & Kites",2022,115,2022-04-25,"Foothills",62,0,62
"395","Black kite","Milvus migrans","Buzzards & Kites",2022,115,2022-04-25,"Interior",89,0,89
"396","Black kite","Milvus migrans","Buzzards & Kites",2022,116,2022-04-26,"Coast",1539,0,1539
"397","Black kite","Milvus migrans","Buzzards & Kites",2022,116,2022-04-26,"Foothills",777,0,777
"398","Black kite","Milvus migrans","Buzzards & Kites",2022,116,2022-04-26,"Interior",472,0,472
"399","Black kite","Milvus migrans","Buzzards & Kites",2022,117,2022-04-27,"Coast",785,0,785
"400","Black kite","Milvus migrans","Buzzards & Kites",2022,117,2022-04-27,"Foothills",1027,0,1027
"401","Black kite","Milvus migrans","Buzzards & Kites",2022,117,2022-04-27,"Interior",176,0,176
"402","Black kite","Milvus migrans","Buzzards & Kites",2022,118,2022-04-28,"Coast",2023,0,2023
"403","Black kite","Milvus migrans","Buzzards & Kites",2022,118,2022-04-28,"Foothills",77,0,77
"404","Black kite","Milvus migrans","Buzzards & Kites",2022,118,2022-04-28,"Interior",294,0,294
"405","Black kite","Milvus migrans","Buzzards & Kites",2022,119,2022-04-29,"Coast",447,0,447
"406","Black kite","Milvus migrans","Buzzards & Kites",2022,119,2022-04-29,"Foothills",66,0,66
"407","Black kite","Milvus migrans","Buzzards & Kites",2022,123,2022-05-03,"Coast",2591,1,2590
"408","Black kite","Milvus migrans","Buzzards & Kites",2022,123,2022-05-03,"Foothills",11,0,11
"409","Black kite","Milvus migrans","Buzzards & Kites",2022,123,2022-05-03,"Interior",20,0,20
"410","Black kite","Milvus migrans","Buzzards & Kites",2022,124,2022-05-04,"Coast",366,0,366
"411","Black kite","Milvus migrans","Buzzards & Kites",2022,124,2022-05-04,"Foothills",2,0,2
"412","Black kite","Milvus migrans","Buzzards & Kites",2022,124,2022-05-04,"Interior",2,0,2
"413","Black kite","Milvus migrans","Buzzards & Kites",2022,126,2022-05-06,"Coast",460,0,460
"414","Black kite","Milvus migrans","Buzzards & Kites",2022,126,2022-05-06,"Foothills",2,0,2
"415","Black kite","Milvus migrans","Buzzards & Kites",2022,127,2022-05-07,"Coast",17,0,17
"416","Black kite","Milvus migrans","Buzzards & Kites",2022,128,2022-05-08,"Coast",917,0,917
"417","Black kite","Milvus migrans","Buzzards & Kites",2022,128,2022-05-08,"Foothills",123,0,123
"418","Black kite","Milvus migrans","Buzzards & Kites",2022,129,2022-05-09,"Coast",267,0,267
"419","Black kite","Milvus migrans","Buzzards & Kites",2022,130,2022-05-10,"Coast",1226,1,1225
"420","Black kite","Milvus migrans","Buzzards & Kites",2022,130,2022-05-10,"Foothills",61,0,61
"421","Black kite","Milvus migrans","Buzzards & Kites",2022,131,2022-05-11,"Coast",735,0,735
"422","Black kite","Milvus migrans","Buzzards & Kites",2022,131,2022-05-11,"Foothills",249,0,249
"423","Black kite","Milvus migrans","Buzzards & Kites",2022,131,2022-05-11,"Interior",168,0,168
"424","Black kite","Milvus migrans","Buzzards & Kites",2022,132,2022-05-12,"Coast",746,0,746
"425","Black kite","Milvus migrans","Buzzards & Kites",2022,132,2022-05-12,"Foothills",32,0,32
"426","Black kite","Milvus migrans","Buzzards & Kites",2022,132,2022-05-12,"Interior",2,0,2
"427","Black kite","Milvus migrans","Buzzards & Kites",2022,134,2022-05-14,"Coast",135,0,135
"428","Black kite","Milvus migrans","Buzzards & Kites",2022,134,2022-05-14,"Foothills",193,0,193
"429","Black kite","Milvus migrans","Buzzards & Kites",2022,134,2022-05-14,"Interior",59,0,59
"430","Black kite","Milvus migrans","Buzzards & Kites",2022,135,2022-05-15,"Coast",331,0,331
"431","Black kite","Milvus migrans","Buzzards & Kites",2022,135,2022-05-15,"Foothills",96,0,96
"432","Black kite","Milvus migrans","Buzzards & Kites",2022,135,2022-05-15,"Interior",314,0,314
"433","Black kite","Milvus migrans","Buzzards & Kites",2022,136,2022-05-16,"Coast",73,0,73
"434","Black kite","Milvus migrans","Buzzards & Kites",2022,136,2022-05-16,"Foothills",99,0,99
"435","Black kite","Milvus migrans","Buzzards & Kites",2022,137,2022-05-17,"Coast",4,0,4
"436","Black kite","Milvus migrans","Buzzards & Kites",2022,137,2022-05-17,"Interior",93,0,93
"437","Black kite","Milvus migrans","Buzzards & Kites",2022,138,2022-05-18,"Coast",38,0,38
"438","Black kite","Milvus migrans","Buzzards & Kites",2022,138,2022-05-18,"Foothills",2,0,2
"439","Black kite","Milvus migrans","Buzzards & Kites",2022,138,2022-05-18,"Interior",50,0,50
"440","Black kite","Milvus migrans","Buzzards & Kites",2022,141,2022-05-21,"Coast",40,0,40
"441","Black kite","Milvus migrans","Buzzards & Kites",2022,141,2022-05-21,"Foothills",73,0,73
"442","Black kite","Milvus migrans","Buzzards & Kites",2022,141,2022-05-21,"Interior",45,0,45
"443","Black kite","Milvus migrans","Buzzards & Kites",2022,145,2022-05-25,"Coast",243,0,243
"444","Black kite","Milvus migrans","Buzzards & Kites",2022,145,2022-05-25,"Foothills",142,0,142
"445","Black kite","Milvus migrans","Buzzards & Kites",2022,145,2022-05-25,"Interior",38,0,38
"446","Black kite","Milvus migrans","Buzzards & Kites",2022,146,2022-05-26,"Coast",40,0,40
"447","Black kite","Milvus migrans","Buzzards & Kites",2022,146,2022-05-26,"Foothills",112,0,112
"448","Black stork","Ciconia negra","Cranes, Storks & Pelicans",2019,80,2019-03-21,"Coast",3,0,3
"449","Black stork","Ciconia negra","Cranes, Storks & Pelicans",2019,80,2019-03-21,"Foothills",2,0,2
"450","Black stork","Ciconia negra","Cranes, Storks & Pelicans",2019,82,2019-03-23,"Coast",10,0,10
"451","Black stork","Ciconia negra","Cranes, Storks & Pelicans",2019,82,2019-03-23,"Foothills",3,0,3
"452","Black stork","Ciconia negra","Cranes, Storks & Pelicans",2019,83,2019-03-24,"Coast",3,0,3
"453","Black stork","Ciconia negra","Cranes, Storks & Pelicans",2019,84,2019-03-25,"Coast",4,0,4
"454","Black stork","Ciconia negra","Cranes, Storks & Pelicans",2019,85,2019-03-26,"Coast",7,0,7
"455","Black stork","Ciconia negra","Cranes, Storks & Pelicans",2019,88,2019-03-29,"Coast",5,0,5
"456","Black stork","Ciconia negra","Cranes, Storks & Pelicans",2019,89,2019-03-30,"Coast",4,0,4
"457","Black stork","Ciconia negra","Cranes, Storks & Pelicans",2019,90,2019-03-31,"Coast",4,0,4
"458","Black stork","Ciconia negra","Cranes, Storks & Pelicans",2019,93,2019-04-03,"Coast",18,0,18
"459","Black stork","Ciconia negra","Cranes, Storks & Pelicans",2019,93,2019-04-03,"Foothills",1,0,1
"460","Black stork","Ciconia negra","Cranes, Storks & Pelicans",2019,93,2019-04-03,"Interior",1,0,1
"461","Black stork","Ciconia negra","Cranes, Storks & Pelicans",2019,95,2019-04-05,"Coast",3,0,3
"462","Black stork","Ciconia negra","Cranes, Storks & Pelicans",2019,95,2019-04-05,"Interior",1,0,1
"463","Black stork","Ciconia negra","Cranes, Storks & Pelicans",2019,96,2019-04-06,"Coast",5,0,5
"464","Black stork","Ciconia negra","Cranes, Storks & Pelicans",2019,96,2019-04-06,"Foothills",1,0,1
"465","Black stork","Ciconia negra","Cranes, Storks & Pelicans",2019,97,2019-04-07,"Coast",8,0,8
"466","Black stork","Ciconia negra","Cranes, Storks & Pelicans",2019,97,2019-04-07,"Foothills",7,0,7
"467","Black stork","Ciconia negra","Cranes, Storks & Pelicans",2019,97,2019-04-07,"Interior",4,0,4
"468","Black stork","Ciconia negra","Cranes, Storks & Pelicans",2019,98,2019-04-08,"Coast",2,0,2
"469","Black stork","Ciconia negra","Cranes, Storks & Pelicans",2019,98,2019-04-08,"Interior",2,0,2
"470","Black stork","Ciconia negra","Cranes, Storks & Pelicans",2019,99,2019-04-09,"Interior",16,0,16
"471","Black stork","Ciconia negra","Cranes, Storks & Pelicans",2019,101,2019-04-11,"Coast",7,0,7
"472","Black stork","Ciconia negra","Cranes, Storks & Pelicans",2019,101,2019-04-11,"Interior",2,0,2
"473","Black stork","Ciconia negra","Cranes, Storks & Pelicans",2019,102,2019-04-12,"Coast",4,0,4
"474","Black stork","Ciconia negra","Cranes, Storks & Pelicans",2019,103,2019-04-13,"Coast",1,0,1
"475","Black stork","Ciconia negra","Cranes, Storks & Pelicans",2019,104,2019-04-14,"Coast",2,0,2
"476","Black stork","Ciconia negra","Cranes, Storks & Pelicans",2019,105,2019-04-15,"Coast",1,0,1
"477","Black stork","Ciconia negra","Cranes, Storks & Pelicans",2019,105,2019-04-15,"Interior",1,0,1
"478","Black stork","Ciconia negra","Cranes, Storks & Pelicans",2019,108,2019-04-18,"Coast",1,0,1
"479","Black stork","Ciconia negra","Cranes, Storks & Pelicans",2019,110,2019-04-20,"Coast",2,0,2
"480","Black stork","Ciconia negra","Cranes, Storks & Pelicans",2019,110,2019-04-20,"Interior",1,0,1
"481","Black stork","Ciconia negra","Cranes, Storks & Pelicans",2019,113,2019-04-23,"Coast",1,0,1
"482","Black stork","Ciconia negra","Cranes, Storks & Pelicans",2019,114,2019-04-24,"Coast",1,0,1
"483","Black stork","Ciconia negra","Cranes, Storks & Pelicans",2019,114,2019-04-24,"Foothills",10,0,10
"484","Black stork","Ciconia negra","Cranes, Storks & Pelicans",2019,115,2019-04-25,"Coast",3,0,3
"485","Black stork","Ciconia negra","Cranes, Storks & Pelicans",2019,115,2019-04-25,"Interior",1,0,1
"486","Black stork","Ciconia negra","Cranes, Storks & Pelicans",2019,116,2019-04-26,"Coast",2,0,2
"487","Black stork","Ciconia negra","Cranes, Storks & Pelicans",2019,116,2019-04-26,"Interior",2,0,2
"488","Black stork","Ciconia negra","Cranes, Storks & Pelicans",2019,117,2019-04-27,"Coast",6,0,6
"489","Black stork","Ciconia negra","Cranes, Storks & Pelicans",2019,117,2019-04-27,"Foothills",4,0,4
"490","Black stork","Ciconia negra","Cranes, Storks & Pelicans",2019,117,2019-04-27,"Interior",1,0,1
"491","Black stork","Ciconia negra","Cranes, Storks & Pelicans",2019,118,2019-04-28,"Coast",3,0,3
"492","Black stork","Ciconia negra","Cranes, Storks & Pelicans",2019,118,2019-04-28,"Foothills",1,0,1
"493","Black stork","Ciconia negra","Cranes, Storks & Pelicans",2019,120,2019-04-30,"Coast",1,0,1
"494","Black stork","Ciconia negra","Cranes, Storks & Pelicans",2019,120,2019-04-30,"Foothills",1,0,1
"495","Black stork","Ciconia negra","Cranes, Storks & Pelicans",2019,120,2019-04-30,"Interior",2,0,2
"496","Black stork","Ciconia negra","Cranes, Storks & Pelicans",2019,121,2019-05-01,"Coast",2,0,2
"497","Black stork","Ciconia negra","Cranes, Storks & Pelicans",2019,121,2019-05-01,"Foothills",7,0,7
"498","Black stork","Ciconia negra","Cranes, Storks & Pelicans",2019,122,2019-05-02,"Coast",3,0,3
"499","Black stork","Ciconia negra","Cranes, Storks & Pelicans",2019,122,2019-05-02,"Foothills",2,0,2
"500","Black stork","Ciconia negra","Cranes, Storks & Pelicans",2019,125,2019-05-05,"Coast",1,0,1
"501","Black stork","Ciconia negra","Cranes, Storks & Pelicans",2019,125,2019-05-05,"Foothills",4,0,4
"502","Black stork","Ciconia negra","Cranes, Storks & Pelicans",2019,126,2019-05-06,"Foothills",1,0,1
"503","Black stork","Ciconia negra","Cranes, Storks & Pelicans",2019,127,2019-05-07,"Foothills",1,0,1
"504","Black stork","Ciconia negra","Cranes, Storks & Pelicans",2019,128,2019-05-08,"Coast",1,0,1
"505","Black stork","Ciconia negra","Cranes, Storks & Pelicans",2019,129,2019-05-09,"Coast",2,0,2
"506","Black stork","Ciconia negra","Cranes, Storks & Pelicans",2019,130,2019-05-10,"Coast",6,0,6
"507","Black stork","Ciconia negra","Cranes, Storks & Pelicans",2019,130,2019-05-10,"Foothills",7,0,7
"508","Black stork","Ciconia negra","Cranes, Storks & Pelicans",2019,130,2019-05-10,"Interior",2,0,2
"509","Black stork","Ciconia negra","Cranes, Storks & Pelicans",2019,131,2019-05-11,"Coast",3,0,3
"510","Black stork","Ciconia negra","Cranes, Storks & Pelicans",2019,131,2019-05-11,"Foothills",4,0,4
"511","Black stork","Ciconia negra","Cranes, Storks & Pelicans",2019,133,2019-05-13,"Foothills",1,0,1
"512","Black stork","Ciconia negra","Cranes, Storks & Pelicans",2019,133,2019-05-13,"Interior",1,0,1
"513","Black stork","Ciconia negra","Cranes, Storks & Pelicans",2019,134,2019-05-14,"Coast",1,0,1
"514","Black stork","Ciconia negra","Cranes, Storks & Pelicans",2019,135,2019-05-15,"Coast",5,0,5
"515","Black stork","Ciconia negra","Cranes, Storks & Pelicans",2019,135,2019-05-15,"Foothills",1,0,1
"516","Black stork","Ciconia negra","Cranes, Storks & Pelicans",2019,137,2019-05-17,"Foothills",1,0,1
"517","Black stork","Ciconia negra","Cranes, Storks & Pelicans",2019,138,2019-05-18,"Coast",3,0,3
"518","Black stork","Ciconia negra","Cranes, Storks & Pelicans",2019,138,2019-05-18,"Foothills",1,0,1
"519","Black stork","Ciconia negra","Cranes, Storks & Pelicans",2019,139,2019-05-19,"Coast",1,0,1
"520","Black stork","Ciconia negra","Cranes, Storks & Pelicans",2019,139,2019-05-19,"Foothills",3,0,3
"521","Black stork","Ciconia negra","Cranes, Storks & Pelicans",2019,139,2019-05-19,"Interior",1,0,1
"522","Black stork","Ciconia negra","Cranes, Storks & Pelicans",2019,140,2019-05-20,"Coast",6,0,6
"523","Black stork","Ciconia negra","Cranes, Storks & Pelicans",2019,140,2019-05-20,"Foothills",1,0,1
"524","Black stork","Ciconia negra","Cranes, Storks & Pelicans",2019,141,2019-05-21,"Coast",4,0,4
"525","Black stork","Ciconia negra","Cranes, Storks & Pelicans",2019,141,2019-05-21,"Foothills",4,0,4
"526","Black stork","Ciconia negra","Cranes, Storks & Pelicans",2019,141,2019-05-21,"Interior",2,0,2
"527","Black stork","Ciconia negra","Cranes, Storks & Pelicans",2019,147,2019-05-27,"Coast",2,0,2
"528","Black stork","Ciconia negra","Cranes, Storks & Pelicans",2019,147,2019-05-27,"Foothills",1,0,1
"529","Black stork","Ciconia negra","Cranes, Storks & Pelicans",2019,150,2019-05-30,"Foothills",1,0,1
"530","Black stork","Ciconia negra","Cranes, Storks & Pelicans",2020,62,2020-03-02,"Coast",2,0,2
"531","Black stork","Ciconia negra","Cranes, Storks & Pelicans",2020,62,2020-03-02,"Foothills",1,0,1
"532","Black stork","Ciconia negra","Cranes, Storks & Pelicans",2020,63,2020-03-03,"Coast",6,0,6
"533","Black stork","Ciconia negra","Cranes, Storks & Pelicans",2020,63,2020-03-03,"Foothills",1,0,1
"534","Black stork","Ciconia negra","Cranes, Storks & Pelicans",2020,65,2020-03-05,"Foothills",1,0,1
"535","Black stork","Ciconia negra","Cranes, Storks & Pelicans",2020,66,2020-03-06,"Coast",2,0,2
"536","Black stork","Ciconia negra","Cranes, Storks & Pelicans",2020,66,2020-03-06,"Foothills",4,0,4
"537","Black stork","Ciconia negra","Cranes, Storks & Pelicans",2020,67,2020-03-07,"Coast",4,0,4
"538","Black stork","Ciconia negra","Cranes, Storks & Pelicans",2020,69,2020-03-09,"Foothills",2,0,2
"539","Black stork","Ciconia negra","Cranes, Storks & Pelicans",2020,70,2020-03-10,"Coast",4,0,4
"540","Black stork","Ciconia negra","Cranes, Storks & Pelicans",2020,70,2020-03-10,"Foothills",19,0,19
"541","Black stork","Ciconia negra","Cranes, Storks & Pelicans",2020,71,2020-03-11,"Coast",8,0,8
"542","Black stork","Ciconia negra","Cranes, Storks & Pelicans",2020,71,2020-03-11,"Foothills",9,0,9
"543","Black stork","Ciconia negra","Cranes, Storks & Pelicans",2020,72,2020-03-12,"Coast",2,0,2
"544","Black stork","Ciconia negra","Cranes, Storks & Pelicans",2020,73,2020-03-13,"Foothills",2,0,2
"545","Black stork","Ciconia negra","Cranes, Storks & Pelicans",2020,77,2020-03-17,"Coast",5,0,5
"546","Black stork","Ciconia negra","Cranes, Storks & Pelicans",2020,79,2020-03-19,"Coast",1,0,1
"547","Black stork","Ciconia negra","Cranes, Storks & Pelicans",2020,79,2020-03-19,"Foothills",1,0,1
"548","Black stork","Ciconia negra","Cranes, Storks & Pelicans",2020,80,2020-03-20,"Coast",18,0,18
"549","Black stork","Ciconia negra","Cranes, Storks & Pelicans",2020,80,2020-03-20,"Foothills",1,0,1
"550","Black stork","Ciconia negra","Cranes, Storks & Pelicans",2020,81,2020-03-21,"Coast",4,0,4
"551","Black stork","Ciconia negra","Cranes, Storks & Pelicans",2020,82,2020-03-22,"Coast",50,0,50
"552","Black stork","Ciconia negra","Cranes, Storks & Pelicans",2020,82,2020-03-22,"Foothills",14,0,14
"553","Black stork","Ciconia negra","Cranes, Storks & Pelicans",2020,82,2020-03-22,"Interior",6,0,6
"554","Black stork","Ciconia negra","Cranes, Storks & Pelicans",2020,83,2020-03-23,"Coast",12,0,12
"555","Black stork","Ciconia negra","Cranes, Storks & Pelicans",2020,83,2020-03-23,"Foothills",7,0,7
"556","Black stork","Ciconia negra","Cranes, Storks & Pelicans",2020,83,2020-03-23,"Interior",22,0,22
"557","Black stork","Ciconia negra","Cranes, Storks & Pelicans",2020,84,2020-03-24,"Coast",21,0,21
"558","Black stork","Ciconia negra","Cranes, Storks & Pelicans",2020,84,2020-03-24,"Foothills",6,0,6
"559","Black stork","Ciconia negra","Cranes, Storks & Pelicans",2020,88,2020-03-28,"Coast",2,0,2
"560","Black stork","Ciconia negra","Cranes, Storks & Pelicans",2020,91,2020-03-31,"Coast",12,0,12
"561","Black stork","Ciconia negra","Cranes, Storks & Pelicans",2020,91,2020-03-31,"Foothills",4,0,4
"562","Black stork","Ciconia negra","Cranes, Storks & Pelicans",2020,91,2020-03-31,"Interior",8,0,8
"563","Black stork","Ciconia negra","Cranes, Storks & Pelicans",2020,92,2020-04-01,"Coast",21,0,21
"564","Black stork","Ciconia negra","Cranes, Storks & Pelicans",2020,92,2020-04-01,"Foothills",4,0,4
"565","Black stork","Ciconia negra","Cranes, Storks & Pelicans",2020,93,2020-04-02,"Coast",1,0,1
"566","Black stork","Ciconia negra","Cranes, Storks & Pelicans",2020,94,2020-04-03,"Coast",8,0,8
"567","Black stork","Ciconia negra","Cranes, Storks & Pelicans",2020,95,2020-04-04,"Coast",4,0,4
"568","Black stork","Ciconia negra","Cranes, Storks & Pelicans",2020,95,2020-04-04,"Foothills",1,0,1
"569","Black stork","Ciconia negra","Cranes, Storks & Pelicans",2020,95,2020-04-04,"Interior",1,0,1
"570","Black stork","Ciconia negra","Cranes, Storks & Pelicans",2020,96,2020-04-05,"Coast",6,0,6
"571","Black stork","Ciconia negra","Cranes, Storks & Pelicans",2020,96,2020-04-05,"Foothills",2,0,2
"572","Black stork","Ciconia negra","Cranes, Storks & Pelicans",2020,97,2020-04-06,"Coast",8,0,8
"573","Black stork","Ciconia negra","Cranes, Storks & Pelicans",2020,99,2020-04-08,"Coast",22,0,22
"574","Black stork","Ciconia negra","Cranes, Storks & Pelicans",2020,99,2020-04-08,"Interior",1,0,1
"575","Black stork","Ciconia negra","Cranes, Storks & Pelicans",2020,101,2020-04-10,"Coast",4,0,4
"576","Black stork","Ciconia negra","Cranes, Storks & Pelicans",2020,102,2020-04-11,"Coast",2,0,2
"577","Black stork","Ciconia negra","Cranes, Storks & Pelicans",2020,102,2020-04-11,"Foothills",1,0,1
"578","Black stork","Ciconia negra","Cranes, Storks & Pelicans",2020,104,2020-04-13,"Foothills",5,0,5
"579","Black stork","Ciconia negra","Cranes, Storks & Pelicans",2020,104,2020-04-13,"Interior",2,0,2
"580","Black stork","Ciconia negra","Cranes, Storks & Pelicans",2020,105,2020-04-14,"Coast",8,0,8
"581","Black stork","Ciconia negra","Cranes, Storks & Pelicans",2020,106,2020-04-15,"Coast",4,0,4
"582","Black stork","Ciconia negra","Cranes, Storks & Pelicans",2020,106,2020-04-15,"Foothills",4,0,4
"583","Black stork","Ciconia negra","Cranes, Storks & Pelicans",2020,106,2020-04-15,"Interior",1,0,1
"584","Black stork","Ciconia negra","Cranes, Storks & Pelicans",2020,108,2020-04-17,"Coast",1,0,1
"585","Black stork","Ciconia negra","Cranes, Storks & Pelicans",2020,108,2020-04-17,"Foothills",0,1,-1
"586","Black stork","Ciconia negra","Cranes, Storks & Pelicans",2020,109,2020-04-18,"Coast",5,0,5
"587","Black stork","Ciconia negra","Cranes, Storks & Pelicans",2020,110,2020-04-19,"Coast",25,0,25
"588","Black stork","Ciconia negra","Cranes, Storks & Pelicans",2020,110,2020-04-19,"Foothills",1,0,1
"589","Black stork","Ciconia negra","Cranes, Storks & Pelicans",2020,110,2020-04-19,"Interior",2,0,2
"590","Black stork","Ciconia negra","Cranes, Storks & Pelicans",2020,111,2020-04-20,"Foothills",3,0,3
"591","Black stork","Ciconia negra","Cranes, Storks & Pelicans",2020,111,2020-04-20,"Interior",3,0,3
"592","Black stork","Ciconia negra","Cranes, Storks & Pelicans",2020,114,2020-04-23,"Coast",5,0,5
"593","Black stork","Ciconia negra","Cranes, Storks & Pelicans",2020,115,2020-04-24,"Coast",11,0,11
"594","Black stork","Ciconia negra","Cranes, Storks & Pelicans",2020,116,2020-04-25,"Coast",5,0,5
"595","Black stork","Ciconia negra","Cranes, Storks & Pelicans",2020,116,2020-04-25,"Foothills",4,0,4
"596","Black stork","Ciconia negra","Cranes, Storks & Pelicans",2020,117,2020-04-26,"Coast",1,0,1
"597","Black stork","Ciconia negra","Cranes, Storks & Pelicans",2020,117,2020-04-26,"Interior",1,0,1
"598","Black stork","Ciconia negra","Cranes, Storks & Pelicans",2020,118,2020-04-27,"Coast",2,0,2
"599","Black stork","Ciconia negra","Cranes, Storks & Pelicans",2020,118,2020-04-27,"Foothills",6,0,6
"600","Black stork","Ciconia negra","Cranes, Storks & Pelicans",2020,120,2020-04-29,"Coast",4,0,4
"601","Black stork","Ciconia negra","Cranes, Storks & Pelicans",2020,120,2020-04-29,"Foothills",1,0,1
"602","Black stork","Ciconia negra","Cranes, Storks & Pelicans",2020,121,2020-04-30,"Coast",1,0,1
"603","Black stork","Ciconia negra","Cranes, Storks & Pelicans",2020,121,2020-04-30,"Foothills",2,0,2
"604","Black stork","Ciconia negra","Cranes, Storks & Pelicans",2020,122,2020-05-01,"Interior",2,0,2
"605","Black stork","Ciconia negra","Cranes, Storks & Pelicans",2020,124,2020-05-03,"Foothills",1,0,1
"606","Black stork","Ciconia negra","Cranes, Storks & Pelicans",2020,128,2020-05-07,"Foothills",1,0,1
"607","Black stork","Ciconia negra","Cranes, Storks & Pelicans",2020,128,2020-05-07,"Interior",2,0,2
"608","Black stork","Ciconia negra","Cranes, Storks & Pelicans",2020,130,2020-05-09,"Coast",11,0,11
"609","Black stork","Ciconia negra","Cranes, Storks & Pelicans",2020,130,2020-05-09,"Foothills",2,0,2
"610","Black stork","Ciconia negra","Cranes, Storks & Pelicans",2020,131,2020-05-10,"Coast",4,0,4
"611","Black stork","Ciconia negra","Cranes, Storks & Pelicans",2020,131,2020-05-10,"Foothills",2,0,2
"612","Black stork","Ciconia negra","Cranes, Storks & Pelicans",2020,132,2020-05-11,"Coast",4,0,4
"613","Black stork","Ciconia negra","Cranes, Storks & Pelicans",2020,132,2020-05-11,"Interior",1,0,1
"614","Black stork","Ciconia negra","Cranes, Storks & Pelicans",2020,134,2020-05-13,"Coast",2,0,2
"615","Black stork","Ciconia negra","Cranes, Storks & Pelicans",2020,134,2020-05-13,"Foothills",2,0,2
"616","Black stork","Ciconia negra","Cranes, Storks & Pelicans",2020,135,2020-05-14,"Coast",1,0,1
"617","Black stork","Ciconia negra","Cranes, Storks & Pelicans",2020,136,2020-05-15,"Foothills",1,0,1
"618","Black stork","Ciconia negra","Cranes, Storks & Pelicans",2020,140,2020-05-19,"Coast",5,0,5
"619","Black stork","Ciconia negra","Cranes, Storks & Pelicans",2020,141,2020-05-20,"Coast",2,0,2
"620","Black stork","Ciconia negra","Cranes, Storks & Pelicans",2020,143,2020-05-22,"Foothills",1,0,1
"621","Black stork","Ciconia negra","Cranes, Storks & Pelicans",2022,64,2022-03-05,"Coast",6,0,6
"622","Black stork","Ciconia negra","Cranes, Storks & Pelicans",2022,65,2022-03-06,"Coast",1,0,1
"623","Black stork","Ciconia negra","Cranes, Storks & Pelicans",2022,69,2022-03-10,"Coast",1,0,1
"624","Black stork","Ciconia negra","Cranes, Storks & Pelicans",2022,73,2022-03-14,"Coast",7,0,7
"625","Black stork","Ciconia negra","Cranes, Storks & Pelicans",2022,77,2022-03-18,"Coast",3,0,3
"626","Black stork","Ciconia negra","Cranes, Storks & Pelicans",2022,77,2022-03-18,"Interior",1,0,1
"627","Black stork","Ciconia negra","Cranes, Storks & Pelicans",2022,79,2022-03-20,"Coast",18,0,18
"628","Black stork","Ciconia negra","Cranes, Storks & Pelicans",2022,80,2022-03-21,"Coast",9,0,9
"629","Black stork","Ciconia negra","Cranes, Storks & Pelicans",2022,80,2022-03-21,"Foothills",3,0,3
"630","Black stork","Ciconia negra","Cranes, Storks & Pelicans",2022,81,2022-03-22,"Coast",1,0,1
"631","Black stork","Ciconia negra","Cranes, Storks & Pelicans",2022,82,2022-03-23,"Coast",35,0,35
"632","Black stork","Ciconia negra","Cranes, Storks & Pelicans",2022,82,2022-03-23,"Foothills",1,0,1
"633","Black stork","Ciconia negra","Cranes, Storks & Pelicans",2022,83,2022-03-24,"Coast",19,0,19
"634","Black stork","Ciconia negra","Cranes, Storks & Pelicans",2022,83,2022-03-24,"Foothills",1,0,1
"635","Black stork","Ciconia negra","Cranes, Storks & Pelicans",2022,84,2022-03-25,"Coast",60,0,60
"636","Black stork","Ciconia negra","Cranes, Storks & Pelicans",2022,84,2022-03-25,"Foothills",4,0,4
"637","Black stork","Ciconia negra","Cranes, Storks & Pelicans",2022,85,2022-03-26,"Coast",12,0,12
"638","Black stork","Ciconia negra","Cranes, Storks & Pelicans",2022,86,2022-03-27,"Coast",19,0,19
"639","Black stork","Ciconia negra","Cranes, Storks & Pelicans",2022,86,2022-03-27,"Interior",9,0,9
"640","Black stork","Ciconia negra","Cranes, Storks & Pelicans",2022,87,2022-03-28,"Coast",14,0,14
"641","Black stork","Ciconia negra","Cranes, Storks & Pelicans",2022,88,2022-03-29,"Coast",30,0,30
"642","Black stork","Ciconia negra","Cranes, Storks & Pelicans",2022,88,2022-03-29,"Foothills",9,0,9
"643","Black stork","Ciconia negra","Cranes, Storks & Pelicans",2022,88,2022-03-29,"Interior",3,0,3
"644","Black stork","Ciconia negra","Cranes, Storks & Pelicans",2022,89,2022-03-30,"Coast",22,0,22
"645","Black stork","Ciconia negra","Cranes, Storks & Pelicans",2022,89,2022-03-30,"Foothills",8,0,8
"646","Black stork","Ciconia negra","Cranes, Storks & Pelicans",2022,89,2022-03-30,"Interior",2,0,2
"647","Black stork","Ciconia negra","Cranes, Storks & Pelicans",2022,90,2022-03-31,"Coast",9,0,9
"648","Black stork","Ciconia negra","Cranes, Storks & Pelicans",2022,90,2022-03-31,"Foothills",13,0,13
"649","Black stork","Ciconia negra","Cranes, Storks & Pelicans",2022,90,2022-03-31,"Interior",5,0,5
"650","Black stork","Ciconia negra","Cranes, Storks & Pelicans",2022,91,2022-04-01,"Coast",12,0,12
"651","Black stork","Ciconia negra","Cranes, Storks & Pelicans",2022,91,2022-04-01,"Foothills",1,0,1
"652","Black stork","Ciconia negra","Cranes, Storks & Pelicans",2022,91,2022-04-01,"Interior",5,0,5
"653","Black stork","Ciconia negra","Cranes, Storks & Pelicans",2022,92,2022-04-02,"Coast",7,0,7
"654","Black stork","Ciconia negra","Cranes, Storks & Pelicans",2022,92,2022-04-02,"Foothills",1,0,1
"655","Black stork","Ciconia negra","Cranes, Storks & Pelicans",2022,92,2022-04-02,"Interior",1,0,1
"656","Black stork","Ciconia negra","Cranes, Storks & Pelicans",2022,93,2022-04-03,"Coast",12,0,12
"657","Black stork","Ciconia negra","Cranes, Storks & Pelicans",2022,94,2022-04-04,"Coast",7,0,7
"658","Black stork","Ciconia negra","Cranes, Storks & Pelicans",2022,94,2022-04-04,"Foothills",4,0,4
"659","Black stork","Ciconia negra","Cranes, Storks & Pelicans",2022,94,2022-04-04,"Interior",5,0,5
"660","Black stork","Ciconia negra","Cranes, Storks & Pelicans",2022,95,2022-04-05,"Coast",2,0,2
"661","Black stork","Ciconia negra","Cranes, Storks & Pelicans",2022,95,2022-04-05,"Foothills",1,0,1
"662","Black stork","Ciconia negra","Cranes, Storks & Pelicans",2022,96,2022-04-06,"Coast",2,0,2
"663","Black stork","Ciconia negra","Cranes, Storks & Pelicans",2022,96,2022-04-06,"Foothills",1,0,1
"664","Black stork","Ciconia negra","Cranes, Storks & Pelicans",2022,97,2022-04-07,"Coast",2,0,2
"665","Black stork","Ciconia negra","Cranes, Storks & Pelicans",2022,98,2022-04-08,"Coast",7,0,7
"666","Black stork","Ciconia negra","Cranes, Storks & Pelicans",2022,98,2022-04-08,"Foothills",4,0,4
"667","Black stork","Ciconia negra","Cranes, Storks & Pelicans",2022,99,2022-04-09,"Coast",3,0,3
"668","Black stork","Ciconia negra","Cranes, Storks & Pelicans",2022,99,2022-04-09,"Foothills",2,0,2
"669","Black stork","Ciconia negra","Cranes, Storks & Pelicans",2022,99,2022-04-09,"Interior",6,0,6
"670","Black stork","Ciconia negra","Cranes, Storks & Pelicans",2022,100,2022-04-10,"Coast",11,0,11
"671","Black stork","Ciconia negra","Cranes, Storks & Pelicans",2022,100,2022-04-10,"Foothills",1,0,1
"672","Black stork","Ciconia negra","Cranes, Storks & Pelicans",2022,101,2022-04-11,"Interior",1,0,1
"673","Black stork","Ciconia negra","Cranes, Storks & Pelicans",2022,104,2022-04-14,"Coast",2,0,2
"674","Black stork","Ciconia negra","Cranes, Storks & Pelicans",2022,105,2022-04-15,"Coast",4,0,4
"675","Black stork","Ciconia negra","Cranes, Storks & Pelicans",2022,105,2022-04-15,"Foothills",1,0,1
"676","Black stork","Ciconia negra","Cranes, Storks & Pelicans",2022,105,2022-04-15,"Interior",1,0,1
"677","Black stork","Ciconia negra","Cranes, Storks & Pelicans",2022,106,2022-04-16,"Coast",4,0,4
"678","Black stork","Ciconia negra","Cranes, Storks & Pelicans",2022,106,2022-04-16,"Interior",3,0,3
"679","Black stork","Ciconia negra","Cranes, Storks & Pelicans",2022,107,2022-04-17,"Coast",3,0,3
"680","Black stork","Ciconia negra","Cranes, Storks & Pelicans",2022,107,2022-04-17,"Interior",1,0,1
"681","Black stork","Ciconia negra","Cranes, Storks & Pelicans",2022,108,2022-04-18,"Coast",6,0,6
"682","Black stork","Ciconia negra","Cranes, Storks & Pelicans",2022,109,2022-04-19,"Coast",1,0,1
"683","Black stork","Ciconia negra","Cranes, Storks & Pelicans",2022,111,2022-04-21,"Coast",4,0,4
"684","Black stork","Ciconia negra","Cranes, Storks & Pelicans",2022,111,2022-04-21,"Foothills",1,0,1
"685","Black stork","Ciconia negra","Cranes, Storks & Pelicans",2022,111,2022-04-21,"Interior",5,0,5
"686","Black stork","Ciconia negra","Cranes, Storks & Pelicans",2022,113,2022-04-23,"Coast",3,0,3
"687","Black stork","Ciconia negra","Cranes, Storks & Pelicans",2022,113,2022-04-23,"Interior",1,0,1
"688","Black stork","Ciconia negra","Cranes, Storks & Pelicans",2022,114,2022-04-24,"Coast",1,0,1
"689","Black stork","Ciconia negra","Cranes, Storks & Pelicans",2022,114,2022-04-24,"Foothills",2,0,2
"690","Black stork","Ciconia negra","Cranes, Storks & Pelicans",2022,115,2022-04-25,"Coast",5,0,5
"691","Black stork","Ciconia negra","Cranes, Storks & Pelicans",2022,116,2022-04-26,"Coast",4,0,4
"692","Black stork","Ciconia negra","Cranes, Storks & Pelicans",2022,116,2022-04-26,"Foothills",1,0,1
"693","Black stork","Ciconia negra","Cranes, Storks & Pelicans",2022,116,2022-04-26,"Interior",1,0,1
"694","Black stork","Ciconia negra","Cranes, Storks & Pelicans",2022,117,2022-04-27,"Coast",3,0,3
"695","Black stork","Ciconia negra","Cranes, Storks & Pelicans",2022,117,2022-04-27,"Foothills",2,0,2
"696","Black stork","Ciconia negra","Cranes, Storks & Pelicans",2022,118,2022-04-28,"Coast",4,0,4
"697","Black stork","Ciconia negra","Cranes, Storks & Pelicans",2022,118,2022-04-28,"Foothills",5,0,5
"698","Black stork","Ciconia negra","Cranes, Storks & Pelicans",2022,123,2022-05-03,"Coast",3,0,3
"699","Black stork","Ciconia negra","Cranes, Storks & Pelicans",2022,123,2022-05-03,"Foothills",2,0,2
"700","Black stork","Ciconia negra","Cranes, Storks & Pelicans",2022,124,2022-05-04,"Coast",1,0,1
"701","Black stork","Ciconia negra","Cranes, Storks & Pelicans",2022,126,2022-05-06,"Coast",1,0,1
"702","Black stork","Ciconia negra","Cranes, Storks & Pelicans",2022,128,2022-05-08,"Coast",2,0,2
"703","Black stork","Ciconia negra","Cranes, Storks & Pelicans",2022,130,2022-05-10,"Coast",17,0,17
"704","Black stork","Ciconia negra","Cranes, Storks & Pelicans",2022,130,2022-05-10,"Foothills",4,0,4
"705","Black stork","Ciconia negra","Cranes, Storks & Pelicans",2022,131,2022-05-11,"Coast",3,0,3
"706","Black stork","Ciconia negra","Cranes, Storks & Pelicans",2022,131,2022-05-11,"Interior",3,0,3
"707","Black stork","Ciconia negra","Cranes, Storks & Pelicans",2022,132,2022-05-12,"Coast",3,0,3
"708","Black stork","Ciconia negra","Cranes, Storks & Pelicans",2022,134,2022-05-14,"Coast",1,0,1
"709","Black stork","Ciconia negra","Cranes, Storks & Pelicans",2022,134,2022-05-14,"Foothills",2,0,2
"710","Black stork","Ciconia negra","Cranes, Storks & Pelicans",2022,135,2022-05-15,"Coast",1,0,1
"711","Black stork","Ciconia negra","Cranes, Storks & Pelicans",2022,137,2022-05-17,"Interior",1,0,1
"712","Black stork","Ciconia negra","Cranes, Storks & Pelicans",2022,141,2022-05-21,"Foothills",5,0,5
"713","Black stork","Ciconia negra","Cranes, Storks & Pelicans",2022,145,2022-05-25,"Coast",4,0,4
"714","Black stork","Ciconia negra","Cranes, Storks & Pelicans",2022,146,2022-05-26,"Foothills",2,0,2
"715","Black vulture","Aegypius monachus","Rare",2019,82,2019-03-23,"Coast",1,0,1
"716","Black vulture","Aegypius monachus","Rare",2020,115,2020-04-24,"Coast",0,1,-1
"717","Black vulture","Aegypius monachus","Rare",2020,131,2020-05-10,"Foothills",1,0,1
"718","Black vulture","Aegypius monachus","Rare",2022,85,2022-03-26,"Coast",1,0,1
"719","Black vulture","Aegypius monachus","Rare",2022,97,2022-04-07,"Coast",1,0,1
"720","Booted eagle","Hieraaetus pennatus","Eagles",2019,80,2019-03-21,"Coast",1,0,1
"721","Booted eagle","Hieraaetus pennatus","Eagles",2019,82,2019-03-23,"Coast",3,0,3
"722","Booted eagle","Hieraaetus pennatus","Eagles",2019,84,2019-03-25,"Coast",2,0,2
"723","Booted eagle","Hieraaetus pennatus","Eagles",2019,85,2019-03-26,"Coast",1,0,1
"724","Booted eagle","Hieraaetus pennatus","Eagles",2019,88,2019-03-29,"Coast",5,0,5
"725","Booted eagle","Hieraaetus pennatus","Eagles",2019,88,2019-03-29,"Foothills",1,0,1
"726","Booted eagle","Hieraaetus pennatus","Eagles",2019,89,2019-03-30,"Coast",1,0,1
"727","Booted eagle","Hieraaetus pennatus","Eagles",2019,90,2019-03-31,"Coast",6,0,6
"728","Booted eagle","Hieraaetus pennatus","Eagles",2019,93,2019-04-03,"Coast",60,0,60
"729","Booted eagle","Hieraaetus pennatus","Eagles",2019,93,2019-04-03,"Foothills",2,0,2
"730","Booted eagle","Hieraaetus pennatus","Eagles",2019,94,2019-04-04,"Coast",45,0,45
"731","Booted eagle","Hieraaetus pennatus","Eagles",2019,94,2019-04-04,"Foothills",1,0,1
"732","Booted eagle","Hieraaetus pennatus","Eagles",2019,95,2019-04-05,"Coast",78,0,78
"733","Booted eagle","Hieraaetus pennatus","Eagles",2019,95,2019-04-05,"Foothills",4,0,4
"734","Booted eagle","Hieraaetus pennatus","Eagles",2019,95,2019-04-05,"Interior",2,0,2
"735","Booted eagle","Hieraaetus pennatus","Eagles",2019,96,2019-04-06,"Coast",114,0,114
"736","Booted eagle","Hieraaetus pennatus","Eagles",2019,96,2019-04-06,"Foothills",14,0,14
"737","Booted eagle","Hieraaetus pennatus","Eagles",2019,96,2019-04-06,"Interior",4,0,4
"738","Booted eagle","Hieraaetus pennatus","Eagles",2019,97,2019-04-07,"Coast",87,0,87
"739","Booted eagle","Hieraaetus pennatus","Eagles",2019,97,2019-04-07,"Foothills",4,0,4
"740","Booted eagle","Hieraaetus pennatus","Eagles",2019,97,2019-04-07,"Interior",8,0,8
"741","Booted eagle","Hieraaetus pennatus","Eagles",2019,98,2019-04-08,"Coast",58,0,58
"742","Booted eagle","Hieraaetus pennatus","Eagles",2019,98,2019-04-08,"Foothills",4,0,4
"743","Booted eagle","Hieraaetus pennatus","Eagles",2019,99,2019-04-09,"Coast",1,0,1
"744","Booted eagle","Hieraaetus pennatus","Eagles",2019,99,2019-04-09,"Foothills",1,0,1
"745","Booted eagle","Hieraaetus pennatus","Eagles",2019,101,2019-04-11,"Coast",34,0,34
"746","Booted eagle","Hieraaetus pennatus","Eagles",2019,101,2019-04-11,"Foothills",6,0,6
"747","Booted eagle","Hieraaetus pennatus","Eagles",2019,101,2019-04-11,"Interior",6,0,6
"748","Booted eagle","Hieraaetus pennatus","Eagles",2019,102,2019-04-12,"Coast",14,0,14
"749","Booted eagle","Hieraaetus pennatus","Eagles",2019,102,2019-04-12,"Foothills",4,0,4
"750","Booted eagle","Hieraaetus pennatus","Eagles",2019,103,2019-04-13,"Coast",8,0,8
"751","Booted eagle","Hieraaetus pennatus","Eagles",2019,104,2019-04-14,"Foothills",2,0,2
"752","Booted eagle","Hieraaetus pennatus","Eagles",2019,105,2019-04-15,"Coast",13,0,13
"753","Booted eagle","Hieraaetus pennatus","Eagles",2019,108,2019-04-18,"Coast",19,0,19
"754","Booted eagle","Hieraaetus pennatus","Eagles",2019,108,2019-04-18,"Foothills",4,0,4
"755","Booted eagle","Hieraaetus pennatus","Eagles",2019,110,2019-04-20,"Coast",19,0,19
"756","Booted eagle","Hieraaetus pennatus","Eagles",2019,110,2019-04-20,"Foothills",6,0,6
"757","Booted eagle","Hieraaetus pennatus","Eagles",2019,112,2019-04-22,"Coast",14,0,14
"758","Booted eagle","Hieraaetus pennatus","Eagles",2019,113,2019-04-23,"Coast",9,0,9
"759","Booted eagle","Hieraaetus pennatus","Eagles",2019,114,2019-04-24,"Coast",14,0,14
"760","Booted eagle","Hieraaetus pennatus","Eagles",2019,114,2019-04-24,"Foothills",3,0,3
"761","Booted eagle","Hieraaetus pennatus","Eagles",2019,115,2019-04-25,"Coast",17,0,17
"762","Booted eagle","Hieraaetus pennatus","Eagles",2019,115,2019-04-25,"Foothills",2,0,2
"763","Booted eagle","Hieraaetus pennatus","Eagles",2019,116,2019-04-26,"Foothills",10,0,10
"764","Booted eagle","Hieraaetus pennatus","Eagles",2019,116,2019-04-26,"Interior",2,0,2
"765","Booted eagle","Hieraaetus pennatus","Eagles",2019,117,2019-04-27,"Coast",21,0,21
"766","Booted eagle","Hieraaetus pennatus","Eagles",2019,117,2019-04-27,"Foothills",1,0,1
"767","Booted eagle","Hieraaetus pennatus","Eagles",2019,118,2019-04-28,"Coast",8,0,8
"768","Booted eagle","Hieraaetus pennatus","Eagles",2019,119,2019-04-29,"Foothills",3,0,3
"769","Booted eagle","Hieraaetus pennatus","Eagles",2019,120,2019-04-30,"Coast",3,0,3
"770","Booted eagle","Hieraaetus pennatus","Eagles",2019,120,2019-04-30,"Foothills",1,0,1
"771","Booted eagle","Hieraaetus pennatus","Eagles",2019,121,2019-05-01,"Coast",3,0,3
"772","Booted eagle","Hieraaetus pennatus","Eagles",2019,122,2019-05-02,"Coast",1,0,1
"773","Booted eagle","Hieraaetus pennatus","Eagles",2019,125,2019-05-05,"Coast",6,0,6
"774","Booted eagle","Hieraaetus pennatus","Eagles",2019,125,2019-05-05,"Foothills",2,0,2
"775","Booted eagle","Hieraaetus pennatus","Eagles",2019,125,2019-05-05,"Interior",1,0,1
"776","Booted eagle","Hieraaetus pennatus","Eagles",2019,126,2019-05-06,"Coast",2,0,2
"777","Booted eagle","Hieraaetus pennatus","Eagles",2019,127,2019-05-07,"Foothills",2,0,2
"778","Booted eagle","Hieraaetus pennatus","Eagles",2019,128,2019-05-08,"Coast",5,0,5
"779","Booted eagle","Hieraaetus pennatus","Eagles",2019,129,2019-05-09,"Coast",1,0,1
"780","Booted eagle","Hieraaetus pennatus","Eagles",2019,130,2019-05-10,"Coast",9,0,9
"781","Booted eagle","Hieraaetus pennatus","Eagles",2019,131,2019-05-11,"Coast",3,0,3
"782","Booted eagle","Hieraaetus pennatus","Eagles",2019,133,2019-05-13,"Coast",4,0,4
"783","Booted eagle","Hieraaetus pennatus","Eagles",2019,134,2019-05-14,"Coast",14,0,14
"784","Booted eagle","Hieraaetus pennatus","Eagles",2019,134,2019-05-14,"Foothills",1,0,1
"785","Booted eagle","Hieraaetus pennatus","Eagles",2019,135,2019-05-15,"Coast",2,0,2
"786","Booted eagle","Hieraaetus pennatus","Eagles",2019,135,2019-05-15,"Foothills",1,0,1
"787","Booted eagle","Hieraaetus pennatus","Eagles",2019,139,2019-05-19,"Coast",18,0,18
"788","Booted eagle","Hieraaetus pennatus","Eagles",2019,139,2019-05-19,"Foothills",12,0,12
"789","Booted eagle","Hieraaetus pennatus","Eagles",2019,139,2019-05-19,"Interior",1,0,1
"790","Booted eagle","Hieraaetus pennatus","Eagles",2019,140,2019-05-20,"Coast",30,0,30
"791","Booted eagle","Hieraaetus pennatus","Eagles",2019,140,2019-05-20,"Foothills",1,0,1
"792","Booted eagle","Hieraaetus pennatus","Eagles",2019,141,2019-05-21,"Foothills",1,0,1
"793","Booted eagle","Hieraaetus pennatus","Eagles",2019,141,2019-05-21,"Interior",3,0,3
"794","Booted eagle","Hieraaetus pennatus","Eagles",2019,144,2019-05-24,"Coast",1,0,1
"795","Booted eagle","Hieraaetus pennatus","Eagles",2019,146,2019-05-26,"Coast",1,0,1
"796","Booted eagle","Hieraaetus pennatus","Eagles",2019,147,2019-05-27,"Coast",2,0,2
"797","Booted eagle","Hieraaetus pennatus","Eagles",2019,147,2019-05-27,"Foothills",2,0,2
"798","Booted eagle","Hieraaetus pennatus","Eagles",2019,148,2019-05-28,"Coast",2,0,2
"799","Booted eagle","Hieraaetus pennatus","Eagles",2020,80,2020-03-20,"Coast",1,0,1
"800","Booted eagle","Hieraaetus pennatus","Eagles",2020,82,2020-03-22,"Coast",4,0,4
"801","Booted eagle","Hieraaetus pennatus","Eagles",2020,82,2020-03-22,"Foothills",1,0,1
"802","Booted eagle","Hieraaetus pennatus","Eagles",2020,83,2020-03-23,"Coast",8,0,8
"803","Booted eagle","Hieraaetus pennatus","Eagles",2020,83,2020-03-23,"Foothills",5,0,5
"804","Booted eagle","Hieraaetus pennatus","Eagles",2020,83,2020-03-23,"Interior",8,0,8
"805","Booted eagle","Hieraaetus pennatus","Eagles",2020,84,2020-03-24,"Coast",27,0,27
"806","Booted eagle","Hieraaetus pennatus","Eagles",2020,84,2020-03-24,"Foothills",3,0,3
"807","Booted eagle","Hieraaetus pennatus","Eagles",2020,87,2020-03-27,"Coast",2,0,2
"808","Booted eagle","Hieraaetus pennatus","Eagles",2020,87,2020-03-27,"Foothills",4,0,4
"809","Booted eagle","Hieraaetus pennatus","Eagles",2020,87,2020-03-27,"Interior",1,0,1
"810","Booted eagle","Hieraaetus pennatus","Eagles",2020,91,2020-03-31,"Coast",29,0,29
"811","Booted eagle","Hieraaetus pennatus","Eagles",2020,91,2020-03-31,"Foothills",3,0,3
"812","Booted eagle","Hieraaetus pennatus","Eagles",2020,91,2020-03-31,"Interior",2,0,2
"813","Booted eagle","Hieraaetus pennatus","Eagles",2020,92,2020-04-01,"Coast",142,0,142
"814","Booted eagle","Hieraaetus pennatus","Eagles",2020,92,2020-04-01,"Foothills",7,0,7
"815","Booted eagle","Hieraaetus pennatus","Eagles",2020,93,2020-04-02,"Coast",22,0,22
"816","Booted eagle","Hieraaetus pennatus","Eagles",2020,94,2020-04-03,"Coast",34,0,34
"817","Booted eagle","Hieraaetus pennatus","Eagles",2020,94,2020-04-03,"Foothills",9,0,9
"818","Booted eagle","Hieraaetus pennatus","Eagles",2020,95,2020-04-04,"Coast",160,0,160
"819","Booted eagle","Hieraaetus pennatus","Eagles",2020,95,2020-04-04,"Foothills",23,0,23
"820","Booted eagle","Hieraaetus pennatus","Eagles",2020,95,2020-04-04,"Interior",6,0,6
"821","Booted eagle","Hieraaetus pennatus","Eagles",2020,96,2020-04-05,"Coast",141,0,141
"822","Booted eagle","Hieraaetus pennatus","Eagles",2020,96,2020-04-05,"Foothills",25,0,25
"823","Booted eagle","Hieraaetus pennatus","Eagles",2020,96,2020-04-05,"Interior",17,0,17
"824","Booted eagle","Hieraaetus pennatus","Eagles",2020,97,2020-04-06,"Coast",179,0,179
"825","Booted eagle","Hieraaetus pennatus","Eagles",2020,97,2020-04-06,"Foothills",8,0,8
"826","Booted eagle","Hieraaetus pennatus","Eagles",2020,97,2020-04-06,"Interior",2,0,2
"827","Booted eagle","Hieraaetus pennatus","Eagles",2020,99,2020-04-08,"Coast",154,0,154
"828","Booted eagle","Hieraaetus pennatus","Eagles",2020,99,2020-04-08,"Foothills",27,0,27
"829","Booted eagle","Hieraaetus pennatus","Eagles",2020,99,2020-04-08,"Interior",8,0,8
"830","Booted eagle","Hieraaetus pennatus","Eagles",2020,100,2020-04-09,"Coast",86,0,86
"831","Booted eagle","Hieraaetus pennatus","Eagles",2020,100,2020-04-09,"Foothills",3,0,3
"832","Booted eagle","Hieraaetus pennatus","Eagles",2020,100,2020-04-09,"Interior",1,0,1
"833","Booted eagle","Hieraaetus pennatus","Eagles",2020,101,2020-04-10,"Coast",51,0,51
"834","Booted eagle","Hieraaetus pennatus","Eagles",2020,101,2020-04-10,"Foothills",1,0,1
"835","Booted eagle","Hieraaetus pennatus","Eagles",2020,102,2020-04-11,"Coast",109,0,109
"836","Booted eagle","Hieraaetus pennatus","Eagles",2020,102,2020-04-11,"Foothills",5,0,5
"837","Booted eagle","Hieraaetus pennatus","Eagles",2020,102,2020-04-11,"Interior",2,0,2
"838","Booted eagle","Hieraaetus pennatus","Eagles",2020,104,2020-04-13,"Coast",40,0,40
"839","Booted eagle","Hieraaetus pennatus","Eagles",2020,104,2020-04-13,"Foothills",5,0,5
"840","Booted eagle","Hieraaetus pennatus","Eagles",2020,104,2020-04-13,"Interior",3,0,3
"841","Booted eagle","Hieraaetus pennatus","Eagles",2020,105,2020-04-14,"Coast",43,0,43
"842","Booted eagle","Hieraaetus pennatus","Eagles",2020,105,2020-04-14,"Foothills",4,0,4
"843","Booted eagle","Hieraaetus pennatus","Eagles",2020,105,2020-04-14,"Interior",3,0,3
"844","Booted eagle","Hieraaetus pennatus","Eagles",2020,106,2020-04-15,"Coast",13,0,13
"845","Booted eagle","Hieraaetus pennatus","Eagles",2020,106,2020-04-15,"Foothills",1,0,1
"846","Booted eagle","Hieraaetus pennatus","Eagles",2020,106,2020-04-15,"Interior",1,0,1
"847","Booted eagle","Hieraaetus pennatus","Eagles",2020,108,2020-04-17,"Coast",23,0,23
"848","Booted eagle","Hieraaetus pennatus","Eagles",2020,108,2020-04-17,"Foothills",2,0,2
"849","Booted eagle","Hieraaetus pennatus","Eagles",2020,109,2020-04-18,"Coast",10,0,10
"850","Booted eagle","Hieraaetus pennatus","Eagles",2020,109,2020-04-18,"Foothills",3,0,3
"851","Booted eagle","Hieraaetus pennatus","Eagles",2020,110,2020-04-19,"Coast",13,0,13
"852","Booted eagle","Hieraaetus pennatus","Eagles",2020,110,2020-04-19,"Foothills",2,0,2
"853","Booted eagle","Hieraaetus pennatus","Eagles",2020,110,2020-04-19,"Interior",2,0,2
"854","Booted eagle","Hieraaetus pennatus","Eagles",2020,111,2020-04-20,"Coast",3,0,3
"855","Booted eagle","Hieraaetus pennatus","Eagles",2020,111,2020-04-20,"Foothills",3,0,3
"856","Booted eagle","Hieraaetus pennatus","Eagles",2020,114,2020-04-23,"Coast",5,0,5
"857","Booted eagle","Hieraaetus pennatus","Eagles",2020,114,2020-04-23,"Foothills",1,0,1
"858","Booted eagle","Hieraaetus pennatus","Eagles",2020,115,2020-04-24,"Coast",23,0,23
"859","Booted eagle","Hieraaetus pennatus","Eagles",2020,115,2020-04-24,"Foothills",1,0,1
"860","Booted eagle","Hieraaetus pennatus","Eagles",2020,116,2020-04-25,"Coast",22,0,22
"861","Booted eagle","Hieraaetus pennatus","Eagles",2020,117,2020-04-26,"Coast",45,0,45
"862","Booted eagle","Hieraaetus pennatus","Eagles",2020,117,2020-04-26,"Foothills",2,0,2
"863","Booted eagle","Hieraaetus pennatus","Eagles",2020,117,2020-04-26,"Interior",4,0,4
"864","Booted eagle","Hieraaetus pennatus","Eagles",2020,118,2020-04-27,"Coast",10,0,10
"865","Booted eagle","Hieraaetus pennatus","Eagles",2020,118,2020-04-27,"Foothills",1,0,1
"866","Booted eagle","Hieraaetus pennatus","Eagles",2020,120,2020-04-29,"Coast",14,0,14
"867","Booted eagle","Hieraaetus pennatus","Eagles",2020,120,2020-04-29,"Foothills",1,0,1
"868","Booted eagle","Hieraaetus pennatus","Eagles",2020,121,2020-04-30,"Coast",5,0,5
"869","Booted eagle","Hieraaetus pennatus","Eagles",2020,121,2020-04-30,"Foothills",2,0,2
"870","Booted eagle","Hieraaetus pennatus","Eagles",2020,122,2020-05-01,"Coast",6,0,6
"871","Booted eagle","Hieraaetus pennatus","Eagles",2020,122,2020-05-01,"Foothills",5,0,5
"872","Booted eagle","Hieraaetus pennatus","Eagles",2020,122,2020-05-01,"Interior",1,0,1
"873","Booted eagle","Hieraaetus pennatus","Eagles",2020,123,2020-05-02,"Coast",1,0,1
"874","Booted eagle","Hieraaetus pennatus","Eagles",2020,125,2020-05-04,"Coast",7,0,7
"875","Booted eagle","Hieraaetus pennatus","Eagles",2020,125,2020-05-04,"Foothills",1,0,1
"876","Booted eagle","Hieraaetus pennatus","Eagles",2020,125,2020-05-04,"Interior",1,0,1
"877","Booted eagle","Hieraaetus pennatus","Eagles",2020,130,2020-05-09,"Coast",25,0,25
"878","Booted eagle","Hieraaetus pennatus","Eagles",2020,130,2020-05-09,"Foothills",3,0,3
"879","Booted eagle","Hieraaetus pennatus","Eagles",2020,131,2020-05-10,"Coast",11,0,11
"880","Booted eagle","Hieraaetus pennatus","Eagles",2020,132,2020-05-11,"Coast",5,0,5
"881","Booted eagle","Hieraaetus pennatus","Eagles",2020,133,2020-05-12,"Coast",3,0,3
"882","Booted eagle","Hieraaetus pennatus","Eagles",2020,133,2020-05-12,"Foothills",3,0,3
"883","Booted eagle","Hieraaetus pennatus","Eagles",2020,134,2020-05-13,"Coast",9,0,9
"884","Booted eagle","Hieraaetus pennatus","Eagles",2020,134,2020-05-13,"Foothills",3,0,3
"885","Booted eagle","Hieraaetus pennatus","Eagles",2020,135,2020-05-14,"Coast",5,0,5
"886","Booted eagle","Hieraaetus pennatus","Eagles",2020,136,2020-05-15,"Coast",1,0,1
"887","Booted eagle","Hieraaetus pennatus","Eagles",2020,138,2020-05-17,"Coast",4,0,4
"888","Booted eagle","Hieraaetus pennatus","Eagles",2020,138,2020-05-17,"Foothills",1,0,1
"889","Booted eagle","Hieraaetus pennatus","Eagles",2020,139,2020-05-18,"Coast",2,0,2
"890","Booted eagle","Hieraaetus pennatus","Eagles",2020,140,2020-05-19,"Coast",9,0,9
"891","Booted eagle","Hieraaetus pennatus","Eagles",2020,140,2020-05-19,"Foothills",1,0,1
"892","Booted eagle","Hieraaetus pennatus","Eagles",2020,141,2020-05-20,"Coast",2,0,2
"893","Booted eagle","Hieraaetus pennatus","Eagles",2020,141,2020-05-20,"Foothills",1,0,1
"894","Booted eagle","Hieraaetus pennatus","Eagles",2020,141,2020-05-20,"Interior",1,0,1
"895","Booted eagle","Hieraaetus pennatus","Eagles",2020,143,2020-05-22,"Coast",10,0,10
"896","Booted eagle","Hieraaetus pennatus","Eagles",2020,143,2020-05-22,"Foothills",5,0,5
"897","Booted eagle","Hieraaetus pennatus","Eagles",2022,84,2022-03-25,"Coast",5,0,5
"898","Booted eagle","Hieraaetus pennatus","Eagles",2022,85,2022-03-26,"Coast",4,0,4
"899","Booted eagle","Hieraaetus pennatus","Eagles",2022,86,2022-03-27,"Coast",4,0,4
"900","Booted eagle","Hieraaetus pennatus","Eagles",2022,86,2022-03-27,"Foothills",1,0,1
"901","Booted eagle","Hieraaetus pennatus","Eagles",2022,87,2022-03-28,"Coast",23,0,23
"902","Booted eagle","Hieraaetus pennatus","Eagles",2022,87,2022-03-28,"Foothills",3,0,3
"903","Booted eagle","Hieraaetus pennatus","Eagles",2022,88,2022-03-29,"Coast",7,0,7
"904","Booted eagle","Hieraaetus pennatus","Eagles",2022,88,2022-03-29,"Foothills",3,0,3
"905","Booted eagle","Hieraaetus pennatus","Eagles",2022,88,2022-03-29,"Interior",6,0,6
"906","Booted eagle","Hieraaetus pennatus","Eagles",2022,89,2022-03-30,"Coast",14,0,14
"907","Booted eagle","Hieraaetus pennatus","Eagles",2022,89,2022-03-30,"Foothills",4,0,4
"908","Booted eagle","Hieraaetus pennatus","Eagles",2022,89,2022-03-30,"Interior",2,0,2
"909","Booted eagle","Hieraaetus pennatus","Eagles",2022,90,2022-03-31,"Coast",47,0,47
"910","Booted eagle","Hieraaetus pennatus","Eagles",2022,90,2022-03-31,"Foothills",8,0,8
"911","Booted eagle","Hieraaetus pennatus","Eagles",2022,91,2022-04-01,"Coast",31,0,31
"912","Booted eagle","Hieraaetus pennatus","Eagles",2022,91,2022-04-01,"Foothills",7,0,7
"913","Booted eagle","Hieraaetus pennatus","Eagles",2022,91,2022-04-01,"Interior",4,0,4
"914","Booted eagle","Hieraaetus pennatus","Eagles",2022,92,2022-04-02,"Coast",25,0,25
"915","Booted eagle","Hieraaetus pennatus","Eagles",2022,92,2022-04-02,"Foothills",1,0,1
"916","Booted eagle","Hieraaetus pennatus","Eagles",2022,92,2022-04-02,"Interior",2,0,2
"917","Booted eagle","Hieraaetus pennatus","Eagles",2022,93,2022-04-03,"Coast",42,0,42
"918","Booted eagle","Hieraaetus pennatus","Eagles",2022,93,2022-04-03,"Foothills",3,0,3
"919","Booted eagle","Hieraaetus pennatus","Eagles",2022,94,2022-04-04,"Coast",104,0,104
"920","Booted eagle","Hieraaetus pennatus","Eagles",2022,94,2022-04-04,"Foothills",10,0,10
"921","Booted eagle","Hieraaetus pennatus","Eagles",2022,94,2022-04-04,"Interior",15,0,15
"922","Booted eagle","Hieraaetus pennatus","Eagles",2022,95,2022-04-05,"Coast",24,0,24
"923","Booted eagle","Hieraaetus pennatus","Eagles",2022,95,2022-04-05,"Foothills",2,0,2
"924","Booted eagle","Hieraaetus pennatus","Eagles",2022,95,2022-04-05,"Interior",3,0,3
"925","Booted eagle","Hieraaetus pennatus","Eagles",2022,96,2022-04-06,"Coast",48,0,48
"926","Booted eagle","Hieraaetus pennatus","Eagles",2022,96,2022-04-06,"Foothills",9,0,9
"927","Booted eagle","Hieraaetus pennatus","Eagles",2022,96,2022-04-06,"Interior",2,0,2
"928","Booted eagle","Hieraaetus pennatus","Eagles",2022,97,2022-04-07,"Coast",18,0,18
"929","Booted eagle","Hieraaetus pennatus","Eagles",2022,98,2022-04-08,"Coast",24,0,24
"930","Booted eagle","Hieraaetus pennatus","Eagles",2022,98,2022-04-08,"Foothills",4,0,4
"931","Booted eagle","Hieraaetus pennatus","Eagles",2022,98,2022-04-08,"Interior",4,0,4
"932","Booted eagle","Hieraaetus pennatus","Eagles",2022,99,2022-04-09,"Coast",58,0,58
"933","Booted eagle","Hieraaetus pennatus","Eagles",2022,99,2022-04-09,"Foothills",5,0,5
"934","Booted eagle","Hieraaetus pennatus","Eagles",2022,99,2022-04-09,"Interior",1,0,1
"935","Booted eagle","Hieraaetus pennatus","Eagles",2022,100,2022-04-10,"Coast",61,0,61
"936","Booted eagle","Hieraaetus pennatus","Eagles",2022,100,2022-04-10,"Foothills",6,0,6
"937","Booted eagle","Hieraaetus pennatus","Eagles",2022,100,2022-04-10,"Interior",23,0,23
"938","Booted eagle","Hieraaetus pennatus","Eagles",2022,101,2022-04-11,"Coast",60,0,60
"939","Booted eagle","Hieraaetus pennatus","Eagles",2022,101,2022-04-11,"Foothills",5,0,5
"940","Booted eagle","Hieraaetus pennatus","Eagles",2022,101,2022-04-11,"Interior",2,0,2
"941","Booted eagle","Hieraaetus pennatus","Eagles",2022,103,2022-04-13,"Coast",6,0,6
"942","Booted eagle","Hieraaetus pennatus","Eagles",2022,104,2022-04-14,"Coast",65,0,65
"943","Booted eagle","Hieraaetus pennatus","Eagles",2022,104,2022-04-14,"Foothills",13,0,13
"944","Booted eagle","Hieraaetus pennatus","Eagles",2022,104,2022-04-14,"Interior",6,0,6
"945","Booted eagle","Hieraaetus pennatus","Eagles",2022,105,2022-04-15,"Coast",126,0,126
"946","Booted eagle","Hieraaetus pennatus","Eagles",2022,105,2022-04-15,"Foothills",7,0,7
"947","Booted eagle","Hieraaetus pennatus","Eagles",2022,105,2022-04-15,"Interior",21,0,21
"948","Booted eagle","Hieraaetus pennatus","Eagles",2022,106,2022-04-16,"Coast",111,0,111
"949","Booted eagle","Hieraaetus pennatus","Eagles",2022,106,2022-04-16,"Foothills",4,0,4
"950","Booted eagle","Hieraaetus pennatus","Eagles",2022,106,2022-04-16,"Interior",23,0,23
"951","Booted eagle","Hieraaetus pennatus","Eagles",2022,107,2022-04-17,"Coast",30,0,30
"952","Booted eagle","Hieraaetus pennatus","Eagles",2022,107,2022-04-17,"Foothills",19,0,19
"953","Booted eagle","Hieraaetus pennatus","Eagles",2022,107,2022-04-17,"Interior",2,0,2
"954","Booted eagle","Hieraaetus pennatus","Eagles",2022,108,2022-04-18,"Coast",27,0,27
"955","Booted eagle","Hieraaetus pennatus","Eagles",2022,108,2022-04-18,"Interior",7,0,7
"956","Booted eagle","Hieraaetus pennatus","Eagles",2022,109,2022-04-19,"Coast",10,0,10
"957","Booted eagle","Hieraaetus pennatus","Eagles",2022,111,2022-04-21,"Coast",23,0,23
"958","Booted eagle","Hieraaetus pennatus","Eagles",2022,111,2022-04-21,"Foothills",12,0,12
"959","Booted eagle","Hieraaetus pennatus","Eagles",2022,111,2022-04-21,"Interior",10,0,10
"960","Booted eagle","Hieraaetus pennatus","Eagles",2022,113,2022-04-23,"Coast",6,0,6
"961","Booted eagle","Hieraaetus pennatus","Eagles",2022,113,2022-04-23,"Foothills",1,0,1
"962","Booted eagle","Hieraaetus pennatus","Eagles",2022,113,2022-04-23,"Interior",1,0,1
"963","Booted eagle","Hieraaetus pennatus","Eagles",2022,114,2022-04-24,"Coast",10,0,10
"964","Booted eagle","Hieraaetus pennatus","Eagles",2022,114,2022-04-24,"Interior",2,0,2
"965","Booted eagle","Hieraaetus pennatus","Eagles",2022,115,2022-04-25,"Coast",1,0,1
"966","Booted eagle","Hieraaetus pennatus","Eagles",2022,115,2022-04-25,"Foothills",1,0,1
"967","Booted eagle","Hieraaetus pennatus","Eagles",2022,115,2022-04-25,"Interior",1,0,1
"968","Booted eagle","Hieraaetus pennatus","Eagles",2022,116,2022-04-26,"Coast",7,0,7
"969","Booted eagle","Hieraaetus pennatus","Eagles",2022,116,2022-04-26,"Foothills",3,0,3
"970","Booted eagle","Hieraaetus pennatus","Eagles",2022,117,2022-04-27,"Coast",3,0,3
"971","Booted eagle","Hieraaetus pennatus","Eagles",2022,117,2022-04-27,"Foothills",2,0,2
"972","Booted eagle","Hieraaetus pennatus","Eagles",2022,118,2022-04-28,"Coast",1,0,1
"973","Booted eagle","Hieraaetus pennatus","Eagles",2022,118,2022-04-28,"Interior",1,0,1
"974","Booted eagle","Hieraaetus pennatus","Eagles",2022,123,2022-05-03,"Coast",17,0,17
"975","Booted eagle","Hieraaetus pennatus","Eagles",2022,123,2022-05-03,"Foothills",3,0,3
"976","Booted eagle","Hieraaetus pennatus","Eagles",2022,126,2022-05-06,"Coast",1,0,1
"977","Booted eagle","Hieraaetus pennatus","Eagles",2022,127,2022-05-07,"Coast",5,0,5
"978","Booted eagle","Hieraaetus pennatus","Eagles",2022,128,2022-05-08,"Coast",24,0,24
"979","Booted eagle","Hieraaetus pennatus","Eagles",2022,128,2022-05-08,"Foothills",5,0,5
"980","Booted eagle","Hieraaetus pennatus","Eagles",2022,129,2022-05-09,"Coast",8,0,8
"981","Booted eagle","Hieraaetus pennatus","Eagles",2022,130,2022-05-10,"Coast",47,0,47
"982","Booted eagle","Hieraaetus pennatus","Eagles",2022,130,2022-05-10,"Foothills",1,0,1
"983","Booted eagle","Hieraaetus pennatus","Eagles",2022,130,2022-05-10,"Interior",1,0,1
"984","Booted eagle","Hieraaetus pennatus","Eagles",2022,131,2022-05-11,"Coast",14,0,14
"985","Booted eagle","Hieraaetus pennatus","Eagles",2022,131,2022-05-11,"Foothills",2,0,2
"986","Booted eagle","Hieraaetus pennatus","Eagles",2022,131,2022-05-11,"Interior",1,0,1
"987","Booted eagle","Hieraaetus pennatus","Eagles",2022,132,2022-05-12,"Coast",21,0,21
"988","Booted eagle","Hieraaetus pennatus","Eagles",2022,132,2022-05-12,"Foothills",3,0,3
"989","Booted eagle","Hieraaetus pennatus","Eagles",2022,134,2022-05-14,"Coast",1,0,1
"990","Booted eagle","Hieraaetus pennatus","Eagles",2022,134,2022-05-14,"Interior",1,0,1
"991","Booted eagle","Hieraaetus pennatus","Eagles",2022,135,2022-05-15,"Coast",2,0,2
"992","Booted eagle","Hieraaetus pennatus","Eagles",2022,135,2022-05-15,"Interior",2,0,2
"993","Booted eagle","Hieraaetus pennatus","Eagles",2022,136,2022-05-16,"Coast",2,0,2
"994","Booted eagle","Hieraaetus pennatus","Eagles",2022,136,2022-05-16,"Interior",1,0,1
"995","Booted eagle","Hieraaetus pennatus","Eagles",2022,141,2022-05-21,"Coast",3,0,3
"996","Booted eagle","Hieraaetus pennatus","Eagles",2022,141,2022-05-21,"Foothills",11,0,11
"997","Booted eagle","Hieraaetus pennatus","Eagles",2022,145,2022-05-25,"Coast",7,0,7
"998","Booted eagle","Hieraaetus pennatus","Eagles",2022,145,2022-05-25,"Foothills",3,0,3
"999","Booted eagle","Hieraaetus pennatus","Eagles",2022,146,2022-05-26,"Coast",2,0,2
"1000","Booted eagle","Hieraaetus pennatus","Eagles",2022,146,2022-05-26,"Foothills",3,0,3
"1001","buzzard spec","Buteo/Pernis","Buzzards & Kites",2019,89,2019-03-30,"Coast",1,0,1
"1002","buzzard spec","Buteo/Pernis","Buzzards & Kites",2019,96,2019-04-06,"Coast",1,0,1
"1003","buzzard spec","Buteo/Pernis","Buzzards & Kites",2019,117,2019-04-27,"Foothills",10,0,10
"1004","buzzard spec","Buteo/Pernis","Buzzards & Kites",2019,117,2019-04-27,"Interior",57,0,57
"1005","buzzard spec","Buteo/Pernis","Buzzards & Kites",2019,127,2019-05-07,"Foothills",87,0,87
"1006","buzzard spec","Buteo/Pernis","Buzzards & Kites",2019,133,2019-05-13,"Coast",31,0,31
"1007","buzzard spec","Buteo/Pernis","Buzzards & Kites",2019,134,2019-05-14,"Foothills",5,0,5
"1008","buzzard spec","Buteo/Pernis","Buzzards & Kites",2019,134,2019-05-14,"Interior",4,0,4
"1009","buzzard spec","Buteo/Pernis","Buzzards & Kites",2019,137,2019-05-17,"Interior",8,0,8
"1010","buzzard spec","Buteo/Pernis","Buzzards & Kites",2019,139,2019-05-19,"Foothills",60,0,60
"1011","buzzard spec","Buteo/Pernis","Buzzards & Kites",2019,140,2019-05-20,"Foothills",7,0,7
"1012","buzzard spec","Buteo/Pernis","Buzzards & Kites",2019,140,2019-05-20,"Interior",16,0,16
"1013","buzzard spec","Buteo/Pernis","Buzzards & Kites",2019,141,2019-05-21,"Coast",1,0,1
"1014","buzzard spec","Buteo/Pernis","Buzzards & Kites",2019,141,2019-05-21,"Interior",6,0,6
"1015","buzzard spec","Buteo/Pernis","Buzzards & Kites",2019,147,2019-05-27,"Interior",1,0,1
"1016","buzzard spec","Buteo/Pernis","Buzzards & Kites",2020,84,2020-03-24,"Coast",1,0,1
"1017","buzzard spec","Buteo/Pernis","Buzzards & Kites",2020,95,2020-04-04,"Coast",1,0,1
"1018","buzzard spec","Buteo/Pernis","Buzzards & Kites",2020,110,2020-04-19,"Interior",24,0,24
"1019","buzzard spec","Buteo/Pernis","Buzzards & Kites",2020,115,2020-04-24,"Foothills",5,0,5
"1020","buzzard spec","Buteo/Pernis","Buzzards & Kites",2020,117,2020-04-26,"Interior",451,0,451
"1021","buzzard spec","Buteo/Pernis","Buzzards & Kites",2020,118,2020-04-27,"Interior",697,0,697
"1022","buzzard spec","Buteo/Pernis","Buzzards & Kites",2020,120,2020-04-29,"Foothills",231,0,231
"1023","buzzard spec","Buteo/Pernis","Buzzards & Kites",2020,120,2020-04-29,"Interior",10,0,10
"1024","buzzard spec","Buteo/Pernis","Buzzards & Kites",2020,121,2020-04-30,"Foothills",828,0,828
"1025","buzzard spec","Buteo/Pernis","Buzzards & Kites",2020,121,2020-04-30,"Interior",197,0,197
"1026","buzzard spec","Buteo/Pernis","Buzzards & Kites",2020,122,2020-05-01,"Foothills",248,0,248
"1027","buzzard spec","Buteo/Pernis","Buzzards & Kites",2020,122,2020-05-01,"Interior",486,0,486
"1028","buzzard spec","Buteo/Pernis","Buzzards & Kites",2020,124,2020-05-03,"Interior",4,0,4
"1029","buzzard spec","Buteo/Pernis","Buzzards & Kites",2020,128,2020-05-07,"Interior",247,0,247
"1030","buzzard spec","Buteo/Pernis","Buzzards & Kites",2020,134,2020-05-13,"Foothills",71,0,71
"1031","buzzard spec","Buteo/Pernis","Buzzards & Kites",2020,136,2020-05-15,"Interior",136,0,136
"1032","buzzard spec","Buteo/Pernis","Buzzards & Kites",2020,139,2020-05-18,"Foothills",1,0,1
"1033","buzzard spec","Buteo/Pernis","Buzzards & Kites",2020,139,2020-05-18,"Interior",3,0,3
"1034","buzzard spec","Buteo/Pernis","Buzzards & Kites",2020,141,2020-05-20,"Interior",72,0,72
"1035","buzzard spec","Buteo/Pernis","Buzzards & Kites",2022,105,2022-04-15,"Foothills",1,0,1
"1036","buzzard spec","Buteo/Pernis","Buzzards & Kites",2022,116,2022-04-26,"Coast",3,0,3
"1037","buzzard spec","Buteo/Pernis","Buzzards & Kites",2022,116,2022-04-26,"Foothills",95,0,95
"1038","buzzard spec","Buteo/Pernis","Buzzards & Kites",2022,116,2022-04-26,"Interior",60,0,60
"1039","buzzard spec","Buteo/Pernis","Buzzards & Kites",2022,117,2022-04-27,"Coast",4,0,4
"1040","buzzard spec","Buteo/Pernis","Buzzards & Kites",2022,117,2022-04-27,"Interior",503,0,503
"1041","buzzard spec","Buteo/Pernis","Buzzards & Kites",2022,118,2022-04-28,"Coast",2,0,2
"1042","buzzard spec","Buteo/Pernis","Buzzards & Kites",2022,124,2022-05-04,"Coast",56,0,56
"1043","buzzard spec","Buteo/Pernis","Buzzards & Kites",2022,127,2022-05-07,"Coast",77,0,77
"1044","buzzard spec","Buteo/Pernis","Buzzards & Kites",2022,128,2022-05-08,"Coast",127,0,127
"1045","buzzard spec","Buteo/Pernis","Buzzards & Kites",2022,128,2022-05-08,"Foothills",8,0,8
"1046","buzzard spec","Buteo/Pernis","Buzzards & Kites",2022,129,2022-05-09,"Foothills",1,0,1
"1047","buzzard spec","Buteo/Pernis","Buzzards & Kites",2022,130,2022-05-10,"Coast",139,0,139
"1048","buzzard spec","Buteo/Pernis","Buzzards & Kites",2022,134,2022-05-14,"Foothills",1,0,1
"1049","buzzard spec","Buteo/Pernis","Buzzards & Kites",2022,135,2022-05-15,"Coast",1,0,1
"1050","buzzard spec","Buteo/Pernis","Buzzards & Kites",2022,136,2022-05-16,"Coast",1,0,1
"1051","buzzard spec","Buteo/Pernis","Buzzards & Kites",2022,136,2022-05-16,"Foothills",1,0,1
"1052","buzzard spec","Buteo/Pernis","Buzzards & Kites",2022,141,2022-05-21,"Coast",1,0,1
"1053","Common buzzard","Buteo buteo","Buzzards & Kites",2019,114,2019-04-24,"Coast",1,0,1
"1054","Common buzzard","Buteo buteo","Buzzards & Kites",2020,82,2020-03-22,"Coast",1,0,1
"1055","Common buzzard","Buteo buteo","Buzzards & Kites",2020,100,2020-04-09,"Coast",1,0,1
"1056","Common buzzard","Buteo buteo","Buzzards & Kites",2022,64,2022-03-05,"Coast",1,0,1
"1057","Common buzzard","Buteo buteo","Buzzards & Kites",2022,77,2022-03-18,"Coast",1,0,1
"1058","Common buzzard","Buteo buteo","Buzzards & Kites",2022,79,2022-03-20,"Coast",1,0,1
"1059","Common buzzard","Buteo buteo","Buzzards & Kites",2022,80,2022-03-21,"Coast",2,0,2
"1060","Common buzzard","Buteo buteo","Buzzards & Kites",2022,82,2022-03-23,"Coast",1,0,1
"1061","Common buzzard","Buteo buteo","Buzzards & Kites",2022,84,2022-03-25,"Coast",1,0,1
"1062","Common buzzard","Buteo buteo","Buzzards & Kites",2022,89,2022-03-30,"Coast",1,0,1
"1063","Common buzzard","Buteo buteo","Buzzards & Kites",2022,104,2022-04-14,"Coast",1,0,1
"1064","Common kestrel","Falco tinnunculus","Falcons",2019,91,2019-04-01,"Coast",1,0,1
"1065","Common kestrel","Falco tinnunculus","Falcons",2019,95,2019-04-05,"Coast",2,0,2
"1066","Common kestrel","Falco tinnunculus","Falcons",2019,96,2019-04-06,"Coast",2,0,2
"1067","Common kestrel","Falco tinnunculus","Falcons",2019,98,2019-04-08,"Coast",1,0,1
"1068","Common kestrel","Falco tinnunculus","Falcons",2019,101,2019-04-11,"Foothills",1,0,1
"1069","Common kestrel","Falco tinnunculus","Falcons",2019,105,2019-04-15,"Coast",2,0,2
"1070","Common kestrel","Falco tinnunculus","Falcons",2019,108,2019-04-18,"Coast",3,0,3
"1071","Common kestrel","Falco tinnunculus","Falcons",2019,110,2019-04-20,"Coast",1,1,0
"1072","Common kestrel","Falco tinnunculus","Falcons",2019,112,2019-04-22,"Coast",2,0,2
"1073","Common kestrel","Falco tinnunculus","Falcons",2019,120,2019-04-30,"Coast",1,0,1
"1074","Common kestrel","Falco tinnunculus","Falcons",2019,122,2019-05-02,"Coast",0,1,-1
"1075","Common kestrel","Falco tinnunculus","Falcons",2019,127,2019-05-07,"Foothills",1,0,1
"1076","Common kestrel","Falco tinnunculus","Falcons",2019,129,2019-05-09,"Coast",2,0,2
"1077","Common kestrel","Falco tinnunculus","Falcons",2019,131,2019-05-11,"Coast",1,0,1
"1078","Common kestrel","Falco tinnunculus","Falcons",2019,135,2019-05-15,"Coast",1,0,1
"1079","Common kestrel","Falco tinnunculus","Falcons",2019,139,2019-05-19,"Coast",1,0,1
"1080","Common kestrel","Falco tinnunculus","Falcons",2019,140,2019-05-20,"Coast",1,0,1
"1081","Common kestrel","Falco tinnunculus","Falcons",2020,71,2020-03-11,"Foothills",1,0,1
"1082","Common kestrel","Falco tinnunculus","Falcons",2020,73,2020-03-13,"Coast",1,0,1
"1083","Common kestrel","Falco tinnunculus","Falcons",2020,73,2020-03-13,"Foothills",3,0,3
"1084","Common kestrel","Falco tinnunculus","Falcons",2020,77,2020-03-17,"Coast",2,0,2
"1085","Common kestrel","Falco tinnunculus","Falcons",2020,80,2020-03-20,"Coast",1,1,0
"1086","Common kestrel","Falco tinnunculus","Falcons",2020,80,2020-03-20,"Foothills",1,0,1
"1087","Common kestrel","Falco tinnunculus","Falcons",2020,81,2020-03-21,"Coast",1,0,1
"1088","Common kestrel","Falco tinnunculus","Falcons",2020,82,2020-03-22,"Coast",2,0,2
"1089","Common kestrel","Falco tinnunculus","Falcons",2020,83,2020-03-23,"Coast",1,0,1
"1090","Common kestrel","Falco tinnunculus","Falcons",2020,86,2020-03-26,"Coast",2,0,2
"1091","Common kestrel","Falco tinnunculus","Falcons",2020,87,2020-03-27,"Coast",1,0,1
"1092","Common kestrel","Falco tinnunculus","Falcons",2020,87,2020-03-27,"Foothills",1,0,1
"1093","Common kestrel","Falco tinnunculus","Falcons",2020,88,2020-03-28,"Coast",2,0,2
"1094","Common kestrel","Falco tinnunculus","Falcons",2020,91,2020-03-31,"Coast",3,0,3
"1095","Common kestrel","Falco tinnunculus","Falcons",2020,91,2020-03-31,"Foothills",3,0,3
"1096","Common kestrel","Falco tinnunculus","Falcons",2020,94,2020-04-03,"Coast",1,0,1
"1097","Common kestrel","Falco tinnunculus","Falcons",2020,95,2020-04-04,"Coast",1,0,1
"1098","Common kestrel","Falco tinnunculus","Falcons",2020,97,2020-04-06,"Coast",2,0,2
"1099","Common kestrel","Falco tinnunculus","Falcons",2020,99,2020-04-08,"Coast",8,0,8
"1100","Common kestrel","Falco tinnunculus","Falcons",2020,99,2020-04-08,"Foothills",1,0,1
"1101","Common kestrel","Falco tinnunculus","Falcons",2020,100,2020-04-09,"Coast",2,0,2
"1102","Common kestrel","Falco tinnunculus","Falcons",2020,100,2020-04-09,"Foothills",1,0,1
"1103","Common kestrel","Falco tinnunculus","Falcons",2020,104,2020-04-13,"Coast",2,0,2
"1104","Common kestrel","Falco tinnunculus","Falcons",2020,108,2020-04-17,"Coast",1,0,1
"1105","Common kestrel","Falco tinnunculus","Falcons",2020,110,2020-04-19,"Foothills",1,0,1
"1106","Common kestrel","Falco tinnunculus","Falcons",2020,111,2020-04-20,"Coast",1,0,1
"1107","Common kestrel","Falco tinnunculus","Falcons",2020,115,2020-04-24,"Coast",2,0,2
"1108","Common kestrel","Falco tinnunculus","Falcons",2020,117,2020-04-26,"Coast",1,0,1
"1109","Common kestrel","Falco tinnunculus","Falcons",2020,120,2020-04-29,"Coast",1,0,1
"1110","Common kestrel","Falco tinnunculus","Falcons",2020,121,2020-04-30,"Coast",2,0,2
"1111","Common kestrel","Falco tinnunculus","Falcons",2020,121,2020-04-30,"Foothills",1,0,1
"1112","Common kestrel","Falco tinnunculus","Falcons",2020,124,2020-05-03,"Coast",0,1,-1
"1113","Common kestrel","Falco tinnunculus","Falcons",2020,124,2020-05-03,"Foothills",1,0,1
"1114","Common kestrel","Falco tinnunculus","Falcons",2020,130,2020-05-09,"Coast",2,0,2
"1115","Common kestrel","Falco tinnunculus","Falcons",2020,134,2020-05-13,"Coast",1,0,1
"1116","Common kestrel","Falco tinnunculus","Falcons",2020,140,2020-05-19,"Coast",2,0,2
"1117","Common kestrel","Falco tinnunculus","Falcons",2020,143,2020-05-22,"Coast",1,0,1
"1118","Common kestrel","Falco tinnunculus","Falcons",2020,143,2020-05-22,"Foothills",1,0,1
"1119","Common kestrel","Falco tinnunculus","Falcons",2022,84,2022-03-25,"Coast",1,0,1
"1120","Common kestrel","Falco tinnunculus","Falcons",2022,88,2022-03-29,"Coast",1,0,1
"1121","Common kestrel","Falco tinnunculus","Falcons",2022,91,2022-04-01,"Coast",2,0,2
"1122","Common kestrel","Falco tinnunculus","Falcons",2022,93,2022-04-03,"Coast",4,0,4
"1123","Common kestrel","Falco tinnunculus","Falcons",2022,94,2022-04-04,"Coast",2,0,2
"1124","Common kestrel","Falco tinnunculus","Falcons",2022,95,2022-04-05,"Coast",1,1,0
"1125","Common kestrel","Falco tinnunculus","Falcons",2022,96,2022-04-06,"Coast",2,0,2
"1126","Common kestrel","Falco tinnunculus","Falcons",2022,96,2022-04-06,"Foothills",1,0,1
"1127","Common kestrel","Falco tinnunculus","Falcons",2022,99,2022-04-09,"Coast",2,0,2
"1128","Common kestrel","Falco tinnunculus","Falcons",2022,100,2022-04-10,"Coast",1,0,1
"1129","Common kestrel","Falco tinnunculus","Falcons",2022,104,2022-04-14,"Coast",1,0,1
"1130","Common kestrel","Falco tinnunculus","Falcons",2022,106,2022-04-16,"Coast",4,0,4
"1131","Common kestrel","Falco tinnunculus","Falcons",2022,107,2022-04-17,"Coast",1,0,1
"1132","Common kestrel","Falco tinnunculus","Falcons",2022,108,2022-04-18,"Coast",1,0,1
"1133","Common kestrel","Falco tinnunculus","Falcons",2022,109,2022-04-19,"Coast",3,0,3
"1134","Common kestrel","Falco tinnunculus","Falcons",2022,111,2022-04-21,"Coast",2,0,2
"1135","Common kestrel","Falco tinnunculus","Falcons",2022,113,2022-04-23,"Coast",2,0,2
"1136","Common kestrel","Falco tinnunculus","Falcons",2022,115,2022-04-25,"Coast",3,0,3
"1137","Common kestrel","Falco tinnunculus","Falcons",2022,118,2022-04-28,"Coast",1,0,1
"1138","Common kestrel","Falco tinnunculus","Falcons",2022,126,2022-05-06,"Coast",1,0,1
"1139","Common kestrel","Falco tinnunculus","Falcons",2022,128,2022-05-08,"Coast",2,0,2
"1140","Common kestrel","Falco tinnunculus","Falcons",2022,129,2022-05-09,"Coast",1,0,1
"1141","Common kestrel","Falco tinnunculus","Falcons",2022,130,2022-05-10,"Coast",1,1,0
"1142","Common kestrel","Falco tinnunculus","Falcons",2022,131,2022-05-11,"Coast",1,0,1
"1143","Common kestrel","Falco tinnunculus","Falcons",2022,132,2022-05-12,"Coast",1,0,1
"1144","Common/Lesser kestrel","F. tinnunculus/naumanni","Falcons",2019,82,2019-03-23,"Coast",8,0,8
"1145","Common/Lesser kestrel","F. tinnunculus/naumanni","Falcons",2019,93,2019-04-03,"Coast",1,0,1
"1146","Common/Lesser kestrel","F. tinnunculus/naumanni","Falcons",2019,95,2019-04-05,"Coast",2,0,2
"1147","Common/Lesser kestrel","F. tinnunculus/naumanni","Falcons",2019,95,2019-04-05,"Foothills",1,0,1
"1148","Common/Lesser kestrel","F. tinnunculus/naumanni","Falcons",2019,98,2019-04-08,"Interior",1,0,1
"1149","Common/Lesser kestrel","F. tinnunculus/naumanni","Falcons",2019,99,2019-04-09,"Foothills",0,1,-1
"1150","Common/Lesser kestrel","F. tinnunculus/naumanni","Falcons",2019,108,2019-04-18,"Coast",1,0,1
"1151","Common/Lesser kestrel","F. tinnunculus/naumanni","Falcons",2019,114,2019-04-24,"Coast",2,0,2
"1152","Common/Lesser kestrel","F. tinnunculus/naumanni","Falcons",2019,114,2019-04-24,"Foothills",1,0,1
"1153","Common/Lesser kestrel","F. tinnunculus/naumanni","Falcons",2019,115,2019-04-25,"Coast",1,0,1
"1154","Common/Lesser kestrel","F. tinnunculus/naumanni","Falcons",2019,121,2019-05-01,"Coast",1,0,1
"1155","Common/Lesser kestrel","F. tinnunculus/naumanni","Falcons",2020,80,2020-03-20,"Coast",2,0,2
"1156","Common/Lesser kestrel","F. tinnunculus/naumanni","Falcons",2020,83,2020-03-23,"Interior",1,0,1
"1157","Common/Lesser kestrel","F. tinnunculus/naumanni","Falcons",2020,86,2020-03-26,"Coast",1,0,1
"1158","Common/Lesser kestrel","F. tinnunculus/naumanni","Falcons",2020,87,2020-03-27,"Foothills",1,0,1
"1159","Common/Lesser kestrel","F. tinnunculus/naumanni","Falcons",2020,88,2020-03-28,"Coast",1,0,1
"1160","Common/Lesser kestrel","F. tinnunculus/naumanni","Falcons",2020,91,2020-03-31,"Coast",3,0,3
"1161","Common/Lesser kestrel","F. tinnunculus/naumanni","Falcons",2020,91,2020-03-31,"Foothills",2,1,1
"1162","Common/Lesser kestrel","F. tinnunculus/naumanni","Falcons",2020,91,2020-03-31,"Interior",2,0,2
"1163","Common/Lesser kestrel","F. tinnunculus/naumanni","Falcons",2020,92,2020-04-01,"Coast",1,0,1
"1164","Common/Lesser kestrel","F. tinnunculus/naumanni","Falcons",2020,93,2020-04-02,"Coast",1,0,1
"1165","Common/Lesser kestrel","F. tinnunculus/naumanni","Falcons",2020,94,2020-04-03,"Coast",4,0,4
"1166","Common/Lesser kestrel","F. tinnunculus/naumanni","Falcons",2020,94,2020-04-03,"Foothills",1,0,1
"1167","Common/Lesser kestrel","F. tinnunculus/naumanni","Falcons",2020,94,2020-04-03,"Interior",1,0,1
"1168","Common/Lesser kestrel","F. tinnunculus/naumanni","Falcons",2020,95,2020-04-04,"Coast",4,0,4
"1169","Common/Lesser kestrel","F. tinnunculus/naumanni","Falcons",2020,95,2020-04-04,"Foothills",4,0,4
"1170","Common/Lesser kestrel","F. tinnunculus/naumanni","Falcons",2020,96,2020-04-05,"Coast",1,0,1
"1171","Common/Lesser kestrel","F. tinnunculus/naumanni","Falcons",2020,96,2020-04-05,"Foothills",1,0,1
"1172","Common/Lesser kestrel","F. tinnunculus/naumanni","Falcons",2020,97,2020-04-06,"Coast",3,0,3
"1173","Common/Lesser kestrel","F. tinnunculus/naumanni","Falcons",2020,99,2020-04-08,"Coast",3,0,3
"1174","Common/Lesser kestrel","F. tinnunculus/naumanni","Falcons",2020,99,2020-04-08,"Foothills",2,0,2
"1175","Common/Lesser kestrel","F. tinnunculus/naumanni","Falcons",2020,100,2020-04-09,"Coast",4,0,4
"1176","Common/Lesser kestrel","F. tinnunculus/naumanni","Falcons",2020,101,2020-04-10,"Coast",0,1,-1
"1177","Common/Lesser kestrel","F. tinnunculus/naumanni","Falcons",2020,101,2020-04-10,"Foothills",1,0,1
"1178","Common/Lesser kestrel","F. tinnunculus/naumanni","Falcons",2020,102,2020-04-11,"Coast",2,0,2
"1179","Common/Lesser kestrel","F. tinnunculus/naumanni","Falcons",2020,104,2020-04-13,"Coast",2,0,2
"1180","Common/Lesser kestrel","F. tinnunculus/naumanni","Falcons",2020,104,2020-04-13,"Foothills",1,0,1
"1181","Common/Lesser kestrel","F. tinnunculus/naumanni","Falcons",2020,105,2020-04-14,"Coast",2,0,2
"1182","Common/Lesser kestrel","F. tinnunculus/naumanni","Falcons",2020,105,2020-04-14,"Interior",1,0,1
"1183","Common/Lesser kestrel","F. tinnunculus/naumanni","Falcons",2020,106,2020-04-15,"Coast",1,0,1
"1184","Common/Lesser kestrel","F. tinnunculus/naumanni","Falcons",2020,108,2020-04-17,"Coast",5,0,5
"1185","Common/Lesser kestrel","F. tinnunculus/naumanni","Falcons",2020,108,2020-04-17,"Interior",1,0,1
"1186","Common/Lesser kestrel","F. tinnunculus/naumanni","Falcons",2020,109,2020-04-18,"Coast",0,1,-1
"1187","Common/Lesser kestrel","F. tinnunculus/naumanni","Falcons",2020,110,2020-04-19,"Coast",0,1,-1
"1188","Common/Lesser kestrel","F. tinnunculus/naumanni","Falcons",2020,111,2020-04-20,"Coast",0,1,-1
"1189","Common/Lesser kestrel","F. tinnunculus/naumanni","Falcons",2020,111,2020-04-20,"Foothills",1,0,1
"1190","Common/Lesser kestrel","F. tinnunculus/naumanni","Falcons",2020,114,2020-04-23,"Coast",4,0,4
"1191","Common/Lesser kestrel","F. tinnunculus/naumanni","Falcons",2020,115,2020-04-24,"Coast",4,0,4
"1192","Common/Lesser kestrel","F. tinnunculus/naumanni","Falcons",2020,117,2020-04-26,"Foothills",1,0,1
"1193","Common/Lesser kestrel","F. tinnunculus/naumanni","Falcons",2020,120,2020-04-29,"Coast",3,0,3
"1194","Common/Lesser kestrel","F. tinnunculus/naumanni","Falcons",2020,122,2020-05-01,"Foothills",1,0,1
"1195","Common/Lesser kestrel","F. tinnunculus/naumanni","Falcons",2020,123,2020-05-02,"Coast",1,0,1
"1196","Common/Lesser kestrel","F. tinnunculus/naumanni","Falcons",2020,124,2020-05-03,"Coast",1,0,1
"1197","Common/Lesser kestrel","F. tinnunculus/naumanni","Falcons",2020,131,2020-05-10,"Coast",1,0,1
"1198","Common/Lesser kestrel","F. tinnunculus/naumanni","Falcons",2020,131,2020-05-10,"Foothills",1,0,1
"1199","Common/Lesser kestrel","F. tinnunculus/naumanni","Falcons",2020,132,2020-05-11,"Interior",1,0,1
"1200","Common/Lesser kestrel","F. tinnunculus/naumanni","Falcons",2020,135,2020-05-14,"Coast",1,0,1
"1201","Common/Lesser kestrel","F. tinnunculus/naumanni","Falcons",2020,140,2020-05-19,"Foothills",1,0,1
"1202","Common/Lesser kestrel","F. tinnunculus/naumanni","Falcons",2022,80,2022-03-21,"Coast",1,0,1
"1203","Common/Lesser kestrel","F. tinnunculus/naumanni","Falcons",2022,83,2022-03-24,"Coast",2,0,2
"1204","Common/Lesser kestrel","F. tinnunculus/naumanni","Falcons",2022,84,2022-03-25,"Coast",8,0,8
"1205","Common/Lesser kestrel","F. tinnunculus/naumanni","Falcons",2022,85,2022-03-26,"Coast",1,0,1
"1206","Common/Lesser kestrel","F. tinnunculus/naumanni","Falcons",2022,86,2022-03-27,"Coast",2,0,2
"1207","Common/Lesser kestrel","F. tinnunculus/naumanni","Falcons",2022,87,2022-03-28,"Coast",2,0,2
"1208","Common/Lesser kestrel","F. tinnunculus/naumanni","Falcons",2022,88,2022-03-29,"Coast",1,0,1
"1209","Common/Lesser kestrel","F. tinnunculus/naumanni","Falcons",2022,89,2022-03-30,"Coast",1,0,1
"1210","Common/Lesser kestrel","F. tinnunculus/naumanni","Falcons",2022,89,2022-03-30,"Interior",2,0,2
"1211","Common/Lesser kestrel","F. tinnunculus/naumanni","Falcons",2022,90,2022-03-31,"Coast",2,0,2
"1212","Common/Lesser kestrel","F. tinnunculus/naumanni","Falcons",2022,91,2022-04-01,"Coast",11,0,11
"1213","Common/Lesser kestrel","F. tinnunculus/naumanni","Falcons",2022,91,2022-04-01,"Foothills",5,0,5
"1214","Common/Lesser kestrel","F. tinnunculus/naumanni","Falcons",2022,92,2022-04-02,"Coast",3,0,3
"1215","Common/Lesser kestrel","F. tinnunculus/naumanni","Falcons",2022,93,2022-04-03,"Coast",7,0,7
"1216","Common/Lesser kestrel","F. tinnunculus/naumanni","Falcons",2022,93,2022-04-03,"Foothills",2,0,2
"1217","Common/Lesser kestrel","F. tinnunculus/naumanni","Falcons",2022,94,2022-04-04,"Coast",9,0,9
"1218","Common/Lesser kestrel","F. tinnunculus/naumanni","Falcons",2022,94,2022-04-04,"Foothills",3,0,3
"1219","Common/Lesser kestrel","F. tinnunculus/naumanni","Falcons",2022,94,2022-04-04,"Interior",1,0,1
"1220","Common/Lesser kestrel","F. tinnunculus/naumanni","Falcons",2022,95,2022-04-05,"Coast",2,0,2
"1221","Common/Lesser kestrel","F. tinnunculus/naumanni","Falcons",2022,95,2022-04-05,"Interior",4,0,4
"1222","Common/Lesser kestrel","F. tinnunculus/naumanni","Falcons",2022,96,2022-04-06,"Coast",23,0,23
"1223","Common/Lesser kestrel","F. tinnunculus/naumanni","Falcons",2022,96,2022-04-06,"Foothills",2,0,2
"1224","Common/Lesser kestrel","F. tinnunculus/naumanni","Falcons",2022,97,2022-04-07,"Coast",1,0,1
"1225","Common/Lesser kestrel","F. tinnunculus/naumanni","Falcons",2022,98,2022-04-08,"Coast",2,1,1
"1226","Common/Lesser kestrel","F. tinnunculus/naumanni","Falcons",2022,98,2022-04-08,"Foothills",1,0,1
"1227","Common/Lesser kestrel","F. tinnunculus/naumanni","Falcons",2022,99,2022-04-09,"Foothills",2,0,2
"1228","Common/Lesser kestrel","F. tinnunculus/naumanni","Falcons",2022,100,2022-04-10,"Coast",1,0,1
"1229","Common/Lesser kestrel","F. tinnunculus/naumanni","Falcons",2022,101,2022-04-11,"Coast",1,0,1
"1230","Common/Lesser kestrel","F. tinnunculus/naumanni","Falcons",2022,101,2022-04-11,"Foothills",3,0,3
"1231","Common/Lesser kestrel","F. tinnunculus/naumanni","Falcons",2022,104,2022-04-14,"Coast",1,0,1
"1232","Common/Lesser kestrel","F. tinnunculus/naumanni","Falcons",2022,106,2022-04-16,"Coast",2,0,2
"1233","Common/Lesser kestrel","F. tinnunculus/naumanni","Falcons",2022,107,2022-04-17,"Coast",3,0,3
"1234","Common/Lesser kestrel","F. tinnunculus/naumanni","Falcons",2022,107,2022-04-17,"Foothills",1,0,1
"1235","Common/Lesser kestrel","F. tinnunculus/naumanni","Falcons",2022,107,2022-04-17,"Interior",1,0,1
"1236","Common/Lesser kestrel","F. tinnunculus/naumanni","Falcons",2022,108,2022-04-18,"Coast",3,1,2
"1237","Common/Lesser kestrel","F. tinnunculus/naumanni","Falcons",2022,108,2022-04-18,"Interior",1,0,1
"1238","Common/Lesser kestrel","F. tinnunculus/naumanni","Falcons",2022,109,2022-04-19,"Coast",3,0,3
"1239","Common/Lesser kestrel","F. tinnunculus/naumanni","Falcons",2022,111,2022-04-21,"Coast",4,0,4
"1240","Common/Lesser kestrel","F. tinnunculus/naumanni","Falcons",2022,111,2022-04-21,"Interior",4,0,4
"1241","Common/Lesser kestrel","F. tinnunculus/naumanni","Falcons",2022,113,2022-04-23,"Coast",2,0,2
"1242","Common/Lesser kestrel","F. tinnunculus/naumanni","Falcons",2022,113,2022-04-23,"Foothills",2,0,2
"1243","Common/Lesser kestrel","F. tinnunculus/naumanni","Falcons",2022,114,2022-04-24,"Coast",4,0,4
"1244","Common/Lesser kestrel","F. tinnunculus/naumanni","Falcons",2022,115,2022-04-25,"Foothills",1,0,1
"1245","Common/Lesser kestrel","F. tinnunculus/naumanni","Falcons",2022,115,2022-04-25,"Interior",1,0,1
"1246","Common/Lesser kestrel","F. tinnunculus/naumanni","Falcons",2022,116,2022-04-26,"Coast",5,0,5
"1247","Common/Lesser kestrel","F. tinnunculus/naumanni","Falcons",2022,117,2022-04-27,"Coast",2,0,2
"1248","Common/Lesser kestrel","F. tinnunculus/naumanni","Falcons",2022,117,2022-04-27,"Foothills",2,0,2
"1249","Common/Lesser kestrel","F. tinnunculus/naumanni","Falcons",2022,118,2022-04-28,"Coast",4,0,4
"1250","Common/Lesser kestrel","F. tinnunculus/naumanni","Falcons",2022,119,2022-04-29,"Foothills",1,0,1
"1251","Common/Lesser kestrel","F. tinnunculus/naumanni","Falcons",2022,123,2022-05-03,"Coast",2,0,2
"1252","Common/Lesser kestrel","F. tinnunculus/naumanni","Falcons",2022,126,2022-05-06,"Coast",2,0,2
"1253","Common/Lesser kestrel","F. tinnunculus/naumanni","Falcons",2022,126,2022-05-06,"Foothills",1,0,1
"1254","Common/Lesser kestrel","F. tinnunculus/naumanni","Falcons",2022,127,2022-05-07,"Foothills",1,0,1
"1255","Common/Lesser kestrel","F. tinnunculus/naumanni","Falcons",2022,128,2022-05-08,"Coast",3,0,3
"1256","Common/Lesser kestrel","F. tinnunculus/naumanni","Falcons",2022,130,2022-05-10,"Coast",4,0,4
"1257","Common/Lesser kestrel","F. tinnunculus/naumanni","Falcons",2022,131,2022-05-11,"Coast",1,0,1
"1258","Common/Lesser kestrel","F. tinnunculus/naumanni","Falcons",2022,132,2022-05-12,"Coast",3,0,3
"1259","Common/Lesser kestrel","F. tinnunculus/naumanni","Falcons",2022,134,2022-05-14,"Coast",1,0,1
"1260","Common/Lesser kestrel","F. tinnunculus/naumanni","Falcons",2022,134,2022-05-14,"Foothills",1,0,1
"1261","Common/Lesser kestrel","F. tinnunculus/naumanni","Falcons",2022,135,2022-05-15,"Coast",1,0,1
"1262","Common/Lesser kestrel","F. tinnunculus/naumanni","Falcons",2022,137,2022-05-17,"Interior",1,0,1
"1263","Crested honey buzzard","Pernis ptilorhynchus","Buzzards & Kites",2019,126,2019-05-06,"Coast",1,0,1
"1264","Crested honey buzzard","Pernis ptilorhynchus","Buzzards & Kites",2019,134,2019-05-14,"Coast",1,0,1
"1265","Crested honey buzzard","Pernis ptilorhynchus","Buzzards & Kites",2019,140,2019-05-20,"Coast",1,0,1
"1266","Crested honey buzzard","Pernis ptilorhynchus","Buzzards & Kites",2020,143,2020-05-22,"Coast",1,0,1
"1267","Crested honey buzzard","Pernis ptilorhynchus","Buzzards & Kites",2022,118,2022-04-28,"Coast",1,0,1
"1268","Crested honey buzzard","Pernis ptilorhynchus","Buzzards & Kites",2022,123,2022-05-03,"Coast",2,0,2
"1269","Crested honey buzzard","Pernis ptilorhynchus","Buzzards & Kites",2022,128,2022-05-08,"Coast",1,0,1
"1270","Crested honey buzzard","Pernis ptilorhynchus","Buzzards & Kites",2022,129,2022-05-09,"Coast",1,0,1
"1271","Crested honey buzzard","Pernis ptilorhynchus","Buzzards & Kites",2022,130,2022-05-10,"Coast",6,0,6
"1272","Crested honey buzzard","Pernis ptilorhynchus","Buzzards & Kites",2022,130,2022-05-10,"Foothills",1,0,1
"1273","Crested honey buzzard","Pernis ptilorhynchus","Buzzards & Kites",2022,131,2022-05-11,"Coast",1,0,1
"1274","Crested honey buzzard","Pernis ptilorhynchus","Buzzards & Kites",2022,132,2022-05-12,"Coast",3,0,3
"1275","Crested honey buzzard","Pernis ptilorhynchus","Buzzards & Kites",2022,132,2022-05-12,"Foothills",1,0,1
"1276","Crested honey buzzard","Pernis ptilorhynchus","Buzzards & Kites",2022,145,2022-05-25,"Coast",2,0,2
"1277","eagle spec","Aquila/Clanga","Eagles",2019,80,2019-03-21,"Coast",5,0,5
"1278","eagle spec","Aquila/Clanga","Eagles",2019,80,2019-03-21,"Foothills",3,0,3
"1279","eagle spec","Aquila/Clanga","Eagles",2019,82,2019-03-23,"Coast",31,0,31
"1280","eagle spec","Aquila/Clanga","Eagles",2019,82,2019-03-23,"Foothills",2,0,2
"1281","eagle spec","Aquila/Clanga","Eagles",2019,83,2019-03-24,"Coast",16,0,16
"1282","eagle spec","Aquila/Clanga","Eagles",2019,84,2019-03-25,"Coast",26,0,26
"1283","eagle spec","Aquila/Clanga","Eagles",2019,84,2019-03-25,"Foothills",1,0,1
"1284","eagle spec","Aquila/Clanga","Eagles",2019,84,2019-03-25,"Interior",2,0,2
"1285","eagle spec","Aquila/Clanga","Eagles",2019,85,2019-03-26,"Coast",5,0,5
"1286","eagle spec","Aquila/Clanga","Eagles",2019,85,2019-03-26,"Foothills",2,0,2
"1287","eagle spec","Aquila/Clanga","Eagles",2019,85,2019-03-26,"Interior",1,0,1
"1288","eagle spec","Aquila/Clanga","Eagles",2019,88,2019-03-29,"Coast",23,0,23
"1289","eagle spec","Aquila/Clanga","Eagles",2019,88,2019-03-29,"Foothills",6,0,6
"1290","eagle spec","Aquila/Clanga","Eagles",2019,89,2019-03-30,"Coast",14,0,14
"1291","eagle spec","Aquila/Clanga","Eagles",2019,90,2019-03-31,"Coast",16,0,16
"1292","eagle spec","Aquila/Clanga","Eagles",2019,90,2019-03-31,"Foothills",1,0,1
"1293","eagle spec","Aquila/Clanga","Eagles",2019,93,2019-04-03,"Coast",152,0,152
"1294","eagle spec","Aquila/Clanga","Eagles",2019,93,2019-04-03,"Foothills",15,0,15
"1295","eagle spec","Aquila/Clanga","Eagles",2019,93,2019-04-03,"Interior",12,0,12
"1296","eagle spec","Aquila/Clanga","Eagles",2019,94,2019-04-04,"Coast",24,0,24
"1297","eagle spec","Aquila/Clanga","Eagles",2019,94,2019-04-04,"Foothills",1,0,1
"1298","eagle spec","Aquila/Clanga","Eagles",2019,95,2019-04-05,"Coast",10,0,10
"1299","eagle spec","Aquila/Clanga","Eagles",2019,95,2019-04-05,"Foothills",51,0,51
"1300","eagle spec","Aquila/Clanga","Eagles",2019,95,2019-04-05,"Interior",26,0,26
"1301","eagle spec","Aquila/Clanga","Eagles",2019,96,2019-04-06,"Coast",40,0,40
"1302","eagle spec","Aquila/Clanga","Eagles",2019,96,2019-04-06,"Foothills",7,0,7
"1303","eagle spec","Aquila/Clanga","Eagles",2019,96,2019-04-06,"Interior",61,0,61
"1304","eagle spec","Aquila/Clanga","Eagles",2019,97,2019-04-07,"Coast",2,0,2
"1305","eagle spec","Aquila/Clanga","Eagles",2019,97,2019-04-07,"Interior",94,0,94
"1306","eagle spec","Aquila/Clanga","Eagles",2019,98,2019-04-08,"Coast",1,0,1
"1307","eagle spec","Aquila/Clanga","Eagles",2019,98,2019-04-08,"Interior",6,0,6
"1308","eagle spec","Aquila/Clanga","Eagles",2019,101,2019-04-11,"Coast",12,0,12
"1309","eagle spec","Aquila/Clanga","Eagles",2019,101,2019-04-11,"Foothills",9,0,9
"1310","eagle spec","Aquila/Clanga","Eagles",2019,101,2019-04-11,"Interior",27,0,27
"1311","eagle spec","Aquila/Clanga","Eagles",2019,102,2019-04-12,"Foothills",6,0,6
"1312","eagle spec","Aquila/Clanga","Eagles",2019,102,2019-04-12,"Interior",28,0,28
"1313","eagle spec","Aquila/Clanga","Eagles",2019,103,2019-04-13,"Coast",1,0,1
"1314","eagle spec","Aquila/Clanga","Eagles",2019,103,2019-04-13,"Foothills",1,0,1
"1315","eagle spec","Aquila/Clanga","Eagles",2019,103,2019-04-13,"Interior",5,0,5
"1316","eagle spec","Aquila/Clanga","Eagles",2019,104,2019-04-14,"Coast",6,0,6
"1317","eagle spec","Aquila/Clanga","Eagles",2019,104,2019-04-14,"Foothills",7,0,7
"1318","eagle spec","Aquila/Clanga","Eagles",2019,104,2019-04-14,"Interior",1,0,1
"1319","eagle spec","Aquila/Clanga","Eagles",2019,105,2019-04-15,"Interior",4,0,4
"1320","eagle spec","Aquila/Clanga","Eagles",2019,108,2019-04-18,"Coast",27,0,27
"1321","eagle spec","Aquila/Clanga","Eagles",2019,108,2019-04-18,"Foothills",6,0,6
"1322","eagle spec","Aquila/Clanga","Eagles",2019,110,2019-04-20,"Coast",135,0,135
"1323","eagle spec","Aquila/Clanga","Eagles",2019,110,2019-04-20,"Foothills",14,0,14
"1324","eagle spec","Aquila/Clanga","Eagles",2019,110,2019-04-20,"Interior",3,0,3
"1325","eagle spec","Aquila/Clanga","Eagles",2019,112,2019-04-22,"Coast",21,0,21
"1326","eagle spec","Aquila/Clanga","Eagles",2019,112,2019-04-22,"Foothills",1,0,1
"1327","eagle spec","Aquila/Clanga","Eagles",2019,113,2019-04-23,"Coast",12,0,12
"1328","eagle spec","Aquila/Clanga","Eagles",2019,114,2019-04-24,"Coast",1,0,1
"1329","eagle spec","Aquila/Clanga","Eagles",2019,114,2019-04-24,"Foothills",5,0,5
"1330","eagle spec","Aquila/Clanga","Eagles",2019,114,2019-04-24,"Interior",8,0,8
"1331","eagle spec","Aquila/Clanga","Eagles",2019,115,2019-04-25,"Coast",1,0,1
"1332","eagle spec","Aquila/Clanga","Eagles",2019,115,2019-04-25,"Foothills",1,0,1
"1333","eagle spec","Aquila/Clanga","Eagles",2019,115,2019-04-25,"Interior",3,0,3
"1334","eagle spec","Aquila/Clanga","Eagles",2019,116,2019-04-26,"Coast",1,0,1
"1335","eagle spec","Aquila/Clanga","Eagles",2019,116,2019-04-26,"Foothills",1,0,1
"1336","eagle spec","Aquila/Clanga","Eagles",2019,116,2019-04-26,"Interior",2,0,2
"1337","eagle spec","Aquila/Clanga","Eagles",2019,117,2019-04-27,"Coast",1,0,1
"1338","eagle spec","Aquila/Clanga","Eagles",2019,117,2019-04-27,"Foothills",3,0,3
"1339","eagle spec","Aquila/Clanga","Eagles",2019,120,2019-04-30,"Coast",2,0,2
"1340","eagle spec","Aquila/Clanga","Eagles",2019,120,2019-04-30,"Foothills",1,0,1
"1341","eagle spec","Aquila/Clanga","Eagles",2019,120,2019-04-30,"Interior",1,0,1
"1342","eagle spec","Aquila/Clanga","Eagles",2019,121,2019-05-01,"Foothills",6,0,6
"1343","eagle spec","Aquila/Clanga","Eagles",2019,122,2019-05-02,"Foothills",1,0,1
"1344","eagle spec","Aquila/Clanga","Eagles",2019,125,2019-05-05,"Coast",4,0,4
"1345","eagle spec","Aquila/Clanga","Eagles",2019,125,2019-05-05,"Foothills",1,0,1
"1346","eagle spec","Aquila/Clanga","Eagles",2019,125,2019-05-05,"Interior",18,0,18
"1347","eagle spec","Aquila/Clanga","Eagles",2019,126,2019-05-06,"Coast",1,0,1
"1348","eagle spec","Aquila/Clanga","Eagles",2019,126,2019-05-06,"Foothills",6,0,6
"1349","eagle spec","Aquila/Clanga","Eagles",2019,126,2019-05-06,"Interior",6,0,6
"1350","eagle spec","Aquila/Clanga","Eagles",2019,127,2019-05-07,"Coast",1,0,1
"1351","eagle spec","Aquila/Clanga","Eagles",2019,127,2019-05-07,"Foothills",1,0,1
"1352","eagle spec","Aquila/Clanga","Eagles",2019,128,2019-05-08,"Coast",3,0,3
"1353","eagle spec","Aquila/Clanga","Eagles",2019,128,2019-05-08,"Foothills",2,0,2
"1354","eagle spec","Aquila/Clanga","Eagles",2019,129,2019-05-09,"Coast",2,0,2
"1355","eagle spec","Aquila/Clanga","Eagles",2019,130,2019-05-10,"Coast",8,0,8
"1356","eagle spec","Aquila/Clanga","Eagles",2019,130,2019-05-10,"Foothills",3,0,3
"1357","eagle spec","Aquila/Clanga","Eagles",2019,130,2019-05-10,"Interior",1,0,1
"1358","eagle spec","Aquila/Clanga","Eagles",2019,131,2019-05-11,"Interior",2,0,2
"1359","eagle spec","Aquila/Clanga","Eagles",2019,133,2019-05-13,"Coast",9,0,9
"1360","eagle spec","Aquila/Clanga","Eagles",2019,133,2019-05-13,"Foothills",1,0,1
"1361","eagle spec","Aquila/Clanga","Eagles",2019,134,2019-05-14,"Interior",6,0,6
"1362","eagle spec","Aquila/Clanga","Eagles",2019,135,2019-05-15,"Coast",2,0,2
"1363","eagle spec","Aquila/Clanga","Eagles",2019,135,2019-05-15,"Foothills",1,0,1
"1364","eagle spec","Aquila/Clanga","Eagles",2019,135,2019-05-15,"Interior",3,0,3
"1365","eagle spec","Aquila/Clanga","Eagles",2019,139,2019-05-19,"Foothills",4,0,4
"1366","eagle spec","Aquila/Clanga","Eagles",2019,140,2019-05-20,"Coast",5,0,5
"1367","eagle spec","Aquila/Clanga","Eagles",2019,140,2019-05-20,"Interior",1,0,1
"1368","eagle spec","Aquila/Clanga","Eagles",2019,141,2019-05-21,"Interior",7,0,7
"1369","eagle spec","Aquila/Clanga","Eagles",2019,144,2019-05-24,"Interior",1,0,1
"1370","eagle spec","Aquila/Clanga","Eagles",2019,147,2019-05-27,"Interior",1,0,1
"1371","eagle spec","Aquila/Clanga","Eagles",2020,62,2020-03-02,"Foothills",1,0,1
"1372","eagle spec","Aquila/Clanga","Eagles",2020,63,2020-03-03,"Interior",1,0,1
"1373","eagle spec","Aquila/Clanga","Eagles",2020,65,2020-03-05,"Interior",1,0,1
"1374","eagle spec","Aquila/Clanga","Eagles",2020,70,2020-03-10,"Coast",1,0,1
"1375","eagle spec","Aquila/Clanga","Eagles",2020,70,2020-03-10,"Foothills",1,0,1
"1376","eagle spec","Aquila/Clanga","Eagles",2020,71,2020-03-11,"Foothills",3,0,3
"1377","eagle spec","Aquila/Clanga","Eagles",2020,71,2020-03-11,"Interior",5,0,5
"1378","eagle spec","Aquila/Clanga","Eagles",2020,75,2020-03-15,"Interior",1,0,1
"1379","eagle spec","Aquila/Clanga","Eagles",2020,81,2020-03-21,"Coast",2,0,2
"1380","eagle spec","Aquila/Clanga","Eagles",2020,81,2020-03-21,"Foothills",1,0,1
"1381","eagle spec","Aquila/Clanga","Eagles",2020,82,2020-03-22,"Coast",2,0,2
"1382","eagle spec","Aquila/Clanga","Eagles",2020,82,2020-03-22,"Foothills",4,0,4
"1383","eagle spec","Aquila/Clanga","Eagles",2020,82,2020-03-22,"Interior",19,0,19
"1384","eagle spec","Aquila/Clanga","Eagles",2020,83,2020-03-23,"Coast",1,0,1
"1385","eagle spec","Aquila/Clanga","Eagles",2020,83,2020-03-23,"Foothills",1,0,1
"1386","eagle spec","Aquila/Clanga","Eagles",2020,83,2020-03-23,"Interior",44,0,44
"1387","eagle spec","Aquila/Clanga","Eagles",2020,84,2020-03-24,"Coast",33,0,33
"1388","eagle spec","Aquila/Clanga","Eagles",2020,84,2020-03-24,"Foothills",12,0,12
"1389","eagle spec","Aquila/Clanga","Eagles",2020,84,2020-03-24,"Interior",1,0,1
"1390","eagle spec","Aquila/Clanga","Eagles",2020,86,2020-03-26,"Coast",2,0,2
"1391","eagle spec","Aquila/Clanga","Eagles",2020,87,2020-03-27,"Foothills",1,0,1
"1392","eagle spec","Aquila/Clanga","Eagles",2020,87,2020-03-27,"Interior",12,0,12
"1393","eagle spec","Aquila/Clanga","Eagles",2020,88,2020-03-28,"Coast",6,0,6
"1394","eagle spec","Aquila/Clanga","Eagles",2020,88,2020-03-28,"Interior",9,0,9
"1395","eagle spec","Aquila/Clanga","Eagles",2020,91,2020-03-31,"Coast",28,0,28
"1396","eagle spec","Aquila/Clanga","Eagles",2020,91,2020-03-31,"Foothills",71,0,71
"1397","eagle spec","Aquila/Clanga","Eagles",2020,91,2020-03-31,"Interior",112,0,112
"1398","eagle spec","Aquila/Clanga","Eagles",2020,92,2020-04-01,"Coast",32,0,32
"1399","eagle spec","Aquila/Clanga","Eagles",2020,92,2020-04-01,"Foothills",256,0,256
"1400","eagle spec","Aquila/Clanga","Eagles",2020,92,2020-04-01,"Interior",51,0,51
"1401","eagle spec","Aquila/Clanga","Eagles",2020,93,2020-04-02,"Coast",8,0,8
"1402","eagle spec","Aquila/Clanga","Eagles",2020,94,2020-04-03,"Coast",3,0,3
"1403","eagle spec","Aquila/Clanga","Eagles",2020,94,2020-04-03,"Foothills",12,0,12
"1404","eagle spec","Aquila/Clanga","Eagles",2020,94,2020-04-03,"Interior",33,0,33
"1405","eagle spec","Aquila/Clanga","Eagles",2020,95,2020-04-04,"Coast",70,0,70
"1406","eagle spec","Aquila/Clanga","Eagles",2020,95,2020-04-04,"Foothills",30,0,30
"1407","eagle spec","Aquila/Clanga","Eagles",2020,95,2020-04-04,"Interior",57,0,57
"1408","eagle spec","Aquila/Clanga","Eagles",2020,96,2020-04-05,"Coast",11,0,11
"1409","eagle spec","Aquila/Clanga","Eagles",2020,96,2020-04-05,"Foothills",25,0,25
"1410","eagle spec","Aquila/Clanga","Eagles",2020,96,2020-04-05,"Interior",111,0,111
"1411","eagle spec","Aquila/Clanga","Eagles",2020,97,2020-04-06,"Coast",236,0,236
"1412","eagle spec","Aquila/Clanga","Eagles",2020,97,2020-04-06,"Foothills",10,0,10
"1413","eagle spec","Aquila/Clanga","Eagles",2020,97,2020-04-06,"Interior",2,0,2
"1414","eagle spec","Aquila/Clanga","Eagles",2020,99,2020-04-08,"Coast",174,0,174
"1415","eagle spec","Aquila/Clanga","Eagles",2020,99,2020-04-08,"Foothills",125,0,125
"1416","eagle spec","Aquila/Clanga","Eagles",2020,99,2020-04-08,"Interior",42,0,42
"1417","eagle spec","Aquila/Clanga","Eagles",2020,100,2020-04-09,"Coast",17,0,17
"1418","eagle spec","Aquila/Clanga","Eagles",2020,100,2020-04-09,"Foothills",1,0,1
"1419","eagle spec","Aquila/Clanga","Eagles",2020,100,2020-04-09,"Interior",5,0,5
"1420","eagle spec","Aquila/Clanga","Eagles",2020,101,2020-04-10,"Coast",50,0,50
"1421","eagle spec","Aquila/Clanga","Eagles",2020,102,2020-04-11,"Coast",54,0,54
"1422","eagle spec","Aquila/Clanga","Eagles",2020,102,2020-04-11,"Foothills",46,0,46
"1423","eagle spec","Aquila/Clanga","Eagles",2020,102,2020-04-11,"Interior",11,0,11
"1424","eagle spec","Aquila/Clanga","Eagles",2020,104,2020-04-13,"Coast",4,0,4
"1425","eagle spec","Aquila/Clanga","Eagles",2020,104,2020-04-13,"Foothills",3,0,3
"1426","eagle spec","Aquila/Clanga","Eagles",2020,104,2020-04-13,"Interior",5,0,5
"1427","eagle spec","Aquila/Clanga","Eagles",2020,105,2020-04-14,"Foothills",2,0,2
"1428","eagle spec","Aquila/Clanga","Eagles",2020,105,2020-04-14,"Interior",30,0,30
"1429","eagle spec","Aquila/Clanga","Eagles",2020,106,2020-04-15,"Coast",5,0,5
"1430","eagle spec","Aquila/Clanga","Eagles",2020,106,2020-04-15,"Foothills",12,0,12
"1431","eagle spec","Aquila/Clanga","Eagles",2020,106,2020-04-15,"Interior",25,0,25
"1432","eagle spec","Aquila/Clanga","Eagles",2020,108,2020-04-17,"Coast",2,0,2
"1433","eagle spec","Aquila/Clanga","Eagles",2020,108,2020-04-17,"Foothills",3,0,3
"1434","eagle spec","Aquila/Clanga","Eagles",2020,108,2020-04-17,"Interior",2,0,2
"1435","eagle spec","Aquila/Clanga","Eagles",2020,109,2020-04-18,"Coast",2,0,2
"1436","eagle spec","Aquila/Clanga","Eagles",2020,109,2020-04-18,"Foothills",5,0,5
"1437","eagle spec","Aquila/Clanga","Eagles",2020,109,2020-04-18,"Interior",18,0,18
"1438","eagle spec","Aquila/Clanga","Eagles",2020,110,2020-04-19,"Foothills",5,0,5
"1439","eagle spec","Aquila/Clanga","Eagles",2020,110,2020-04-19,"Interior",14,0,14
"1440","eagle spec","Aquila/Clanga","Eagles",2020,111,2020-04-20,"Foothills",9,0,9
"1441","eagle spec","Aquila/Clanga","Eagles",2020,111,2020-04-20,"Interior",7,0,7
"1442","eagle spec","Aquila/Clanga","Eagles",2020,115,2020-04-24,"Coast",1,0,1
"1443","eagle spec","Aquila/Clanga","Eagles",2020,116,2020-04-25,"Coast",5,0,5
"1444","eagle spec","Aquila/Clanga","Eagles",2020,116,2020-04-25,"Foothills",1,0,1
"1445","eagle spec","Aquila/Clanga","Eagles",2020,117,2020-04-26,"Coast",5,0,5
"1446","eagle spec","Aquila/Clanga","Eagles",2020,117,2020-04-26,"Foothills",3,0,3
"1447","eagle spec","Aquila/Clanga","Eagles",2020,117,2020-04-26,"Interior",1,0,1
"1448","eagle spec","Aquila/Clanga","Eagles",2020,118,2020-04-27,"Foothills",3,0,3
"1449","eagle spec","Aquila/Clanga","Eagles",2020,118,2020-04-27,"Interior",16,0,16
"1450","eagle spec","Aquila/Clanga","Eagles",2020,120,2020-04-29,"Coast",1,0,1
"1451","eagle spec","Aquila/Clanga","Eagles",2020,120,2020-04-29,"Foothills",13,0,13
"1452","eagle spec","Aquila/Clanga","Eagles",2020,120,2020-04-29,"Interior",3,0,3
"1453","eagle spec","Aquila/Clanga","Eagles",2020,121,2020-04-30,"Foothills",5,0,5
"1454","eagle spec","Aquila/Clanga","Eagles",2020,122,2020-05-01,"Foothills",2,0,2
"1455","eagle spec","Aquila/Clanga","Eagles",2020,123,2020-05-02,"Foothills",1,0,1
"1456","eagle spec","Aquila/Clanga","Eagles",2020,124,2020-05-03,"Interior",3,0,3
"1457","eagle spec","Aquila/Clanga","Eagles",2020,125,2020-05-04,"Interior",2,0,2
"1458","eagle spec","Aquila/Clanga","Eagles",2020,128,2020-05-07,"Interior",8,0,8
"1459","eagle spec","Aquila/Clanga","Eagles",2020,130,2020-05-09,"Coast",5,0,5
"1460","eagle spec","Aquila/Clanga","Eagles",2020,130,2020-05-09,"Foothills",2,0,2
"1461","eagle spec","Aquila/Clanga","Eagles",2020,131,2020-05-10,"Coast",39,0,39
"1462","eagle spec","Aquila/Clanga","Eagles",2020,131,2020-05-10,"Foothills",13,0,13
"1463","eagle spec","Aquila/Clanga","Eagles",2020,131,2020-05-10,"Interior",1,0,1
"1464","eagle spec","Aquila/Clanga","Eagles",2020,132,2020-05-11,"Coast",2,0,2
"1465","eagle spec","Aquila/Clanga","Eagles",2020,132,2020-05-11,"Interior",18,0,18
"1466","eagle spec","Aquila/Clanga","Eagles",2020,133,2020-05-12,"Foothills",1,0,1
"1467","eagle spec","Aquila/Clanga","Eagles",2020,133,2020-05-12,"Interior",2,0,2
"1468","eagle spec","Aquila/Clanga","Eagles",2020,134,2020-05-13,"Coast",6,0,6
"1469","eagle spec","Aquila/Clanga","Eagles",2020,134,2020-05-13,"Foothills",23,0,23
"1470","eagle spec","Aquila/Clanga","Eagles",2020,135,2020-05-14,"Coast",3,0,3
"1471","eagle spec","Aquila/Clanga","Eagles",2020,135,2020-05-14,"Interior",1,0,1
"1472","eagle spec","Aquila/Clanga","Eagles",2020,136,2020-05-15,"Interior",1,0,1
"1473","eagle spec","Aquila/Clanga","Eagles",2020,138,2020-05-17,"Coast",2,0,2
"1474","eagle spec","Aquila/Clanga","Eagles",2020,138,2020-05-17,"Foothills",2,0,2
"1475","eagle spec","Aquila/Clanga","Eagles",2020,141,2020-05-20,"Interior",2,0,2
"1476","eagle spec","Aquila/Clanga","Eagles",2020,143,2020-05-22,"Foothills",14,0,14
"1477","eagle spec","Aquila/Clanga","Eagles",2020,143,2020-05-22,"Interior",1,0,1
"1478","eagle spec","Aquila/Clanga","Eagles",2022,73,2022-03-14,"Coast",2,0,2
"1479","eagle spec","Aquila/Clanga","Eagles",2022,77,2022-03-18,"Interior",2,0,2
"1480","eagle spec","Aquila/Clanga","Eagles",2022,79,2022-03-20,"Coast",1,0,1
"1481","eagle spec","Aquila/Clanga","Eagles",2022,80,2022-03-21,"Foothills",1,0,1
"1482","eagle spec","Aquila/Clanga","Eagles",2022,81,2022-03-22,"Coast",9,0,9
"1483","eagle spec","Aquila/Clanga","Eagles",2022,82,2022-03-23,"Coast",73,0,73
"1484","eagle spec","Aquila/Clanga","Eagles",2022,82,2022-03-23,"Foothills",1,0,1
"1485","eagle spec","Aquila/Clanga","Eagles",2022,83,2022-03-24,"Coast",52,0,52
"1486","eagle spec","Aquila/Clanga","Eagles",2022,84,2022-03-25,"Coast",125,0,125
"1487","eagle spec","Aquila/Clanga","Eagles",2022,84,2022-03-25,"Foothills",3,0,3
"1488","eagle spec","Aquila/Clanga","Eagles",2022,84,2022-03-25,"Interior",3,0,3
"1489","eagle spec","Aquila/Clanga","Eagles",2022,85,2022-03-26,"Coast",163,0,163
"1490","eagle spec","Aquila/Clanga","Eagles",2022,86,2022-03-27,"Coast",111,0,111
"1491","eagle spec","Aquila/Clanga","Eagles",2022,86,2022-03-27,"Foothills",20,0,20
"1492","eagle spec","Aquila/Clanga","Eagles",2022,86,2022-03-27,"Interior",62,0,62
"1493","eagle spec","Aquila/Clanga","Eagles",2022,87,2022-03-28,"Coast",157,0,157
"1494","eagle spec","Aquila/Clanga","Eagles",2022,87,2022-03-28,"Foothills",82,0,82
"1495","eagle spec","Aquila/Clanga","Eagles",2022,87,2022-03-28,"Interior",3,0,3
"1496","eagle spec","Aquila/Clanga","Eagles",2022,88,2022-03-29,"Coast",79,0,79
"1497","eagle spec","Aquila/Clanga","Eagles",2022,88,2022-03-29,"Foothills",64,0,64
"1498","eagle spec","Aquila/Clanga","Eagles",2022,88,2022-03-29,"Interior",256,0,256
"1499","eagle spec","Aquila/Clanga","Eagles",2022,89,2022-03-30,"Coast",26,0,26
"1500","eagle spec","Aquila/Clanga","Eagles",2022,89,2022-03-30,"Foothills",107,0,107
"1501","eagle spec","Aquila/Clanga","Eagles",2022,89,2022-03-30,"Interior",178,0,178
"1502","eagle spec","Aquila/Clanga","Eagles",2022,90,2022-03-31,"Coast",29,0,29
"1503","eagle spec","Aquila/Clanga","Eagles",2022,90,2022-03-31,"Foothills",53,0,53
"1504","eagle spec","Aquila/Clanga","Eagles",2022,90,2022-03-31,"Interior",175,0,175
"1505","eagle spec","Aquila/Clanga","Eagles",2022,91,2022-04-01,"Coast",6,0,6
"1506","eagle spec","Aquila/Clanga","Eagles",2022,91,2022-04-01,"Foothills",4,0,4
"1507","eagle spec","Aquila/Clanga","Eagles",2022,91,2022-04-01,"Interior",28,0,28
"1508","eagle spec","Aquila/Clanga","Eagles",2022,92,2022-04-02,"Coast",8,0,8
"1509","eagle spec","Aquila/Clanga","Eagles",2022,92,2022-04-02,"Foothills",7,0,7
"1510","eagle spec","Aquila/Clanga","Eagles",2022,92,2022-04-02,"Interior",35,0,35
"1511","eagle spec","Aquila/Clanga","Eagles",2022,93,2022-04-03,"Coast",33,0,33
"1512","eagle spec","Aquila/Clanga","Eagles",2022,93,2022-04-03,"Foothills",3,0,3
"1513","eagle spec","Aquila/Clanga","Eagles",2022,93,2022-04-03,"Interior",42,0,42
"1514","eagle spec","Aquila/Clanga","Eagles",2022,94,2022-04-04,"Coast",11,0,11
"1515","eagle spec","Aquila/Clanga","Eagles",2022,94,2022-04-04,"Foothills",19,0,19
"1516","eagle spec","Aquila/Clanga","Eagles",2022,94,2022-04-04,"Interior",87,0,87
"1517","eagle spec","Aquila/Clanga","Eagles",2022,95,2022-04-05,"Coast",18,0,18
"1518","eagle spec","Aquila/Clanga","Eagles",2022,95,2022-04-05,"Foothills",14,0,14
"1519","eagle spec","Aquila/Clanga","Eagles",2022,95,2022-04-05,"Interior",15,0,15
"1520","eagle spec","Aquila/Clanga","Eagles",2022,96,2022-04-06,"Coast",46,0,46
"1521","eagle spec","Aquila/Clanga","Eagles",2022,96,2022-04-06,"Foothills",22,0,22
"1522","eagle spec","Aquila/Clanga","Eagles",2022,96,2022-04-06,"Interior",62,0,62
"1523","eagle spec","Aquila/Clanga","Eagles",2022,97,2022-04-07,"Coast",32,0,32
"1524","eagle spec","Aquila/Clanga","Eagles",2022,98,2022-04-08,"Coast",53,0,53
"1525","eagle spec","Aquila/Clanga","Eagles",2022,98,2022-04-08,"Foothills",25,0,25
"1526","eagle spec","Aquila/Clanga","Eagles",2022,98,2022-04-08,"Interior",73,0,73
"1527","eagle spec","Aquila/Clanga","Eagles",2022,99,2022-04-09,"Coast",54,0,54
"1528","eagle spec","Aquila/Clanga","Eagles",2022,99,2022-04-09,"Foothills",48,0,48
"1529","eagle spec","Aquila/Clanga","Eagles",2022,99,2022-04-09,"Interior",128,0,128
"1530","eagle spec","Aquila/Clanga","Eagles",2022,100,2022-04-10,"Coast",7,0,7
"1531","eagle spec","Aquila/Clanga","Eagles",2022,100,2022-04-10,"Interior",47,0,47
"1532","eagle spec","Aquila/Clanga","Eagles",2022,101,2022-04-11,"Coast",69,0,69
"1533","eagle spec","Aquila/Clanga","Eagles",2022,101,2022-04-11,"Foothills",4,0,4
"1534","eagle spec","Aquila/Clanga","Eagles",2022,101,2022-04-11,"Interior",30,0,30
"1535","eagle spec","Aquila/Clanga","Eagles",2022,103,2022-04-13,"Coast",2,0,2
"1536","eagle spec","Aquila/Clanga","Eagles",2022,103,2022-04-13,"Foothills",1,0,1
"1537","eagle spec","Aquila/Clanga","Eagles",2022,104,2022-04-14,"Coast",22,0,22
"1538","eagle spec","Aquila/Clanga","Eagles",2022,104,2022-04-14,"Foothills",14,0,14
"1539","eagle spec","Aquila/Clanga","Eagles",2022,104,2022-04-14,"Interior",115,0,115
"1540","eagle spec","Aquila/Clanga","Eagles",2022,105,2022-04-15,"Coast",18,0,18
"1541","eagle spec","Aquila/Clanga","Eagles",2022,105,2022-04-15,"Foothills",24,0,24
"1542","eagle spec","Aquila/Clanga","Eagles",2022,105,2022-04-15,"Interior",83,0,83
"1543","eagle spec","Aquila/Clanga","Eagles",2022,106,2022-04-16,"Coast",1,0,1
"1544","eagle spec","Aquila/Clanga","Eagles",2022,106,2022-04-16,"Foothills",3,0,3
"1545","eagle spec","Aquila/Clanga","Eagles",2022,106,2022-04-16,"Interior",64,0,64
"1546","eagle spec","Aquila/Clanga","Eagles",2022,107,2022-04-17,"Coast",2,0,2
"1547","eagle spec","Aquila/Clanga","Eagles",2022,107,2022-04-17,"Foothills",41,0,41
"1548","eagle spec","Aquila/Clanga","Eagles",2022,107,2022-04-17,"Interior",16,0,16
"1549","eagle spec","Aquila/Clanga","Eagles",2022,108,2022-04-18,"Coast",3,0,3
"1550","eagle spec","Aquila/Clanga","Eagles",2022,108,2022-04-18,"Interior",24,0,24
"1551","eagle spec","Aquila/Clanga","Eagles",2022,109,2022-04-19,"Coast",10,0,10
"1552","eagle spec","Aquila/Clanga","Eagles",2022,109,2022-04-19,"Foothills",1,0,1
"1553","eagle spec","Aquila/Clanga","Eagles",2022,111,2022-04-21,"Coast",3,0,3
"1554","eagle spec","Aquila/Clanga","Eagles",2022,111,2022-04-21,"Foothills",8,0,8
"1555","eagle spec","Aquila/Clanga","Eagles",2022,111,2022-04-21,"Interior",21,0,21
"1556","eagle spec","Aquila/Clanga","Eagles",2022,113,2022-04-23,"Interior",33,0,33
"1557","eagle spec","Aquila/Clanga","Eagles",2022,114,2022-04-24,"Coast",4,0,4
"1558","eagle spec","Aquila/Clanga","Eagles",2022,114,2022-04-24,"Foothills",2,0,2
"1559","eagle spec","Aquila/Clanga","Eagles",2022,114,2022-04-24,"Interior",39,0,39
"1560","eagle spec","Aquila/Clanga","Eagles",2022,115,2022-04-25,"Interior",3,0,3
"1561","eagle spec","Aquila/Clanga","Eagles",2022,116,2022-04-26,"Coast",1,0,1
"1562","eagle spec","Aquila/Clanga","Eagles",2022,116,2022-04-26,"Foothills",5,0,5
"1563","eagle spec","Aquila/Clanga","Eagles",2022,116,2022-04-26,"Interior",7,0,7
"1564","eagle spec","Aquila/Clanga","Eagles",2022,117,2022-04-27,"Foothills",2,0,2
"1565","eagle spec","Aquila/Clanga","Eagles",2022,117,2022-04-27,"Interior",14,0,14
"1566","eagle spec","Aquila/Clanga","Eagles",2022,118,2022-04-28,"Interior",24,0,24
"1567","eagle spec","Aquila/Clanga","Eagles",2022,123,2022-05-03,"Coast",60,0,60
"1568","eagle spec","Aquila/Clanga","Eagles",2022,123,2022-05-03,"Foothills",4,0,4
"1569","eagle spec","Aquila/Clanga","Eagles",2022,123,2022-05-03,"Interior",7,0,7
"1570","eagle spec","Aquila/Clanga","Eagles",2022,124,2022-05-04,"Coast",2,0,2
"1571","eagle spec","Aquila/Clanga","Eagles",2022,126,2022-05-06,"Coast",3,0,3
"1572","eagle spec","Aquila/Clanga","Eagles",2022,127,2022-05-07,"Coast",12,0,12
"1573","eagle spec","Aquila/Clanga","Eagles",2022,127,2022-05-07,"Foothills",5,0,5
"1574","eagle spec","Aquila/Clanga","Eagles",2022,128,2022-05-08,"Coast",60,0,60
"1575","eagle spec","Aquila/Clanga","Eagles",2022,128,2022-05-08,"Foothills",17,0,17
"1576","eagle spec","Aquila/Clanga","Eagles",2022,129,2022-05-09,"Coast",18,0,18
"1577","eagle spec","Aquila/Clanga","Eagles",2022,130,2022-05-10,"Coast",112,0,112
"1578","eagle spec","Aquila/Clanga","Eagles",2022,130,2022-05-10,"Foothills",68,0,68
"1579","eagle spec","Aquila/Clanga","Eagles",2022,130,2022-05-10,"Interior",2,0,2
"1580","eagle spec","Aquila/Clanga","Eagles",2022,131,2022-05-11,"Coast",3,0,3
"1581","eagle spec","Aquila/Clanga","Eagles",2022,131,2022-05-11,"Foothills",9,0,9
"1582","eagle spec","Aquila/Clanga","Eagles",2022,131,2022-05-11,"Interior",27,0,27
"1583","eagle spec","Aquila/Clanga","Eagles",2022,132,2022-05-12,"Coast",38,1,37
"1584","eagle spec","Aquila/Clanga","Eagles",2022,132,2022-05-12,"Foothills",21,1,20
"1585","eagle spec","Aquila/Clanga","Eagles",2022,132,2022-05-12,"Interior",4,0,4
"1586","eagle spec","Aquila/Clanga","Eagles",2022,134,2022-05-14,"Interior",6,0,6
"1587","eagle spec","Aquila/Clanga","Eagles",2022,135,2022-05-15,"Foothills",1,0,1
"1588","eagle spec","Aquila/Clanga","Eagles",2022,135,2022-05-15,"Interior",13,0,13
"1589","eagle spec","Aquila/Clanga","Eagles",2022,136,2022-05-16,"Coast",4,0,4
"1590","eagle spec","Aquila/Clanga","Eagles",2022,136,2022-05-16,"Foothills",16,0,16
"1591","eagle spec","Aquila/Clanga","Eagles",2022,136,2022-05-16,"Interior",3,0,3
"1592","eagle spec","Aquila/Clanga","Eagles",2022,137,2022-05-17,"Interior",5,0,5
"1593","eagle spec","Aquila/Clanga","Eagles",2022,141,2022-05-21,"Foothills",23,0,23
"1594","eagle spec","Aquila/Clanga","Eagles",2022,145,2022-05-25,"Coast",11,0,11
"1595","eagle spec","Aquila/Clanga","Eagles",2022,145,2022-05-25,"Foothills",15,0,15
"1596","eagle spec","Aquila/Clanga","Eagles",2022,145,2022-05-25,"Interior",5,0,5
"1597","Egyptian vulture","Neophron percnopterus","Rare",2019,84,2019-03-25,"Coast",1,0,1
"1598","Egyptian vulture","Neophron percnopterus","Rare",2019,88,2019-03-29,"Coast",1,0,1
"1599","Egyptian vulture","Neophron percnopterus","Rare",2019,93,2019-04-03,"Coast",3,0,3
"1600","Egyptian vulture","Neophron percnopterus","Rare",2019,96,2019-04-06,"Interior",2,0,2
"1601","Egyptian vulture","Neophron percnopterus","Rare",2019,109,2019-04-19,"Coast",1,0,1
"1602","Egyptian vulture","Neophron percnopterus","Rare",2019,120,2019-04-30,"Foothills",1,0,1
"1603","Egyptian vulture","Neophron percnopterus","Rare",2019,121,2019-05-01,"Foothills",1,0,1
"1604","Egyptian vulture","Neophron percnopterus","Rare",2019,134,2019-05-14,"Interior",0,1,-1
"1605","Egyptian vulture","Neophron percnopterus","Rare",2020,82,2020-03-22,"Coast",1,0,1
"1606","Egyptian vulture","Neophron percnopterus","Rare",2020,91,2020-03-31,"Coast",1,0,1
"1607","Egyptian vulture","Neophron percnopterus","Rare",2020,91,2020-03-31,"Foothills",1,0,1
"1608","Egyptian vulture","Neophron percnopterus","Rare",2020,91,2020-03-31,"Interior",1,0,1
"1609","Egyptian vulture","Neophron percnopterus","Rare",2020,94,2020-04-03,"Coast",1,0,1
"1610","Egyptian vulture","Neophron percnopterus","Rare",2020,99,2020-04-08,"Interior",1,0,1
"1611","Egyptian vulture","Neophron percnopterus","Rare",2020,116,2020-04-25,"Foothills",1,0,1
"1612","Egyptian vulture","Neophron percnopterus","Rare",2020,120,2020-04-29,"Coast",1,0,1
"1613","Egyptian vulture","Neophron percnopterus","Rare",2020,130,2020-05-09,"Coast",1,0,1
"1614","Egyptian vulture","Neophron percnopterus","Rare",2020,130,2020-05-09,"Foothills",1,0,1
"1615","Egyptian vulture","Neophron percnopterus","Rare",2020,133,2020-05-12,"Foothills",1,0,1
"1616","Egyptian vulture","Neophron percnopterus","Rare",2022,82,2022-03-23,"Coast",1,0,1
"1617","Egyptian vulture","Neophron percnopterus","Rare",2022,84,2022-03-25,"Coast",2,0,2
"1618","Egyptian vulture","Neophron percnopterus","Rare",2022,86,2022-03-27,"Coast",1,0,1
"1619","Egyptian vulture","Neophron percnopterus","Rare",2022,87,2022-03-28,"Coast",1,0,1
"1620","Egyptian vulture","Neophron percnopterus","Rare",2022,87,2022-03-28,"Foothills",1,0,1
"1621","Egyptian vulture","Neophron percnopterus","Rare",2022,89,2022-03-30,"Coast",1,0,1
"1622","Egyptian vulture","Neophron percnopterus","Rare",2022,89,2022-03-30,"Foothills",1,0,1
"1623","Egyptian vulture","Neophron percnopterus","Rare",2022,90,2022-03-31,"Interior",1,0,1
"1624","Egyptian vulture","Neophron percnopterus","Rare",2022,91,2022-04-01,"Coast",1,0,1
"1625","Egyptian vulture","Neophron percnopterus","Rare",2022,92,2022-04-02,"Foothills",1,0,1
"1626","Egyptian vulture","Neophron percnopterus","Rare",2022,99,2022-04-09,"Interior",0,1,-1
"1627","Egyptian vulture","Neophron percnopterus","Rare",2022,111,2022-04-21,"Coast",1,0,1
"1628","Egyptian vulture","Neophron percnopterus","Rare",2022,129,2022-05-09,"Coast",1,0,1
"1629","Egyptian vulture","Neophron percnopterus","Rare",2022,131,2022-05-11,"Coast",1,0,1
"1630","Egyptian vulture","Neophron percnopterus","Rare",2022,145,2022-05-25,"Foothills",2,0,2
"1631","Eurasian sparrowhawk","Accipiter nisus","Hawks",2019,80,2019-03-21,"Coast",3,0,3
"1632","Eurasian sparrowhawk","Accipiter nisus","Hawks",2019,80,2019-03-21,"Foothills",5,0,5
"1633","Eurasian sparrowhawk","Accipiter nisus","Hawks",2019,81,2019-03-22,"Coast",1,0,1
"1634","Eurasian sparrowhawk","Accipiter nisus","Hawks",2019,82,2019-03-23,"Coast",121,0,121
"1635","Eurasian sparrowhawk","Accipiter nisus","Hawks",2019,82,2019-03-23,"Foothills",19,0,19
"1636","Eurasian sparrowhawk","Accipiter nisus","Hawks",2019,83,2019-03-24,"Coast",20,0,20
"1637","Eurasian sparrowhawk","Accipiter nisus","Hawks",2019,84,2019-03-25,"Coast",95,0,95
"1638","Eurasian sparrowhawk","Accipiter nisus","Hawks",2019,84,2019-03-25,"Foothills",20,0,20
"1639","Eurasian sparrowhawk","Accipiter nisus","Hawks",2019,84,2019-03-25,"Interior",4,0,4
"1640","Eurasian sparrowhawk","Accipiter nisus","Hawks",2019,85,2019-03-26,"Coast",64,0,64
"1641","Eurasian sparrowhawk","Accipiter nisus","Hawks",2019,85,2019-03-26,"Foothills",8,0,8
"1642","Eurasian sparrowhawk","Accipiter nisus","Hawks",2019,85,2019-03-26,"Interior",1,0,1
"1643","Eurasian sparrowhawk","Accipiter nisus","Hawks",2019,88,2019-03-29,"Coast",109,0,109
"1644","Eurasian sparrowhawk","Accipiter nisus","Hawks",2019,88,2019-03-29,"Foothills",58,0,58
"1645","Eurasian sparrowhawk","Accipiter nisus","Hawks",2019,88,2019-03-29,"Interior",2,0,2
"1646","Eurasian sparrowhawk","Accipiter nisus","Hawks",2019,89,2019-03-30,"Coast",100,0,100
"1647","Eurasian sparrowhawk","Accipiter nisus","Hawks",2019,89,2019-03-30,"Foothills",5,0,5
"1648","Eurasian sparrowhawk","Accipiter nisus","Hawks",2019,90,2019-03-31,"Coast",49,0,49
"1649","Eurasian sparrowhawk","Accipiter nisus","Hawks",2019,90,2019-03-31,"Foothills",2,0,2
"1650","Eurasian sparrowhawk","Accipiter nisus","Hawks",2019,93,2019-04-03,"Coast",399,0,399
"1651","Eurasian sparrowhawk","Accipiter nisus","Hawks",2019,93,2019-04-03,"Foothills",93,0,93
"1652","Eurasian sparrowhawk","Accipiter nisus","Hawks",2019,93,2019-04-03,"Interior",39,0,39
"1653","Eurasian sparrowhawk","Accipiter nisus","Hawks",2019,94,2019-04-04,"Coast",76,0,76
"1654","Eurasian sparrowhawk","Accipiter nisus","Hawks",2019,95,2019-04-05,"Coast",290,0,290
"1655","Eurasian sparrowhawk","Accipiter nisus","Hawks",2019,95,2019-04-05,"Foothills",44,0,44
"1656","Eurasian sparrowhawk","Accipiter nisus","Hawks",2019,95,2019-04-05,"Interior",95,0,95
"1657","Eurasian sparrowhawk","Accipiter nisus","Hawks",2019,96,2019-04-06,"Coast",313,0,313
"1658","Eurasian sparrowhawk","Accipiter nisus","Hawks",2019,96,2019-04-06,"Foothills",23,0,23
"1659","Eurasian sparrowhawk","Accipiter nisus","Hawks",2019,96,2019-04-06,"Interior",72,0,72
"1660","Eurasian sparrowhawk","Accipiter nisus","Hawks",2019,97,2019-04-07,"Coast",323,0,323
"1661","Eurasian sparrowhawk","Accipiter nisus","Hawks",2019,97,2019-04-07,"Foothills",27,0,27
"1662","Eurasian sparrowhawk","Accipiter nisus","Hawks",2019,97,2019-04-07,"Interior",102,0,102
"1663","Eurasian sparrowhawk","Accipiter nisus","Hawks",2019,98,2019-04-08,"Coast",422,0,422
"1664","Eurasian sparrowhawk","Accipiter nisus","Hawks",2019,98,2019-04-08,"Foothills",68,0,68
"1665","Eurasian sparrowhawk","Accipiter nisus","Hawks",2019,98,2019-04-08,"Interior",31,0,31
"1666","Eurasian sparrowhawk","Accipiter nisus","Hawks",2019,99,2019-04-09,"Coast",41,0,41
"1667","Eurasian sparrowhawk","Accipiter nisus","Hawks",2019,99,2019-04-09,"Foothills",60,0,60
"1668","Eurasian sparrowhawk","Accipiter nisus","Hawks",2019,99,2019-04-09,"Interior",104,0,104
"1669","Eurasian sparrowhawk","Accipiter nisus","Hawks",2019,101,2019-04-11,"Coast",159,0,159
"1670","Eurasian sparrowhawk","Accipiter nisus","Hawks",2019,101,2019-04-11,"Foothills",176,0,176
"1671","Eurasian sparrowhawk","Accipiter nisus","Hawks",2019,101,2019-04-11,"Interior",106,0,106
"1672","Eurasian sparrowhawk","Accipiter nisus","Hawks",2019,102,2019-04-12,"Coast",147,0,147
"1673","Eurasian sparrowhawk","Accipiter nisus","Hawks",2019,102,2019-04-12,"Foothills",12,0,12
"1674","Eurasian sparrowhawk","Accipiter nisus","Hawks",2019,102,2019-04-12,"Interior",17,0,17
"1675","Eurasian sparrowhawk","Accipiter nisus","Hawks",2019,103,2019-04-13,"Coast",100,0,100
"1676","Eurasian sparrowhawk","Accipiter nisus","Hawks",2019,103,2019-04-13,"Foothills",73,0,73
"1677","Eurasian sparrowhawk","Accipiter nisus","Hawks",2019,103,2019-04-13,"Interior",5,0,5
"1678","Eurasian sparrowhawk","Accipiter nisus","Hawks",2019,104,2019-04-14,"Coast",87,0,87
"1679","Eurasian sparrowhawk","Accipiter nisus","Hawks",2019,104,2019-04-14,"Foothills",26,0,26
"1680","Eurasian sparrowhawk","Accipiter nisus","Hawks",2019,104,2019-04-14,"Interior",17,0,17
"1681","Eurasian sparrowhawk","Accipiter nisus","Hawks",2019,105,2019-04-15,"Coast",61,0,61
"1682","Eurasian sparrowhawk","Accipiter nisus","Hawks",2019,105,2019-04-15,"Foothills",33,0,33
"1683","Eurasian sparrowhawk","Accipiter nisus","Hawks",2019,105,2019-04-15,"Interior",17,0,17
"1684","Eurasian sparrowhawk","Accipiter nisus","Hawks",2019,108,2019-04-18,"Coast",140,0,140
"1685","Eurasian sparrowhawk","Accipiter nisus","Hawks",2019,108,2019-04-18,"Foothills",12,0,12
"1686","Eurasian sparrowhawk","Accipiter nisus","Hawks",2019,110,2019-04-20,"Coast",71,0,71
"1687","Eurasian sparrowhawk","Accipiter nisus","Hawks",2019,110,2019-04-20,"Foothills",3,0,3
"1688","Eurasian sparrowhawk","Accipiter nisus","Hawks",2019,110,2019-04-20,"Interior",1,0,1
"1689","Eurasian sparrowhawk","Accipiter nisus","Hawks",2019,112,2019-04-22,"Coast",30,0,30
"1690","Eurasian sparrowhawk","Accipiter nisus","Hawks",2019,112,2019-04-22,"Foothills",7,0,7
"1691","Eurasian sparrowhawk","Accipiter nisus","Hawks",2019,113,2019-04-23,"Coast",87,0,87
"1692","Eurasian sparrowhawk","Accipiter nisus","Hawks",2019,114,2019-04-24,"Coast",122,0,122
"1693","Eurasian sparrowhawk","Accipiter nisus","Hawks",2019,114,2019-04-24,"Foothills",28,0,28
"1694","Eurasian sparrowhawk","Accipiter nisus","Hawks",2019,115,2019-04-25,"Coast",84,0,84
"1695","Eurasian sparrowhawk","Accipiter nisus","Hawks",2019,115,2019-04-25,"Foothills",3,0,3
"1696","Eurasian sparrowhawk","Accipiter nisus","Hawks",2019,116,2019-04-26,"Foothills",14,0,14
"1697","Eurasian sparrowhawk","Accipiter nisus","Hawks",2019,116,2019-04-26,"Interior",49,0,49
"1698","Eurasian sparrowhawk","Accipiter nisus","Hawks",2019,117,2019-04-27,"Coast",240,0,240
"1699","Eurasian sparrowhawk","Accipiter nisus","Hawks",2019,117,2019-04-27,"Foothills",3,0,3
"1700","Eurasian sparrowhawk","Accipiter nisus","Hawks",2019,118,2019-04-28,"Coast",251,0,251
"1701","Eurasian sparrowhawk","Accipiter nisus","Hawks",2019,118,2019-04-28,"Foothills",9,0,9
"1702","Eurasian sparrowhawk","Accipiter nisus","Hawks",2019,119,2019-04-29,"Coast",32,0,32
"1703","Eurasian sparrowhawk","Accipiter nisus","Hawks",2019,119,2019-04-29,"Foothills",10,0,10
"1704","Eurasian sparrowhawk","Accipiter nisus","Hawks",2019,120,2019-04-30,"Coast",78,0,78
"1705","Eurasian sparrowhawk","Accipiter nisus","Hawks",2019,120,2019-04-30,"Foothills",47,0,47
"1706","Eurasian sparrowhawk","Accipiter nisus","Hawks",2019,121,2019-05-01,"Coast",111,0,111
"1707","Eurasian sparrowhawk","Accipiter nisus","Hawks",2019,121,2019-05-01,"Foothills",7,0,7
"1708","Eurasian sparrowhawk","Accipiter nisus","Hawks",2019,122,2019-05-02,"Coast",64,0,64
"1709","Eurasian sparrowhawk","Accipiter nisus","Hawks",2019,122,2019-05-02,"Foothills",9,0,9
"1710","Eurasian sparrowhawk","Accipiter nisus","Hawks",2019,125,2019-05-05,"Coast",34,0,34
"1711","Eurasian sparrowhawk","Accipiter nisus","Hawks",2019,125,2019-05-05,"Foothills",10,0,10
"1712","Eurasian sparrowhawk","Accipiter nisus","Hawks",2019,126,2019-05-06,"Coast",9,0,9
"1713","Eurasian sparrowhawk","Accipiter nisus","Hawks",2019,126,2019-05-06,"Foothills",1,0,1
"1714","Eurasian sparrowhawk","Accipiter nisus","Hawks",2019,127,2019-05-07,"Coast",7,0,7
"1715","Eurasian sparrowhawk","Accipiter nisus","Hawks",2019,127,2019-05-07,"Foothills",5,0,5
"1716","Eurasian sparrowhawk","Accipiter nisus","Hawks",2019,128,2019-05-08,"Coast",7,0,7
"1717","Eurasian sparrowhawk","Accipiter nisus","Hawks",2019,128,2019-05-08,"Foothills",1,0,1
"1718","Eurasian sparrowhawk","Accipiter nisus","Hawks",2019,129,2019-05-09,"Coast",2,0,2
"1719","Eurasian sparrowhawk","Accipiter nisus","Hawks",2019,130,2019-05-10,"Coast",11,0,11
"1720","Eurasian sparrowhawk","Accipiter nisus","Hawks",2019,130,2019-05-10,"Foothills",15,0,15
"1721","Eurasian sparrowhawk","Accipiter nisus","Hawks",2019,131,2019-05-11,"Coast",3,0,3
"1722","Eurasian sparrowhawk","Accipiter nisus","Hawks",2019,131,2019-05-11,"Interior",2,0,2
"1723","Eurasian sparrowhawk","Accipiter nisus","Hawks",2019,132,2019-05-12,"Coast",2,0,2
"1724","Eurasian sparrowhawk","Accipiter nisus","Hawks",2019,132,2019-05-12,"Foothills",1,0,1
"1725","Eurasian sparrowhawk","Accipiter nisus","Hawks",2019,133,2019-05-13,"Coast",18,0,18
"1726","Eurasian sparrowhawk","Accipiter nisus","Hawks",2019,134,2019-05-14,"Coast",13,0,13
"1727","Eurasian sparrowhawk","Accipiter nisus","Hawks",2019,134,2019-05-14,"Foothills",2,0,2
"1728","Eurasian sparrowhawk","Accipiter nisus","Hawks",2019,135,2019-05-15,"Coast",9,0,9
"1729","Eurasian sparrowhawk","Accipiter nisus","Hawks",2019,137,2019-05-17,"Coast",1,0,1
"1730","Eurasian sparrowhawk","Accipiter nisus","Hawks",2019,137,2019-05-17,"Foothills",1,0,1
"1731","Eurasian sparrowhawk","Accipiter nisus","Hawks",2019,138,2019-05-18,"Coast",1,0,1
"1732","Eurasian sparrowhawk","Accipiter nisus","Hawks",2019,139,2019-05-19,"Coast",5,0,5
"1733","Eurasian sparrowhawk","Accipiter nisus","Hawks",2019,139,2019-05-19,"Foothills",2,0,2
"1734","Eurasian sparrowhawk","Accipiter nisus","Hawks",2019,139,2019-05-19,"Interior",1,0,1
"1735","Eurasian sparrowhawk","Accipiter nisus","Hawks",2019,140,2019-05-20,"Coast",2,0,2
"1736","Eurasian sparrowhawk","Accipiter nisus","Hawks",2019,141,2019-05-21,"Foothills",1,0,1
"1737","Eurasian sparrowhawk","Accipiter nisus","Hawks",2019,141,2019-05-21,"Interior",1,0,1
"1738","Eurasian sparrowhawk","Accipiter nisus","Hawks",2019,148,2019-05-28,"Coast",1,0,1
"1739","Eurasian sparrowhawk","Accipiter nisus","Hawks",2020,62,2020-03-02,"Coast",2,0,2
"1740","Eurasian sparrowhawk","Accipiter nisus","Hawks",2020,62,2020-03-02,"Foothills",1,0,1
"1741","Eurasian sparrowhawk","Accipiter nisus","Hawks",2020,63,2020-03-03,"Coast",3,0,3
"1742","Eurasian sparrowhawk","Accipiter nisus","Hawks",2020,64,2020-03-04,"Coast",1,0,1
"1743","Eurasian sparrowhawk","Accipiter nisus","Hawks",2020,65,2020-03-05,"Coast",2,0,2
"1744","Eurasian sparrowhawk","Accipiter nisus","Hawks",2020,66,2020-03-06,"Coast",1,0,1
"1745","Eurasian sparrowhawk","Accipiter nisus","Hawks",2020,67,2020-03-07,"Coast",1,0,1
"1746","Eurasian sparrowhawk","Accipiter nisus","Hawks",2020,69,2020-03-09,"Coast",2,0,2
"1747","Eurasian sparrowhawk","Accipiter nisus","Hawks",2020,70,2020-03-10,"Coast",6,0,6
"1748","Eurasian sparrowhawk","Accipiter nisus","Hawks",2020,70,2020-03-10,"Foothills",7,0,7
"1749","Eurasian sparrowhawk","Accipiter nisus","Hawks",2020,71,2020-03-11,"Coast",22,0,22
"1750","Eurasian sparrowhawk","Accipiter nisus","Hawks",2020,71,2020-03-11,"Foothills",9,0,9
"1751","Eurasian sparrowhawk","Accipiter nisus","Hawks",2020,71,2020-03-11,"Interior",1,0,1
"1752","Eurasian sparrowhawk","Accipiter nisus","Hawks",2020,72,2020-03-12,"Coast",4,0,4
"1753","Eurasian sparrowhawk","Accipiter nisus","Hawks",2020,72,2020-03-12,"Foothills",9,0,9
"1754","Eurasian sparrowhawk","Accipiter nisus","Hawks",2020,73,2020-03-13,"Coast",6,0,6
"1755","Eurasian sparrowhawk","Accipiter nisus","Hawks",2020,73,2020-03-13,"Foothills",3,0,3
"1756","Eurasian sparrowhawk","Accipiter nisus","Hawks",2020,73,2020-03-13,"Interior",3,0,3
"1757","Eurasian sparrowhawk","Accipiter nisus","Hawks",2020,75,2020-03-15,"Coast",37,0,37
"1758","Eurasian sparrowhawk","Accipiter nisus","Hawks",2020,75,2020-03-15,"Foothills",16,0,16
"1759","Eurasian sparrowhawk","Accipiter nisus","Hawks",2020,77,2020-03-17,"Coast",29,0,29
"1760","Eurasian sparrowhawk","Accipiter nisus","Hawks",2020,77,2020-03-17,"Foothills",1,0,1
"1761","Eurasian sparrowhawk","Accipiter nisus","Hawks",2020,78,2020-03-18,"Coast",1,0,1
"1762","Eurasian sparrowhawk","Accipiter nisus","Hawks",2020,79,2020-03-19,"Coast",33,1,32
"1763","Eurasian sparrowhawk","Accipiter nisus","Hawks",2020,79,2020-03-19,"Foothills",1,0,1
"1764","Eurasian sparrowhawk","Accipiter nisus","Hawks",2020,80,2020-03-20,"Coast",46,0,46
"1765","Eurasian sparrowhawk","Accipiter nisus","Hawks",2020,80,2020-03-20,"Foothills",5,0,5
"1766","Eurasian sparrowhawk","Accipiter nisus","Hawks",2020,81,2020-03-21,"Coast",38,0,38
"1767","Eurasian sparrowhawk","Accipiter nisus","Hawks",2020,81,2020-03-21,"Foothills",3,0,3
"1768","Eurasian sparrowhawk","Accipiter nisus","Hawks",2020,81,2020-03-21,"Interior",2,0,2
"1769","Eurasian sparrowhawk","Accipiter nisus","Hawks",2020,82,2020-03-22,"Coast",128,0,128
"1770","Eurasian sparrowhawk","Accipiter nisus","Hawks",2020,82,2020-03-22,"Foothills",25,0,25
"1771","Eurasian sparrowhawk","Accipiter nisus","Hawks",2020,82,2020-03-22,"Interior",59,0,59
"1772","Eurasian sparrowhawk","Accipiter nisus","Hawks",2020,83,2020-03-23,"Coast",80,0,80
"1773","Eurasian sparrowhawk","Accipiter nisus","Hawks",2020,83,2020-03-23,"Foothills",15,0,15
"1774","Eurasian sparrowhawk","Accipiter nisus","Hawks",2020,83,2020-03-23,"Interior",80,0,80
"1775","Eurasian sparrowhawk","Accipiter nisus","Hawks",2020,84,2020-03-24,"Coast",239,0,239
"1776","Eurasian sparrowhawk","Accipiter nisus","Hawks",2020,84,2020-03-24,"Foothills",23,0,23
"1777","Eurasian sparrowhawk","Accipiter nisus","Hawks",2020,84,2020-03-24,"Interior",4,0,4
"1778","Eurasian sparrowhawk","Accipiter nisus","Hawks",2020,86,2020-03-26,"Coast",32,0,32
"1779","Eurasian sparrowhawk","Accipiter nisus","Hawks",2020,87,2020-03-27,"Coast",14,0,14
"1780","Eurasian sparrowhawk","Accipiter nisus","Hawks",2020,87,2020-03-27,"Foothills",76,0,76
"1781","Eurasian sparrowhawk","Accipiter nisus","Hawks",2020,87,2020-03-27,"Interior",26,0,26
"1782","Eurasian sparrowhawk","Accipiter nisus","Hawks",2020,88,2020-03-28,"Coast",67,0,67
"1783","Eurasian sparrowhawk","Accipiter nisus","Hawks",2020,88,2020-03-28,"Foothills",3,0,3
"1784","Eurasian sparrowhawk","Accipiter nisus","Hawks",2020,88,2020-03-28,"Interior",1,0,1
"1785","Eurasian sparrowhawk","Accipiter nisus","Hawks",2020,89,2020-03-29,"Coast",8,0,8
"1786","Eurasian sparrowhawk","Accipiter nisus","Hawks",2020,91,2020-03-31,"Coast",371,0,371
"1787","Eurasian sparrowhawk","Accipiter nisus","Hawks",2020,91,2020-03-31,"Foothills",93,0,93
"1788","Eurasian sparrowhawk","Accipiter nisus","Hawks",2020,91,2020-03-31,"Interior",130,0,130
"1789","Eurasian sparrowhawk","Accipiter nisus","Hawks",2020,92,2020-04-01,"Coast",255,0,255
"1790","Eurasian sparrowhawk","Accipiter nisus","Hawks",2020,92,2020-04-01,"Foothills",116,0,116
"1791","Eurasian sparrowhawk","Accipiter nisus","Hawks",2020,92,2020-04-01,"Interior",17,0,17
"1792","Eurasian sparrowhawk","Accipiter nisus","Hawks",2020,93,2020-04-02,"Coast",49,0,49
"1793","Eurasian sparrowhawk","Accipiter nisus","Hawks",2020,93,2020-04-02,"Foothills",7,0,7
"1794","Eurasian sparrowhawk","Accipiter nisus","Hawks",2020,94,2020-04-03,"Coast",227,0,227
"1795","Eurasian sparrowhawk","Accipiter nisus","Hawks",2020,94,2020-04-03,"Foothills",39,0,39
"1796","Eurasian sparrowhawk","Accipiter nisus","Hawks",2020,94,2020-04-03,"Interior",24,0,24
"1797","Eurasian sparrowhawk","Accipiter nisus","Hawks",2020,95,2020-04-04,"Coast",338,0,338
"1798","Eurasian sparrowhawk","Accipiter nisus","Hawks",2020,95,2020-04-04,"Foothills",88,0,88
"1799","Eurasian sparrowhawk","Accipiter nisus","Hawks",2020,95,2020-04-04,"Interior",73,0,73
"1800","Eurasian sparrowhawk","Accipiter nisus","Hawks",2020,96,2020-04-05,"Coast",298,0,298
"1801","Eurasian sparrowhawk","Accipiter nisus","Hawks",2020,96,2020-04-05,"Foothills",96,0,96
"1802","Eurasian sparrowhawk","Accipiter nisus","Hawks",2020,96,2020-04-05,"Interior",99,0,99
"1803","Eurasian sparrowhawk","Accipiter nisus","Hawks",2020,97,2020-04-06,"Coast",239,0,239
"1804","Eurasian sparrowhawk","Accipiter nisus","Hawks",2020,97,2020-04-06,"Foothills",23,0,23
"1805","Eurasian sparrowhawk","Accipiter nisus","Hawks",2020,98,2020-04-07,"Coast",1,0,1
"1806","Eurasian sparrowhawk","Accipiter nisus","Hawks",2020,99,2020-04-08,"Coast",774,0,774
"1807","Eurasian sparrowhawk","Accipiter nisus","Hawks",2020,99,2020-04-08,"Foothills",219,0,219
"1808","Eurasian sparrowhawk","Accipiter nisus","Hawks",2020,99,2020-04-08,"Interior",22,0,22
"1809","Eurasian sparrowhawk","Accipiter nisus","Hawks",2020,100,2020-04-09,"Coast",221,0,221
"1810","Eurasian sparrowhawk","Accipiter nisus","Hawks",2020,100,2020-04-09,"Foothills",34,0,34
"1811","Eurasian sparrowhawk","Accipiter nisus","Hawks",2020,100,2020-04-09,"Interior",17,0,17
"1812","Eurasian sparrowhawk","Accipiter nisus","Hawks",2020,101,2020-04-10,"Coast",412,0,412
"1813","Eurasian sparrowhawk","Accipiter nisus","Hawks",2020,101,2020-04-10,"Foothills",18,0,18
"1814","Eurasian sparrowhawk","Accipiter nisus","Hawks",2020,102,2020-04-11,"Coast",1275,0,1275
"1815","Eurasian sparrowhawk","Accipiter nisus","Hawks",2020,102,2020-04-11,"Foothills",107,0,107
"1816","Eurasian sparrowhawk","Accipiter nisus","Hawks",2020,102,2020-04-11,"Interior",225,0,225
"1817","Eurasian sparrowhawk","Accipiter nisus","Hawks",2020,104,2020-04-13,"Coast",248,0,248
"1818","Eurasian sparrowhawk","Accipiter nisus","Hawks",2020,104,2020-04-13,"Foothills",24,0,24
"1819","Eurasian sparrowhawk","Accipiter nisus","Hawks",2020,104,2020-04-13,"Interior",111,0,111
"1820","Eurasian sparrowhawk","Accipiter nisus","Hawks",2020,105,2020-04-14,"Coast",315,0,315
"1821","Eurasian sparrowhawk","Accipiter nisus","Hawks",2020,105,2020-04-14,"Foothills",59,0,59
"1822","Eurasian sparrowhawk","Accipiter nisus","Hawks",2020,105,2020-04-14,"Interior",186,0,186
"1823","Eurasian sparrowhawk","Accipiter nisus","Hawks",2020,106,2020-04-15,"Coast",339,0,339
"1824","Eurasian sparrowhawk","Accipiter nisus","Hawks",2020,106,2020-04-15,"Foothills",121,0,121
"1825","Eurasian sparrowhawk","Accipiter nisus","Hawks",2020,106,2020-04-15,"Interior",60,0,60
"1826","Eurasian sparrowhawk","Accipiter nisus","Hawks",2020,107,2020-04-16,"Foothills",1,0,1
"1827","Eurasian sparrowhawk","Accipiter nisus","Hawks",2020,108,2020-04-17,"Coast",463,0,463
"1828","Eurasian sparrowhawk","Accipiter nisus","Hawks",2020,108,2020-04-17,"Foothills",43,0,43
"1829","Eurasian sparrowhawk","Accipiter nisus","Hawks",2020,108,2020-04-17,"Interior",35,0,35
"1830","Eurasian sparrowhawk","Accipiter nisus","Hawks",2020,109,2020-04-18,"Coast",223,0,223
"1831","Eurasian sparrowhawk","Accipiter nisus","Hawks",2020,109,2020-04-18,"Foothills",13,0,13
"1832","Eurasian sparrowhawk","Accipiter nisus","Hawks",2020,109,2020-04-18,"Interior",117,0,117
"1833","Eurasian sparrowhawk","Accipiter nisus","Hawks",2020,110,2020-04-19,"Coast",479,0,479
"1834","Eurasian sparrowhawk","Accipiter nisus","Hawks",2020,110,2020-04-19,"Foothills",4,0,4
"1835","Eurasian sparrowhawk","Accipiter nisus","Hawks",2020,110,2020-04-19,"Interior",95,0,95
"1836","Eurasian sparrowhawk","Accipiter nisus","Hawks",2020,111,2020-04-20,"Coast",95,0,95
"1837","Eurasian sparrowhawk","Accipiter nisus","Hawks",2020,111,2020-04-20,"Foothills",24,0,24
"1838","Eurasian sparrowhawk","Accipiter nisus","Hawks",2020,111,2020-04-20,"Interior",54,0,54
"1839","Eurasian sparrowhawk","Accipiter nisus","Hawks",2020,114,2020-04-23,"Coast",148,0,148
"1840","Eurasian sparrowhawk","Accipiter nisus","Hawks",2020,114,2020-04-23,"Foothills",16,0,16
"1841","Eurasian sparrowhawk","Accipiter nisus","Hawks",2020,115,2020-04-24,"Coast",736,0,736
"1842","Eurasian sparrowhawk","Accipiter nisus","Hawks",2020,115,2020-04-24,"Foothills",83,0,83
"1843","Eurasian sparrowhawk","Accipiter nisus","Hawks",2020,116,2020-04-25,"Coast",514,0,514
"1844","Eurasian sparrowhawk","Accipiter nisus","Hawks",2020,116,2020-04-25,"Foothills",50,0,50
"1845","Eurasian sparrowhawk","Accipiter nisus","Hawks",2020,117,2020-04-26,"Coast",447,0,447
"1846","Eurasian sparrowhawk","Accipiter nisus","Hawks",2020,117,2020-04-26,"Foothills",117,0,117
"1847","Eurasian sparrowhawk","Accipiter nisus","Hawks",2020,117,2020-04-26,"Interior",103,0,103
"1848","Eurasian sparrowhawk","Accipiter nisus","Hawks",2020,118,2020-04-27,"Coast",241,0,241
"1849","Eurasian sparrowhawk","Accipiter nisus","Hawks",2020,118,2020-04-27,"Foothills",116,0,116
"1850","Eurasian sparrowhawk","Accipiter nisus","Hawks",2020,118,2020-04-27,"Interior",113,0,113
"1851","Eurasian sparrowhawk","Accipiter nisus","Hawks",2020,119,2020-04-28,"Coast",12,0,12
"1852","Eurasian sparrowhawk","Accipiter nisus","Hawks",2020,119,2020-04-28,"Foothills",21,0,21
"1853","Eurasian sparrowhawk","Accipiter nisus","Hawks",2020,120,2020-04-29,"Coast",352,0,352
"1854","Eurasian sparrowhawk","Accipiter nisus","Hawks",2020,120,2020-04-29,"Foothills",80,0,80
"1855","Eurasian sparrowhawk","Accipiter nisus","Hawks",2020,121,2020-04-30,"Coast",95,0,95
"1856","Eurasian sparrowhawk","Accipiter nisus","Hawks",2020,121,2020-04-30,"Foothills",93,0,93
"1857","Eurasian sparrowhawk","Accipiter nisus","Hawks",2020,121,2020-04-30,"Interior",12,0,12
"1858","Eurasian sparrowhawk","Accipiter nisus","Hawks",2020,122,2020-05-01,"Coast",108,0,108
"1859","Eurasian sparrowhawk","Accipiter nisus","Hawks",2020,122,2020-05-01,"Foothills",64,0,64
"1860","Eurasian sparrowhawk","Accipiter nisus","Hawks",2020,122,2020-05-01,"Interior",9,0,9
"1861","Eurasian sparrowhawk","Accipiter nisus","Hawks",2020,123,2020-05-02,"Coast",34,0,34
"1862","Eurasian sparrowhawk","Accipiter nisus","Hawks",2020,123,2020-05-02,"Foothills",1,0,1
"1863","Eurasian sparrowhawk","Accipiter nisus","Hawks",2020,124,2020-05-03,"Coast",20,0,20
"1864","Eurasian sparrowhawk","Accipiter nisus","Hawks",2020,124,2020-05-03,"Foothills",31,0,31
"1865","Eurasian sparrowhawk","Accipiter nisus","Hawks",2020,124,2020-05-03,"Interior",12,0,12
"1866","Eurasian sparrowhawk","Accipiter nisus","Hawks",2020,125,2020-05-04,"Coast",60,0,60
"1867","Eurasian sparrowhawk","Accipiter nisus","Hawks",2020,125,2020-05-04,"Foothills",8,0,8
"1868","Eurasian sparrowhawk","Accipiter nisus","Hawks",2020,125,2020-05-04,"Interior",13,0,13
"1869","Eurasian sparrowhawk","Accipiter nisus","Hawks",2020,128,2020-05-07,"Coast",18,0,18
"1870","Eurasian sparrowhawk","Accipiter nisus","Hawks",2020,128,2020-05-07,"Foothills",5,0,5
"1871","Eurasian sparrowhawk","Accipiter nisus","Hawks",2020,128,2020-05-07,"Interior",16,0,16
"1872","Eurasian sparrowhawk","Accipiter nisus","Hawks",2020,130,2020-05-09,"Coast",165,0,165
"1873","Eurasian sparrowhawk","Accipiter nisus","Hawks",2020,130,2020-05-09,"Foothills",20,0,20
"1874","Eurasian sparrowhawk","Accipiter nisus","Hawks",2020,131,2020-05-10,"Coast",42,0,42
"1875","Eurasian sparrowhawk","Accipiter nisus","Hawks",2020,131,2020-05-10,"Foothills",24,0,24
"1876","Eurasian sparrowhawk","Accipiter nisus","Hawks",2020,132,2020-05-11,"Coast",37,0,37
"1877","Eurasian sparrowhawk","Accipiter nisus","Hawks",2020,132,2020-05-11,"Foothills",11,0,11
"1878","Eurasian sparrowhawk","Accipiter nisus","Hawks",2020,132,2020-05-11,"Interior",27,0,27
"1879","Eurasian sparrowhawk","Accipiter nisus","Hawks",2020,133,2020-05-12,"Coast",7,0,7
"1880","Eurasian sparrowhawk","Accipiter nisus","Hawks",2020,133,2020-05-12,"Foothills",8,0,8
"1881","Eurasian sparrowhawk","Accipiter nisus","Hawks",2020,134,2020-05-13,"Coast",18,0,18
"1882","Eurasian sparrowhawk","Accipiter nisus","Hawks",2020,134,2020-05-13,"Foothills",9,0,9
"1883","Eurasian sparrowhawk","Accipiter nisus","Hawks",2020,135,2020-05-14,"Coast",6,0,6
"1884","Eurasian sparrowhawk","Accipiter nisus","Hawks",2020,136,2020-05-15,"Coast",3,0,3
"1885","Eurasian sparrowhawk","Accipiter nisus","Hawks",2020,139,2020-05-18,"Coast",2,0,2
"1886","Eurasian sparrowhawk","Accipiter nisus","Hawks",2020,139,2020-05-18,"Foothills",1,0,1
"1887","Eurasian sparrowhawk","Accipiter nisus","Hawks",2020,140,2020-05-19,"Coast",1,0,1
"1888","Eurasian sparrowhawk","Accipiter nisus","Hawks",2020,141,2020-05-20,"Coast",1,0,1
"1889","Eurasian sparrowhawk","Accipiter nisus","Hawks",2022,61,2022-03-02,"Coast",4,3,1
"1890","Eurasian sparrowhawk","Accipiter nisus","Hawks",2022,61,2022-03-02,"Foothills",0,1,-1
"1891","Eurasian sparrowhawk","Accipiter nisus","Hawks",2022,62,2022-03-03,"Coast",1,0,1
"1892","Eurasian sparrowhawk","Accipiter nisus","Hawks",2022,64,2022-03-05,"Coast",2,0,2
"1893","Eurasian sparrowhawk","Accipiter nisus","Hawks",2022,65,2022-03-06,"Foothills",0,2,-2
"1894","Eurasian sparrowhawk","Accipiter nisus","Hawks",2022,69,2022-03-10,"Coast",1,0,1
"1895","Eurasian sparrowhawk","Accipiter nisus","Hawks",2022,80,2022-03-21,"Coast",10,0,10
"1896","Eurasian sparrowhawk","Accipiter nisus","Hawks",2022,80,2022-03-21,"Foothills",3,0,3
"1897","Eurasian sparrowhawk","Accipiter nisus","Hawks",2022,81,2022-03-22,"Coast",8,0,8
"1898","Eurasian sparrowhawk","Accipiter nisus","Hawks",2022,82,2022-03-23,"Coast",5,0,5
"1899","Eurasian sparrowhawk","Accipiter nisus","Hawks",2022,83,2022-03-24,"Coast",6,0,6
"1900","Eurasian sparrowhawk","Accipiter nisus","Hawks",2022,84,2022-03-25,"Coast",92,0,92
"1901","Eurasian sparrowhawk","Accipiter nisus","Hawks",2022,84,2022-03-25,"Interior",1,0,1
"1902","Eurasian sparrowhawk","Accipiter nisus","Hawks",2022,85,2022-03-26,"Coast",64,0,64
"1903","Eurasian sparrowhawk","Accipiter nisus","Hawks",2022,86,2022-03-27,"Coast",120,0,120
"1904","Eurasian sparrowhawk","Accipiter nisus","Hawks",2022,86,2022-03-27,"Foothills",13,0,13
"1905","Eurasian sparrowhawk","Accipiter nisus","Hawks",2022,86,2022-03-27,"Interior",43,0,43
"1906","Eurasian sparrowhawk","Accipiter nisus","Hawks",2022,87,2022-03-28,"Coast",196,0,196
"1907","Eurasian sparrowhawk","Accipiter nisus","Hawks",2022,87,2022-03-28,"Foothills",14,0,14
"1908","Eurasian sparrowhawk","Accipiter nisus","Hawks",2022,88,2022-03-29,"Coast",80,0,80
"1909","Eurasian sparrowhawk","Accipiter nisus","Hawks",2022,88,2022-03-29,"Foothills",21,0,21
"1910","Eurasian sparrowhawk","Accipiter nisus","Hawks",2022,88,2022-03-29,"Interior",87,0,87
"1911","Eurasian sparrowhawk","Accipiter nisus","Hawks",2022,89,2022-03-30,"Coast",81,0,81
"1912","Eurasian sparrowhawk","Accipiter nisus","Hawks",2022,89,2022-03-30,"Foothills",38,0,38
"1913","Eurasian sparrowhawk","Accipiter nisus","Hawks",2022,89,2022-03-30,"Interior",24,0,24
"1914","Eurasian sparrowhawk","Accipiter nisus","Hawks",2022,90,2022-03-31,"Coast",168,0,168
"1915","Eurasian sparrowhawk","Accipiter nisus","Hawks",2022,90,2022-03-31,"Foothills",74,0,74
"1916","Eurasian sparrowhawk","Accipiter nisus","Hawks",2022,90,2022-03-31,"Interior",83,0,83
"1917","Eurasian sparrowhawk","Accipiter nisus","Hawks",2022,91,2022-04-01,"Coast",267,0,267
"1918","Eurasian sparrowhawk","Accipiter nisus","Hawks",2022,91,2022-04-01,"Foothills",67,0,67
"1919","Eurasian sparrowhawk","Accipiter nisus","Hawks",2022,91,2022-04-01,"Interior",156,0,156
"1920","Eurasian sparrowhawk","Accipiter nisus","Hawks",2022,92,2022-04-02,"Coast",225,0,225
"1921","Eurasian sparrowhawk","Accipiter nisus","Hawks",2022,92,2022-04-02,"Foothills",91,0,91
"1922","Eurasian sparrowhawk","Accipiter nisus","Hawks",2022,92,2022-04-02,"Interior",97,0,97
"1923","Eurasian sparrowhawk","Accipiter nisus","Hawks",2022,93,2022-04-03,"Coast",764,0,764
"1924","Eurasian sparrowhawk","Accipiter nisus","Hawks",2022,93,2022-04-03,"Foothills",37,0,37
"1925","Eurasian sparrowhawk","Accipiter nisus","Hawks",2022,93,2022-04-03,"Interior",91,0,91
"1926","Eurasian sparrowhawk","Accipiter nisus","Hawks",2022,94,2022-04-04,"Coast",179,0,179
"1927","Eurasian sparrowhawk","Accipiter nisus","Hawks",2022,94,2022-04-04,"Foothills",110,0,110
"1928","Eurasian sparrowhawk","Accipiter nisus","Hawks",2022,94,2022-04-04,"Interior",93,0,93
"1929","Eurasian sparrowhawk","Accipiter nisus","Hawks",2022,95,2022-04-05,"Coast",159,0,159
"1930","Eurasian sparrowhawk","Accipiter nisus","Hawks",2022,95,2022-04-05,"Foothills",31,0,31
"1931","Eurasian sparrowhawk","Accipiter nisus","Hawks",2022,95,2022-04-05,"Interior",59,0,59
"1932","Eurasian sparrowhawk","Accipiter nisus","Hawks",2022,96,2022-04-06,"Coast",265,0,265
"1933","Eurasian sparrowhawk","Accipiter nisus","Hawks",2022,96,2022-04-06,"Foothills",9,0,9
"1934","Eurasian sparrowhawk","Accipiter nisus","Hawks",2022,96,2022-04-06,"Interior",44,0,44
"1935","Eurasian sparrowhawk","Accipiter nisus","Hawks",2022,97,2022-04-07,"Coast",164,0,164
"1936","Eurasian sparrowhawk","Accipiter nisus","Hawks",2022,97,2022-04-07,"Foothills",4,0,4
"1937","Eurasian sparrowhawk","Accipiter nisus","Hawks",2022,98,2022-04-08,"Coast",200,0,200
"1938","Eurasian sparrowhawk","Accipiter nisus","Hawks",2022,98,2022-04-08,"Foothills",41,0,41
"1939","Eurasian sparrowhawk","Accipiter nisus","Hawks",2022,98,2022-04-08,"Interior",49,0,49
"1940","Eurasian sparrowhawk","Accipiter nisus","Hawks",2022,99,2022-04-09,"Coast",202,0,202
"1941","Eurasian sparrowhawk","Accipiter nisus","Hawks",2022,99,2022-04-09,"Foothills",39,0,39
"1942","Eurasian sparrowhawk","Accipiter nisus","Hawks",2022,99,2022-04-09,"Interior",124,0,124
"1943","Eurasian sparrowhawk","Accipiter nisus","Hawks",2022,100,2022-04-10,"Coast",161,0,161
"1944","Eurasian sparrowhawk","Accipiter nisus","Hawks",2022,100,2022-04-10,"Foothills",9,0,9
"1945","Eurasian sparrowhawk","Accipiter nisus","Hawks",2022,100,2022-04-10,"Interior",109,0,109
"1946","Eurasian sparrowhawk","Accipiter nisus","Hawks",2022,101,2022-04-11,"Coast",182,0,182
"1947","Eurasian sparrowhawk","Accipiter nisus","Hawks",2022,101,2022-04-11,"Foothills",21,0,21
"1948","Eurasian sparrowhawk","Accipiter nisus","Hawks",2022,101,2022-04-11,"Interior",62,0,62
"1949","Eurasian sparrowhawk","Accipiter nisus","Hawks",2022,103,2022-04-13,"Coast",5,0,5
"1950","Eurasian sparrowhawk","Accipiter nisus","Hawks",2022,104,2022-04-14,"Coast",191,0,191
"1951","Eurasian sparrowhawk","Accipiter nisus","Hawks",2022,104,2022-04-14,"Foothills",37,0,37
"1952","Eurasian sparrowhawk","Accipiter nisus","Hawks",2022,104,2022-04-14,"Interior",5,0,5
"1953","Eurasian sparrowhawk","Accipiter nisus","Hawks",2022,105,2022-04-15,"Coast",165,0,165
"1954","Eurasian sparrowhawk","Accipiter nisus","Hawks",2022,105,2022-04-15,"Foothills",50,0,50
"1955","Eurasian sparrowhawk","Accipiter nisus","Hawks",2022,105,2022-04-15,"Interior",38,0,38
"1956","Eurasian sparrowhawk","Accipiter nisus","Hawks",2022,106,2022-04-16,"Coast",110,0,110
"1957","Eurasian sparrowhawk","Accipiter nisus","Hawks",2022,106,2022-04-16,"Foothills",2,0,2
"1958","Eurasian sparrowhawk","Accipiter nisus","Hawks",2022,106,2022-04-16,"Interior",33,0,33
"1959","Eurasian sparrowhawk","Accipiter nisus","Hawks",2022,107,2022-04-17,"Coast",58,0,58
"1960","Eurasian sparrowhawk","Accipiter nisus","Hawks",2022,107,2022-04-17,"Foothills",20,0,20
"1961","Eurasian sparrowhawk","Accipiter nisus","Hawks",2022,107,2022-04-17,"Interior",45,0,45
"1962","Eurasian sparrowhawk","Accipiter nisus","Hawks",2022,108,2022-04-18,"Coast",136,0,136
"1963","Eurasian sparrowhawk","Accipiter nisus","Hawks",2022,108,2022-04-18,"Foothills",20,0,20
"1964","Eurasian sparrowhawk","Accipiter nisus","Hawks",2022,108,2022-04-18,"Interior",69,0,69
"1965","Eurasian sparrowhawk","Accipiter nisus","Hawks",2022,109,2022-04-19,"Coast",161,0,161
"1966","Eurasian sparrowhawk","Accipiter nisus","Hawks",2022,110,2022-04-20,"Coast",2,0,2
"1967","Eurasian sparrowhawk","Accipiter nisus","Hawks",2022,111,2022-04-21,"Coast",467,0,467
"1968","Eurasian sparrowhawk","Accipiter nisus","Hawks",2022,111,2022-04-21,"Foothills",42,0,42
"1969","Eurasian sparrowhawk","Accipiter nisus","Hawks",2022,111,2022-04-21,"Interior",152,0,152
"1970","Eurasian sparrowhawk","Accipiter nisus","Hawks",2022,113,2022-04-23,"Coast",126,0,126
"1971","Eurasian sparrowhawk","Accipiter nisus","Hawks",2022,113,2022-04-23,"Foothills",54,0,54
"1972","Eurasian sparrowhawk","Accipiter nisus","Hawks",2022,113,2022-04-23,"Interior",105,0,105
"1973","Eurasian sparrowhawk","Accipiter nisus","Hawks",2022,114,2022-04-24,"Coast",320,0,320
"1974","Eurasian sparrowhawk","Accipiter nisus","Hawks",2022,114,2022-04-24,"Foothills",7,0,7
"1975","Eurasian sparrowhawk","Accipiter nisus","Hawks",2022,114,2022-04-24,"Interior",88,0,88
"1976","Eurasian sparrowhawk","Accipiter nisus","Hawks",2022,115,2022-04-25,"Coast",166,0,166
"1977","Eurasian sparrowhawk","Accipiter nisus","Hawks",2022,115,2022-04-25,"Foothills",6,0,6
"1978","Eurasian sparrowhawk","Accipiter nisus","Hawks",2022,115,2022-04-25,"Interior",66,0,66
"1979","Eurasian sparrowhawk","Accipiter nisus","Hawks",2022,116,2022-04-26,"Coast",121,0,121
"1980","Eurasian sparrowhawk","Accipiter nisus","Hawks",2022,116,2022-04-26,"Foothills",31,0,31
"1981","Eurasian sparrowhawk","Accipiter nisus","Hawks",2022,116,2022-04-26,"Interior",64,0,64
"1982","Eurasian sparrowhawk","Accipiter nisus","Hawks",2022,117,2022-04-27,"Coast",131,0,131
"1983","Eurasian sparrowhawk","Accipiter nisus","Hawks",2022,117,2022-04-27,"Foothills",4,0,4
"1984","Eurasian sparrowhawk","Accipiter nisus","Hawks",2022,117,2022-04-27,"Interior",35,0,35
"1985","Eurasian sparrowhawk","Accipiter nisus","Hawks",2022,118,2022-04-28,"Coast",170,0,170
"1986","Eurasian sparrowhawk","Accipiter nisus","Hawks",2022,118,2022-04-28,"Foothills",5,0,5
"1987","Eurasian sparrowhawk","Accipiter nisus","Hawks",2022,118,2022-04-28,"Interior",17,0,17
"1988","Eurasian sparrowhawk","Accipiter nisus","Hawks",2022,119,2022-04-29,"Coast",5,0,5
"1989","Eurasian sparrowhawk","Accipiter nisus","Hawks",2022,119,2022-04-29,"Foothills",13,0,13
"1990","Eurasian sparrowhawk","Accipiter nisus","Hawks",2022,123,2022-05-03,"Coast",111,0,111
"1991","Eurasian sparrowhawk","Accipiter nisus","Hawks",2022,123,2022-05-03,"Foothills",5,0,5
"1992","Eurasian sparrowhawk","Accipiter nisus","Hawks",2022,124,2022-05-04,"Coast",28,0,28
"1993","Eurasian sparrowhawk","Accipiter nisus","Hawks",2022,126,2022-05-06,"Coast",79,0,79
"1994","Eurasian sparrowhawk","Accipiter nisus","Hawks",2022,126,2022-05-06,"Foothills",1,0,1
"1995","Eurasian sparrowhawk","Accipiter nisus","Hawks",2022,127,2022-05-07,"Coast",5,0,5
"1996","Eurasian sparrowhawk","Accipiter nisus","Hawks",2022,127,2022-05-07,"Foothills",1,0,1
"1997","Eurasian sparrowhawk","Accipiter nisus","Hawks",2022,128,2022-05-08,"Coast",111,0,111
"1998","Eurasian sparrowhawk","Accipiter nisus","Hawks",2022,128,2022-05-08,"Foothills",1,0,1
"1999","Eurasian sparrowhawk","Accipiter nisus","Hawks",2022,129,2022-05-09,"Coast",17,0,17
"2000","Eurasian sparrowhawk","Accipiter nisus","Hawks",2022,129,2022-05-09,"Foothills",1,0,1
"2001","Eurasian sparrowhawk","Accipiter nisus","Hawks",2022,130,2022-05-10,"Coast",156,0,156
"2002","Eurasian sparrowhawk","Accipiter nisus","Hawks",2022,130,2022-05-10,"Foothills",8,0,8
"2003","Eurasian sparrowhawk","Accipiter nisus","Hawks",2022,131,2022-05-11,"Coast",87,0,87
"2004","Eurasian sparrowhawk","Accipiter nisus","Hawks",2022,131,2022-05-11,"Foothills",10,0,10
"2005","Eurasian sparrowhawk","Accipiter nisus","Hawks",2022,132,2022-05-12,"Coast",42,0,42
"2006","Eurasian sparrowhawk","Accipiter nisus","Hawks",2022,132,2022-05-12,"Foothills",14,0,14
"2007","Eurasian sparrowhawk","Accipiter nisus","Hawks",2022,134,2022-05-14,"Coast",15,0,15
"2008","Eurasian sparrowhawk","Accipiter nisus","Hawks",2022,135,2022-05-15,"Coast",3,0,3
"2009","Eurasian sparrowhawk","Accipiter nisus","Hawks",2022,137,2022-05-17,"Coast",1,0,1
"2010","Eurasian sparrowhawk","Accipiter nisus","Hawks",2022,138,2022-05-18,"Coast",1,0,1
"2011","Eurasian sparrowhawk","Accipiter nisus","Hawks",2022,141,2022-05-21,"Coast",2,0,2
"2012","Eurasian sparrowhawk","Accipiter nisus","Hawks",2022,145,2022-05-25,"Coast",1,0,1
"2013","Falcon spec","Falco spec","Falcons",2019,93,2019-04-03,"Interior",1,0,1
"2014","Falcon spec","Falco spec","Falcons",2019,125,2019-05-05,"Coast",1,0,1
"2015","Falcon spec","Falco spec","Falcons",2019,133,2019-05-13,"Coast",1,0,1
"2016","Falcon spec","Falco spec","Falcons",2020,86,2020-03-26,"Coast",1,0,1
"2017","Falcon spec","Falco spec","Falcons",2020,94,2020-04-03,"Coast",1,0,1
"2018","Falcon spec","Falco spec","Falcons",2020,99,2020-04-08,"Interior",1,0,1
"2019","Falcon spec","Falco spec","Falcons",2020,108,2020-04-17,"Coast",2,0,2
"2020","Falcon spec","Falco spec","Falcons",2022,90,2022-03-31,"Foothills",2,0,2
"2021","Falcon spec","Falco spec","Falcons",2022,91,2022-04-01,"Interior",2,0,2
"2022","Falcon spec","Falco spec","Falcons",2022,92,2022-04-02,"Interior",1,0,1
"2023","Falcon spec","Falco spec","Falcons",2022,93,2022-04-03,"Foothills",1,0,1
"2024","Falcon spec","Falco spec","Falcons",2022,96,2022-04-06,"Coast",1,0,1
"2025","Falcon spec","Falco spec","Falcons",2022,100,2022-04-10,"Coast",0,1,-1
"2026","Falcon spec","Falco spec","Falcons",2022,104,2022-04-14,"Coast",1,0,1
"2027","Falcon spec","Falco spec","Falcons",2022,104,2022-04-14,"Foothills",1,0,1
"2028","Falcon spec","Falco spec","Falcons",2022,107,2022-04-17,"Coast",1,0,1
"2029","Falcon spec","Falco spec","Falcons",2022,107,2022-04-17,"Foothills",1,0,1
"2030","Falcon spec","Falco spec","Falcons",2022,111,2022-04-21,"Coast",7,0,7
"2031","Falcon spec","Falco spec","Falcons",2022,114,2022-04-24,"Coast",1,0,1
"2032","Falcon spec","Falco spec","Falcons",2022,123,2022-05-03,"Coast",2,0,2
"2033","Falcon spec","Falco spec","Falcons",2022,126,2022-05-06,"Coast",1,0,1
"2034","Falcon spec","Falco spec","Falcons",2022,130,2022-05-10,"Coast",1,0,1
"2035","Falcon spec","Falco spec","Falcons",2022,130,2022-05-10,"Foothills",1,0,1
"2036","Falcon spec","Falco spec","Falcons",2022,134,2022-05-14,"Coast",1,0,1
"2037","Falcon spec","Falco spec","Falcons",2022,134,2022-05-14,"Foothills",1,0,1
"2038","Falcon spec","Falco spec","Falcons",2022,135,2022-05-15,"Coast",1,0,1
"2039","Falcon spec","Falco spec","Falcons",2022,135,2022-05-15,"Foothills",1,0,1
"2040","Golden eagle","Aquila chrysaetos","Eagles",2019,88,2019-03-29,"Interior",1,0,1
"2041","Golden eagle","Aquila chrysaetos","Eagles",2020,94,2020-04-03,"Foothills",1,0,1
"2042","Golden eagle","Aquila chrysaetos","Eagles",2020,102,2020-04-11,"Interior",1,0,1
"2043","Golden eagle","Aquila chrysaetos","Eagles",2020,117,2020-04-26,"Interior",1,0,1
"2044","Golden eagle","Aquila chrysaetos","Eagles",2022,87,2022-03-28,"Interior",1,0,1
"2045","Golden eagle","Aquila chrysaetos","Eagles",2022,92,2022-04-02,"Interior",1,0,1
"2046","Goshawk","Accipiter gentilis","Hawks",2020,71,2020-03-11,"Coast",1,0,1
"2047","Goshawk","Accipiter gentilis","Hawks",2020,72,2020-03-12,"Coast",1,0,1
"2048","Goshawk","Accipiter gentilis","Hawks",2020,80,2020-03-20,"Coast",1,0,1
"2049","Goshawk","Accipiter gentilis","Hawks",2020,82,2020-03-22,"Coast",0,1,-1
"2050","Goshawk","Accipiter gentilis","Hawks",2020,87,2020-03-27,"Coast",1,0,1
"2051","Goshawk","Accipiter gentilis","Hawks",2020,87,2020-03-27,"Foothills",1,0,1
"2052","Goshawk","Accipiter gentilis","Hawks",2020,91,2020-03-31,"Coast",1,0,1
"2053","Goshawk","Accipiter gentilis","Hawks",2020,92,2020-04-01,"Foothills",1,0,1
"2054","Goshawk","Accipiter gentilis","Hawks",2020,94,2020-04-03,"Coast",1,0,1
"2055","Goshawk","Accipiter gentilis","Hawks",2020,95,2020-04-04,"Foothills",1,0,1
"2056","Goshawk","Accipiter gentilis","Hawks",2020,134,2020-05-13,"Coast",1,0,1
"2057","Goshawk","Accipiter gentilis","Hawks",2022,80,2022-03-21,"Coast",2,0,2
"2058","Goshawk","Accipiter gentilis","Hawks",2022,84,2022-03-25,"Coast",1,0,1
"2059","Goshawk","Accipiter gentilis","Hawks",2022,86,2022-03-27,"Coast",1,0,1
"2060","Goshawk","Accipiter gentilis","Hawks",2022,88,2022-03-29,"Coast",1,1,0
"2061","Goshawk","Accipiter gentilis","Hawks",2022,92,2022-04-02,"Coast",1,0,1
"2062","Greater spotted eagle","Clanga clanga","Eagles",2019,80,2019-03-21,"Coast",2,0,2
"2063","Greater spotted eagle","Clanga clanga","Eagles",2019,82,2019-03-23,"Coast",6,0,6
"2064","Greater spotted eagle","Clanga clanga","Eagles",2019,84,2019-03-25,"Coast",8,0,8
"2065","Greater spotted eagle","Clanga clanga","Eagles",2019,85,2019-03-26,"Coast",5,0,5
"2066","Greater spotted eagle","Clanga clanga","Eagles",2019,88,2019-03-29,"Coast",16,0,16
"2067","Greater spotted eagle","Clanga clanga","Eagles",2019,88,2019-03-29,"Foothills",1,0,1
"2068","Greater spotted eagle","Clanga clanga","Eagles",2019,89,2019-03-30,"Coast",3,0,3
"2069","Greater spotted eagle","Clanga clanga","Eagles",2019,89,2019-03-30,"Foothills",1,0,1
"2070","Greater spotted eagle","Clanga clanga","Eagles",2019,90,2019-03-31,"Coast",6,0,6
"2071","Greater spotted eagle","Clanga clanga","Eagles",2019,90,2019-03-31,"Foothills",1,0,1
"2072","Greater spotted eagle","Clanga clanga","Eagles",2019,93,2019-04-03,"Coast",15,0,15
"2073","Greater spotted eagle","Clanga clanga","Eagles",2019,93,2019-04-03,"Interior",1,0,1
"2074","Greater spotted eagle","Clanga clanga","Eagles",2019,94,2019-04-04,"Coast",12,0,12
"2075","Greater spotted eagle","Clanga clanga","Eagles",2019,95,2019-04-05,"Coast",3,0,3
"2076","Greater spotted eagle","Clanga clanga","Eagles",2019,95,2019-04-05,"Foothills",1,0,1
"2077","Greater spotted eagle","Clanga clanga","Eagles",2019,96,2019-04-06,"Coast",2,0,2
"2078","Greater spotted eagle","Clanga clanga","Eagles",2019,96,2019-04-06,"Foothills",2,0,2
"2079","Greater spotted eagle","Clanga clanga","Eagles",2019,96,2019-04-06,"Interior",1,0,1
"2080","Greater spotted eagle","Clanga clanga","Eagles",2019,97,2019-04-07,"Interior",1,0,1
"2081","Greater spotted eagle","Clanga clanga","Eagles",2019,98,2019-04-08,"Coast",1,0,1
"2082","Greater spotted eagle","Clanga clanga","Eagles",2019,98,2019-04-08,"Interior",1,0,1
"2083","Greater spotted eagle","Clanga clanga","Eagles",2019,101,2019-04-11,"Coast",6,0,6
"2084","Greater spotted eagle","Clanga clanga","Eagles",2019,101,2019-04-11,"Foothills",2,0,2
"2085","Greater spotted eagle","Clanga clanga","Eagles",2019,101,2019-04-11,"Interior",1,0,1
"2086","Greater spotted eagle","Clanga clanga","Eagles",2019,108,2019-04-18,"Coast",3,0,3
"2087","Greater spotted eagle","Clanga clanga","Eagles",2019,110,2019-04-20,"Coast",2,0,2
"2088","Greater spotted eagle","Clanga clanga","Eagles",2019,110,2019-04-20,"Foothills",1,0,1
"2089","Greater spotted eagle","Clanga clanga","Eagles",2019,113,2019-04-23,"Coast",2,0,2
"2090","Greater spotted eagle","Clanga clanga","Eagles",2019,116,2019-04-26,"Foothills",2,0,2
"2091","Greater spotted eagle","Clanga clanga","Eagles",2019,128,2019-05-08,"Coast",1,0,1
"2092","Greater spotted eagle","Clanga clanga","Eagles",2019,133,2019-05-13,"Coast",2,0,2
"2093","Greater spotted eagle","Clanga clanga","Eagles",2019,134,2019-05-14,"Coast",1,0,1
"2094","Greater spotted eagle","Clanga clanga","Eagles",2020,71,2020-03-11,"Foothills",1,0,1
"2095","Greater spotted eagle","Clanga clanga","Eagles",2020,80,2020-03-20,"Coast",2,0,2
"2096","Greater spotted eagle","Clanga clanga","Eagles",2020,81,2020-03-21,"Coast",3,0,3
"2097","Greater spotted eagle","Clanga clanga","Eagles",2020,82,2020-03-22,"Coast",2,0,2
"2098","Greater spotted eagle","Clanga clanga","Eagles",2020,84,2020-03-24,"Coast",21,0,21
"2099","Greater spotted eagle","Clanga clanga","Eagles",2020,84,2020-03-24,"Foothills",3,0,3
"2100","Greater spotted eagle","Clanga clanga","Eagles",2020,87,2020-03-27,"Coast",2,0,2
"2101","Greater spotted eagle","Clanga clanga","Eagles",2020,91,2020-03-31,"Coast",6,0,6
"2102","Greater spotted eagle","Clanga clanga","Eagles",2020,91,2020-03-31,"Foothills",2,0,2
"2103","Greater spotted eagle","Clanga clanga","Eagles",2020,92,2020-04-01,"Coast",22,0,22
"2104","Greater spotted eagle","Clanga clanga","Eagles",2020,92,2020-04-01,"Foothills",1,0,1
"2105","Greater spotted eagle","Clanga clanga","Eagles",2020,93,2020-04-02,"Coast",3,0,3
"2106","Greater spotted eagle","Clanga clanga","Eagles",2020,94,2020-04-03,"Coast",2,0,2
"2107","Greater spotted eagle","Clanga clanga","Eagles",2020,94,2020-04-03,"Foothills",1,0,1
"2108","Greater spotted eagle","Clanga clanga","Eagles",2020,95,2020-04-04,"Coast",8,0,8
"2109","Greater spotted eagle","Clanga clanga","Eagles",2020,95,2020-04-04,"Interior",2,0,2
"2110","Greater spotted eagle","Clanga clanga","Eagles",2020,96,2020-04-05,"Coast",2,0,2
"2111","Greater spotted eagle","Clanga clanga","Eagles",2020,97,2020-04-06,"Coast",24,0,24
"2112","Greater spotted eagle","Clanga clanga","Eagles",2020,97,2020-04-06,"Foothills",8,0,8
"2113","Greater spotted eagle","Clanga clanga","Eagles",2020,99,2020-04-08,"Coast",39,0,39
"2114","Greater spotted eagle","Clanga clanga","Eagles",2020,99,2020-04-08,"Foothills",1,0,1
"2115","Greater spotted eagle","Clanga clanga","Eagles",2020,100,2020-04-09,"Coast",5,0,5
"2116","Greater spotted eagle","Clanga clanga","Eagles",2020,101,2020-04-10,"Coast",7,0,7
"2117","Greater spotted eagle","Clanga clanga","Eagles",2020,102,2020-04-11,"Coast",35,0,35
"2118","Greater spotted eagle","Clanga clanga","Eagles",2020,102,2020-04-11,"Foothills",4,0,4
"2119","Greater spotted eagle","Clanga clanga","Eagles",2020,104,2020-04-13,"Coast",2,0,2
"2120","Greater spotted eagle","Clanga clanga","Eagles",2020,105,2020-04-14,"Coast",4,0,4
"2121","Greater spotted eagle","Clanga clanga","Eagles",2020,105,2020-04-14,"Foothills",1,0,1
"2122","Greater spotted eagle","Clanga clanga","Eagles",2020,106,2020-04-15,"Coast",2,0,2
"2123","Greater spotted eagle","Clanga clanga","Eagles",2020,106,2020-04-15,"Foothills",1,0,1
"2124","Greater spotted eagle","Clanga clanga","Eagles",2020,108,2020-04-17,"Coast",4,0,4
"2125","Greater spotted eagle","Clanga clanga","Eagles",2020,108,2020-04-17,"Foothills",2,0,2
"2126","Greater spotted eagle","Clanga clanga","Eagles",2020,110,2020-04-19,"Interior",1,0,1
"2127","Greater spotted eagle","Clanga clanga","Eagles",2020,111,2020-04-20,"Coast",1,0,1
"2128","Greater spotted eagle","Clanga clanga","Eagles",2020,111,2020-04-20,"Foothills",1,0,1
"2129","Greater spotted eagle","Clanga clanga","Eagles",2020,114,2020-04-23,"Coast",6,0,6
"2130","Greater spotted eagle","Clanga clanga","Eagles",2020,115,2020-04-24,"Coast",7,0,7
"2131","Greater spotted eagle","Clanga clanga","Eagles",2020,115,2020-04-24,"Foothills",2,0,2
"2132","Greater spotted eagle","Clanga clanga","Eagles",2020,116,2020-04-25,"Coast",5,0,5
"2133","Greater spotted eagle","Clanga clanga","Eagles",2020,117,2020-04-26,"Coast",10,0,10
"2134","Greater spotted eagle","Clanga clanga","Eagles",2020,117,2020-04-26,"Interior",1,0,1
"2135","Greater spotted eagle","Clanga clanga","Eagles",2020,118,2020-04-27,"Foothills",1,0,1
"2136","Greater spotted eagle","Clanga clanga","Eagles",2020,119,2020-04-28,"Foothills",1,0,1
"2137","Greater spotted eagle","Clanga clanga","Eagles",2020,120,2020-04-29,"Coast",1,0,1
"2138","Greater spotted eagle","Clanga clanga","Eagles",2020,124,2020-05-03,"Interior",1,0,1
"2139","Greater spotted eagle","Clanga clanga","Eagles",2020,125,2020-05-04,"Coast",1,0,1
"2140","Greater spotted eagle","Clanga clanga","Eagles",2020,130,2020-05-09,"Coast",7,0,7
"2141","Greater spotted eagle","Clanga clanga","Eagles",2020,130,2020-05-09,"Foothills",2,0,2
"2142","Greater spotted eagle","Clanga clanga","Eagles",2020,131,2020-05-10,"Coast",2,0,2
"2143","Greater spotted eagle","Clanga clanga","Eagles",2020,131,2020-05-10,"Foothills",7,0,7
"2144","Greater spotted eagle","Clanga clanga","Eagles",2020,134,2020-05-13,"Coast",1,0,1
"2145","Greater spotted eagle","Clanga clanga","Eagles",2020,134,2020-05-13,"Foothills",1,0,1
"2146","Greater spotted eagle","Clanga clanga","Eagles",2020,136,2020-05-15,"Foothills",2,0,2
"2147","Greater spotted eagle","Clanga clanga","Eagles",2020,138,2020-05-17,"Coast",1,0,1
"2148","Greater spotted eagle","Clanga clanga","Eagles",2020,141,2020-05-20,"Foothills",0,1,-1
"2149","Greater spotted eagle","Clanga clanga","Eagles",2022,69,2022-03-10,"Coast",1,0,1
"2150","Greater spotted eagle","Clanga clanga","Eagles",2022,77,2022-03-18,"Coast",0,1,-1
"2151","Greater spotted eagle","Clanga clanga","Eagles",2022,80,2022-03-21,"Coast",5,0,5
"2152","Greater spotted eagle","Clanga clanga","Eagles",2022,80,2022-03-21,"Foothills",1,0,1
"2153","Greater spotted eagle","Clanga clanga","Eagles",2022,81,2022-03-22,"Coast",1,0,1
"2154","Greater spotted eagle","Clanga clanga","Eagles",2022,82,2022-03-23,"Coast",9,0,9
"2155","Greater spotted eagle","Clanga clanga","Eagles",2022,83,2022-03-24,"Coast",1,0,1
"2156","Greater spotted eagle","Clanga clanga","Eagles",2022,84,2022-03-25,"Coast",43,0,43
"2157","Greater spotted eagle","Clanga clanga","Eagles",2022,85,2022-03-26,"Coast",6,0,6
"2158","Greater spotted eagle","Clanga clanga","Eagles",2022,86,2022-03-27,"Coast",33,0,33
"2159","Greater spotted eagle","Clanga clanga","Eagles",2022,87,2022-03-28,"Coast",6,0,6
"2160","Greater spotted eagle","Clanga clanga","Eagles",2022,87,2022-03-28,"Foothills",3,0,3
"2161","Greater spotted eagle","Clanga clanga","Eagles",2022,88,2022-03-29,"Coast",11,0,11
"2162","Greater spotted eagle","Clanga clanga","Eagles",2022,88,2022-03-29,"Foothills",5,0,5
"2163","Greater spotted eagle","Clanga clanga","Eagles",2022,89,2022-03-30,"Coast",2,0,2
"2164","Greater spotted eagle","Clanga clanga","Eagles",2022,90,2022-03-31,"Coast",1,0,1
"2165","Greater spotted eagle","Clanga clanga","Eagles",2022,91,2022-04-01,"Foothills",1,0,1
"2166","Greater spotted eagle","Clanga clanga","Eagles",2022,92,2022-04-02,"Foothills",1,0,1
"2167","Greater spotted eagle","Clanga clanga","Eagles",2022,94,2022-04-04,"Foothills",2,0,2
"2168","Greater spotted eagle","Clanga clanga","Eagles",2022,95,2022-04-05,"Coast",2,0,2
"2169","Greater spotted eagle","Clanga clanga","Eagles",2022,97,2022-04-07,"Coast",2,0,2
"2170","Greater spotted eagle","Clanga clanga","Eagles",2022,98,2022-04-08,"Coast",2,0,2
"2171","Greater spotted eagle","Clanga clanga","Eagles",2022,99,2022-04-09,"Coast",4,0,4
"2172","Greater spotted eagle","Clanga clanga","Eagles",2022,101,2022-04-11,"Coast",1,0,1
"2173","Greater spotted eagle","Clanga clanga","Eagles",2022,104,2022-04-14,"Coast",4,0,4
"2174","Greater spotted eagle","Clanga clanga","Eagles",2022,106,2022-04-16,"Coast",3,0,3
"2175","Greater spotted eagle","Clanga clanga","Eagles",2022,107,2022-04-17,"Coast",1,0,1
"2176","Greater spotted eagle","Clanga clanga","Eagles",2022,109,2022-04-19,"Coast",3,0,3
"2177","Greater spotted eagle","Clanga clanga","Eagles",2022,111,2022-04-21,"Coast",1,0,1
"2178","Greater spotted eagle","Clanga clanga","Eagles",2022,114,2022-04-24,"Coast",2,0,2
"2179","Greater spotted eagle","Clanga clanga","Eagles",2022,118,2022-04-28,"Coast",1,0,1
"2180","Greater spotted eagle","Clanga clanga","Eagles",2022,123,2022-05-03,"Coast",3,0,3
"2181","Greater spotted eagle","Clanga clanga","Eagles",2022,124,2022-05-04,"Coast",1,0,1
"2182","Greater spotted eagle","Clanga clanga","Eagles",2022,127,2022-05-07,"Coast",1,0,1
"2183","Greater spotted eagle","Clanga clanga","Eagles",2022,128,2022-05-08,"Coast",2,0,2
"2184","Greater spotted eagle","Clanga clanga","Eagles",2022,130,2022-05-10,"Coast",2,0,2
"2185","Greater spotted eagle","Clanga clanga","Eagles",2022,131,2022-05-11,"Coast",2,0,2
"2186","Greater spotted eagle","Clanga clanga","Eagles",2022,132,2022-05-12,"Coast",3,0,3
"2187","Greater spotted eagle","Clanga clanga","Eagles",2022,135,2022-05-15,"Coast",1,0,1
"2188","Griffon vulture","Gyps fulvus","Rare",2019,84,2019-03-25,"Coast",1,0,1
"2189","Griffon vulture","Gyps fulvus","Rare",2019,85,2019-03-26,"Coast",1,0,1
"2190","Griffon vulture","Gyps fulvus","Rare",2019,133,2019-05-13,"Coast",1,0,1
"2191","Griffon vulture","Gyps fulvus","Rare",2020,109,2020-04-18,"Interior",1,0,1
"2192","Griffon vulture","Gyps fulvus","Rare",2022,86,2022-03-27,"Coast",1,0,1
"2193","Griffon vulture","Gyps fulvus","Rare",2022,96,2022-04-06,"Coast",1,0,1
"2194","Griffon vulture","Gyps fulvus","Rare",2022,100,2022-04-10,"Interior",1,0,1
"2195","harrier spec","Circus spec","Harriers",2019,82,2019-03-23,"Coast",4,0,4
"2196","harrier spec","Circus spec","Harriers",2019,82,2019-03-23,"Interior",2,0,2
"2197","harrier spec","Circus spec","Harriers",2019,85,2019-03-26,"Coast",1,0,1
"2198","harrier spec","Circus spec","Harriers",2019,93,2019-04-03,"Interior",4,0,4
"2199","harrier spec","Circus spec","Harriers",2019,95,2019-04-05,"Foothills",1,0,1
"2200","harrier spec","Circus spec","Harriers",2019,127,2019-05-07,"Interior",1,0,1
"2201","harrier spec","Circus spec","Harriers",2020,83,2020-03-23,"Interior",1,0,1
"2202","harrier spec","Circus spec","Harriers",2020,86,2020-03-26,"Coast",1,0,1
"2203","harrier spec","Circus spec","Harriers",2020,87,2020-03-27,"Interior",1,0,1
"2204","harrier spec","Circus spec","Harriers",2020,94,2020-04-03,"Interior",1,0,1
"2205","harrier spec","Circus spec","Harriers",2020,99,2020-04-08,"Coast",3,0,3
"2206","harrier spec","Circus spec","Harriers",2020,102,2020-04-11,"Interior",1,0,1
"2207","harrier spec","Circus spec","Harriers",2022,79,2022-03-20,"Coast",1,0,1
"2208","harrier spec","Circus spec","Harriers",2022,81,2022-03-22,"Coast",1,0,1
"2209","harrier spec","Circus spec","Harriers",2022,89,2022-03-30,"Coast",1,0,1
"2210","harrier spec","Circus spec","Harriers",2022,90,2022-03-31,"Coast",1,0,1
"2211","harrier spec","Circus spec","Harriers",2022,92,2022-04-02,"Interior",1,0,1
"2212","harrier spec","Circus spec","Harriers",2022,94,2022-04-04,"Foothills",1,0,1
"2213","harrier spec","Circus spec","Harriers",2022,94,2022-04-04,"Interior",15,0,15
"2214","harrier spec","Circus spec","Harriers",2022,95,2022-04-05,"Interior",2,0,2
"2215","harrier spec","Circus spec","Harriers",2022,96,2022-04-06,"Coast",7,0,7
"2216","harrier spec","Circus spec","Harriers",2022,100,2022-04-10,"Interior",2,0,2
"2217","harrier spec","Circus spec","Harriers",2022,116,2022-04-26,"Interior",2,0,2
"2218","harrier spec","Circus spec","Harriers",2022,117,2022-04-27,"Interior",6,0,6
"2219","harrier spec","Circus spec","Harriers",2022,118,2022-04-28,"Coast",1,0,1
"2220","harrier spec","Circus spec","Harriers",2022,118,2022-04-28,"Interior",2,0,2
"2221","harrier spec","Circus spec","Harriers",2022,126,2022-05-06,"Coast",4,0,4
"2222","harrier spec","Circus spec","Harriers",2022,128,2022-05-08,"Foothills",1,0,1
"2223","harrier spec","Circus spec","Harriers",2022,131,2022-05-11,"Coast",1,0,1
"2224","harrier spec","Circus spec","Harriers",2022,137,2022-05-17,"Interior",3,0,3
"2225","harrier spec","Circus spec","Harriers",2022,138,2022-05-18,"Interior",1,0,1
"2226","hawk spec","Accipiter spec","Hawks",2019,95,2019-04-05,"Coast",1,0,1
"2227","hawk spec","Accipiter spec","Hawks",2019,97,2019-04-07,"Coast",2,0,2
"2228","hawk spec","Accipiter spec","Hawks",2019,115,2019-04-25,"Coast",8,0,8
"2229","hawk spec","Accipiter spec","Hawks",2019,116,2019-04-26,"Foothills",2,0,2
"2230","hawk spec","Accipiter spec","Hawks",2019,116,2019-04-26,"Interior",1,0,1
"2231","hawk spec","Accipiter spec","Hawks",2019,117,2019-04-27,"Coast",1,0,1
"2232","hawk spec","Accipiter spec","Hawks",2019,118,2019-04-28,"Foothills",6,0,6
"2233","hawk spec","Accipiter spec","Hawks",2019,121,2019-05-01,"Coast",2,0,2
"2234","hawk spec","Accipiter spec","Hawks",2019,121,2019-05-01,"Interior",2,0,2
"2235","hawk spec","Accipiter spec","Hawks",2019,122,2019-05-02,"Coast",49,0,49
"2236","hawk spec","Accipiter spec","Hawks",2019,122,2019-05-02,"Foothills",3,0,3
"2237","hawk spec","Accipiter spec","Hawks",2019,125,2019-05-05,"Coast",80,0,80
"2238","hawk spec","Accipiter spec","Hawks",2019,125,2019-05-05,"Foothills",34,0,34
"2239","hawk spec","Accipiter spec","Hawks",2019,126,2019-05-06,"Coast",23,0,23
"2240","hawk spec","Accipiter spec","Hawks",2019,126,2019-05-06,"Foothills",9,0,9
"2241","hawk spec","Accipiter spec","Hawks",2019,126,2019-05-06,"Interior",1,0,1
"2242","hawk spec","Accipiter spec","Hawks",2019,127,2019-05-07,"Coast",13,0,13
"2243","hawk spec","Accipiter spec","Hawks",2019,127,2019-05-07,"Foothills",5,0,5
"2244","hawk spec","Accipiter spec","Hawks",2019,127,2019-05-07,"Interior",3,0,3
"2245","hawk spec","Accipiter spec","Hawks",2019,128,2019-05-08,"Coast",11,0,11
"2246","hawk spec","Accipiter spec","Hawks",2019,128,2019-05-08,"Foothills",11,0,11
"2247","hawk spec","Accipiter spec","Hawks",2019,129,2019-05-09,"Coast",3,0,3
"2248","hawk spec","Accipiter spec","Hawks",2019,130,2019-05-10,"Coast",37,0,37
"2249","hawk spec","Accipiter spec","Hawks",2019,130,2019-05-10,"Foothills",4,0,4
"2250","hawk spec","Accipiter spec","Hawks",2019,131,2019-05-11,"Coast",37,0,37
"2251","hawk spec","Accipiter spec","Hawks",2019,132,2019-05-12,"Coast",3,0,3
"2252","hawk spec","Accipiter spec","Hawks",2019,133,2019-05-13,"Coast",16,0,16
"2253","hawk spec","Accipiter spec","Hawks",2019,133,2019-05-13,"Foothills",2,0,2
"2254","hawk spec","Accipiter spec","Hawks",2019,134,2019-05-14,"Coast",9,0,9
"2255","hawk spec","Accipiter spec","Hawks",2019,134,2019-05-14,"Interior",4,0,4
"2256","hawk spec","Accipiter spec","Hawks",2019,135,2019-05-15,"Coast",5,0,5
"2257","hawk spec","Accipiter spec","Hawks",2019,135,2019-05-15,"Foothills",3,0,3
"2258","hawk spec","Accipiter spec","Hawks",2019,135,2019-05-15,"Interior",1,0,1
"2259","hawk spec","Accipiter spec","Hawks",2019,137,2019-05-17,"Foothills",2,0,2
"2260","hawk spec","Accipiter spec","Hawks",2019,139,2019-05-19,"Coast",3,0,3
"2261","hawk spec","Accipiter spec","Hawks",2019,139,2019-05-19,"Foothills",1,0,1
"2262","hawk spec","Accipiter spec","Hawks",2019,139,2019-05-19,"Interior",1,0,1
"2263","hawk spec","Accipiter spec","Hawks",2019,140,2019-05-20,"Coast",2,0,2
"2264","hawk spec","Accipiter spec","Hawks",2019,144,2019-05-24,"Coast",3,0,3
"2265","hawk spec","Accipiter spec","Hawks",2019,144,2019-05-24,"Foothills",1,0,1
"2266","hawk spec","Accipiter spec","Hawks",2020,108,2020-04-17,"Coast",1,0,1
"2267","hawk spec","Accipiter spec","Hawks",2020,117,2020-04-26,"Interior",3,0,3
"2268","hawk spec","Accipiter spec","Hawks",2020,118,2020-04-27,"Interior",1,0,1
"2269","hawk spec","Accipiter spec","Hawks",2020,120,2020-04-29,"Coast",1,0,1
"2270","hawk spec","Accipiter spec","Hawks",2020,121,2020-04-30,"Coast",1,0,1
"2271","hawk spec","Accipiter spec","Hawks",2020,124,2020-05-03,"Interior",6,0,6
"2272","hawk spec","Accipiter spec","Hawks",2020,131,2020-05-10,"Interior",2,0,2
"2273","hawk spec","Accipiter spec","Hawks",2020,139,2020-05-18,"Interior",1,0,1
"2274","hawk spec","Accipiter spec","Hawks",2022,86,2022-03-27,"Coast",4,0,4
"2275","hawk spec","Accipiter spec","Hawks",2022,111,2022-04-21,"Coast",1,0,1
"2276","hawk spec","Accipiter spec","Hawks",2022,114,2022-04-24,"Coast",1,0,1
"2277","hawk spec","Accipiter spec","Hawks",2022,116,2022-04-26,"Coast",2,0,2
"2278","hawk spec","Accipiter spec","Hawks",2022,117,2022-04-27,"Coast",1,0,1
"2279","hawk spec","Accipiter spec","Hawks",2022,117,2022-04-27,"Foothills",11,0,11
"2280","hawk spec","Accipiter spec","Hawks",2022,117,2022-04-27,"Interior",45,0,45
"2281","hawk spec","Accipiter spec","Hawks",2022,118,2022-04-28,"Coast",111,0,111
"2282","hawk spec","Accipiter spec","Hawks",2022,118,2022-04-28,"Foothills",4,0,4
"2283","hawk spec","Accipiter spec","Hawks",2022,118,2022-04-28,"Interior",213,0,213
"2284","hawk spec","Accipiter spec","Hawks",2022,119,2022-04-29,"Coast",3,0,3
"2285","hawk spec","Accipiter spec","Hawks",2022,123,2022-05-03,"Coast",423,0,423
"2286","hawk spec","Accipiter spec","Hawks",2022,123,2022-05-03,"Foothills",27,0,27
"2287","hawk spec","Accipiter spec","Hawks",2022,123,2022-05-03,"Interior",52,0,52
"2288","hawk spec","Accipiter spec","Hawks",2022,124,2022-05-04,"Coast",36,0,36
"2289","hawk spec","Accipiter spec","Hawks",2022,126,2022-05-06,"Coast",30,0,30
"2290","hawk spec","Accipiter spec","Hawks",2022,127,2022-05-07,"Coast",5,0,5
"2291","hawk spec","Accipiter spec","Hawks",2022,128,2022-05-08,"Coast",222,0,222
"2292","hawk spec","Accipiter spec","Hawks",2022,128,2022-05-08,"Foothills",72,0,72
"2293","hawk spec","Accipiter spec","Hawks",2022,128,2022-05-08,"Interior",13,0,13
"2294","hawk spec","Accipiter spec","Hawks",2022,129,2022-05-09,"Coast",65,0,65
"2295","hawk spec","Accipiter spec","Hawks",2022,130,2022-05-10,"Coast",159,0,159
"2296","hawk spec","Accipiter spec","Hawks",2022,130,2022-05-10,"Foothills",47,0,47
"2297","hawk spec","Accipiter spec","Hawks",2022,130,2022-05-10,"Interior",2,0,2
"2298","hawk spec","Accipiter spec","Hawks",2022,131,2022-05-11,"Coast",32,0,32
"2299","hawk spec","Accipiter spec","Hawks",2022,131,2022-05-11,"Foothills",28,0,28
"2300","hawk spec","Accipiter spec","Hawks",2022,131,2022-05-11,"Interior",52,0,52
"2301","hawk spec","Accipiter spec","Hawks",2022,132,2022-05-12,"Coast",85,0,85
"2302","hawk spec","Accipiter spec","Hawks",2022,132,2022-05-12,"Foothills",27,0,27
"2303","hawk spec","Accipiter spec","Hawks",2022,132,2022-05-12,"Interior",3,0,3
"2304","hawk spec","Accipiter spec","Hawks",2022,134,2022-05-14,"Coast",7,0,7
"2305","hawk spec","Accipiter spec","Hawks",2022,134,2022-05-14,"Interior",34,0,34
"2306","hawk spec","Accipiter spec","Hawks",2022,135,2022-05-15,"Coast",9,0,9
"2307","hawk spec","Accipiter spec","Hawks",2022,135,2022-05-15,"Foothills",3,0,3
"2308","hawk spec","Accipiter spec","Hawks",2022,135,2022-05-15,"Interior",14,0,14
"2309","hawk spec","Accipiter spec","Hawks",2022,136,2022-05-16,"Foothills",2,0,2
"2310","hawk spec","Accipiter spec","Hawks",2022,136,2022-05-16,"Interior",1,0,1
"2311","hawk spec","Accipiter spec","Hawks",2022,137,2022-05-17,"Foothills",3,0,3
"2312","hawk spec","Accipiter spec","Hawks",2022,137,2022-05-17,"Interior",8,0,8
"2313","hawk spec","Accipiter spec","Hawks",2022,138,2022-05-18,"Interior",2,0,2
"2314","hawk spec","Accipiter spec","Hawks",2022,141,2022-05-21,"Foothills",8,0,8
"2315","hawk spec","Accipiter spec","Hawks",2022,145,2022-05-25,"Coast",4,0,4
"2316","hawk spec","Accipiter spec","Hawks",2022,145,2022-05-25,"Foothills",10,0,10
"2317","Hen harrier","Circus cyaneus","Harriers",2019,82,2019-03-23,"Coast",2,0,2
"2318","Hen harrier","Circus cyaneus","Harriers",2019,82,2019-03-23,"Foothills",1,0,1
"2319","Hen harrier","Circus cyaneus","Harriers",2019,83,2019-03-24,"Coast",1,0,1
"2320","Hen harrier","Circus cyaneus","Harriers",2019,85,2019-03-26,"Coast",2,0,2
"2321","Hen harrier","Circus cyaneus","Harriers",2019,88,2019-03-29,"Coast",5,0,5
"2322","Hen harrier","Circus cyaneus","Harriers",2019,88,2019-03-29,"Foothills",3,0,3
"2323","Hen harrier","Circus cyaneus","Harriers",2019,93,2019-04-03,"Coast",7,0,7
"2324","Hen harrier","Circus cyaneus","Harriers",2019,93,2019-04-03,"Foothills",2,0,2
"2325","Hen harrier","Circus cyaneus","Harriers",2019,93,2019-04-03,"Interior",1,0,1
"2326","Hen harrier","Circus cyaneus","Harriers",2019,94,2019-04-04,"Coast",2,0,2
"2327","Hen harrier","Circus cyaneus","Harriers",2019,95,2019-04-05,"Coast",0,1,-1
"2328","Hen harrier","Circus cyaneus","Harriers",2019,95,2019-04-05,"Foothills",2,0,2
"2329","Hen harrier","Circus cyaneus","Harriers",2019,96,2019-04-06,"Coast",1,0,1
"2330","Hen harrier","Circus cyaneus","Harriers",2019,97,2019-04-07,"Coast",2,0,2
"2331","Hen harrier","Circus cyaneus","Harriers",2019,97,2019-04-07,"Foothills",2,0,2
"2332","Hen harrier","Circus cyaneus","Harriers",2019,98,2019-04-08,"Coast",3,0,3
"2333","Hen harrier","Circus cyaneus","Harriers",2019,98,2019-04-08,"Interior",1,0,1
"2334","Hen harrier","Circus cyaneus","Harriers",2019,99,2019-04-09,"Foothills",1,0,1
"2335","Hen harrier","Circus cyaneus","Harriers",2019,101,2019-04-11,"Coast",4,0,4
"2336","Hen harrier","Circus cyaneus","Harriers",2019,101,2019-04-11,"Foothills",3,0,3
"2337","Hen harrier","Circus cyaneus","Harriers",2019,101,2019-04-11,"Interior",2,0,2
"2338","Hen harrier","Circus cyaneus","Harriers",2019,103,2019-04-13,"Coast",4,0,4
"2339","Hen harrier","Circus cyaneus","Harriers",2019,104,2019-04-14,"Coast",1,0,1
"2340","Hen harrier","Circus cyaneus","Harriers",2019,105,2019-04-15,"Coast",9,0,9
"2341","Hen harrier","Circus cyaneus","Harriers",2019,105,2019-04-15,"Foothills",3,0,3
"2342","Hen harrier","Circus cyaneus","Harriers",2019,105,2019-04-15,"Interior",1,0,1
"2343","Hen harrier","Circus cyaneus","Harriers",2019,108,2019-04-18,"Coast",6,0,6
"2344","Hen harrier","Circus cyaneus","Harriers",2019,108,2019-04-18,"Foothills",1,0,1
"2345","Hen harrier","Circus cyaneus","Harriers",2019,110,2019-04-20,"Coast",3,0,3
"2346","Hen harrier","Circus cyaneus","Harriers",2019,112,2019-04-22,"Coast",1,0,1
"2347","Hen harrier","Circus cyaneus","Harriers",2019,113,2019-04-23,"Coast",4,0,4
"2348","Hen harrier","Circus cyaneus","Harriers",2019,114,2019-04-24,"Foothills",1,0,1
"2349","Hen harrier","Circus cyaneus","Harriers",2019,115,2019-04-25,"Coast",1,0,1
"2350","Hen harrier","Circus cyaneus","Harriers",2019,116,2019-04-26,"Interior",1,0,1
"2351","Hen harrier","Circus cyaneus","Harriers",2019,117,2019-04-27,"Coast",3,0,3
"2352","Hen harrier","Circus cyaneus","Harriers",2019,121,2019-05-01,"Coast",1,0,1
"2353","Hen harrier","Circus cyaneus","Harriers",2019,125,2019-05-05,"Coast",1,0,1
"2354","Hen harrier","Circus cyaneus","Harriers",2019,134,2019-05-14,"Coast",1,0,1
"2355","Hen harrier","Circus cyaneus","Harriers",2020,67,2020-03-07,"Coast",1,0,1
"2356","Hen harrier","Circus cyaneus","Harriers",2020,70,2020-03-10,"Coast",1,0,1
"2357","Hen harrier","Circus cyaneus","Harriers",2020,71,2020-03-11,"Coast",1,0,1
"2358","Hen harrier","Circus cyaneus","Harriers",2020,71,2020-03-11,"Foothills",3,0,3
"2359","Hen harrier","Circus cyaneus","Harriers",2020,73,2020-03-13,"Foothills",1,0,1
"2360","Hen harrier","Circus cyaneus","Harriers",2020,77,2020-03-17,"Coast",2,0,2
"2361","Hen harrier","Circus cyaneus","Harriers",2020,79,2020-03-19,"Coast",3,0,3
"2362","Hen harrier","Circus cyaneus","Harriers",2020,79,2020-03-19,"Foothills",1,0,1
"2363","Hen harrier","Circus cyaneus","Harriers",2020,80,2020-03-20,"Coast",13,0,13
"2364","Hen harrier","Circus cyaneus","Harriers",2020,80,2020-03-20,"Foothills",3,0,3
"2365","Hen harrier","Circus cyaneus","Harriers",2020,80,2020-03-20,"Interior",1,0,1
"2366","Hen harrier","Circus cyaneus","Harriers",2020,81,2020-03-21,"Coast",7,0,7
"2367","Hen harrier","Circus cyaneus","Harriers",2020,81,2020-03-21,"Foothills",1,0,1
"2368","Hen harrier","Circus cyaneus","Harriers",2020,81,2020-03-21,"Interior",1,0,1
"2369","Hen harrier","Circus cyaneus","Harriers",2020,82,2020-03-22,"Coast",5,0,5
"2370","Hen harrier","Circus cyaneus","Harriers",2020,82,2020-03-22,"Foothills",2,0,2
"2371","Hen harrier","Circus cyaneus","Harriers",2020,83,2020-03-23,"Coast",1,0,1
"2372","Hen harrier","Circus cyaneus","Harriers",2020,83,2020-03-23,"Foothills",1,0,1
"2373","Hen harrier","Circus cyaneus","Harriers",2020,83,2020-03-23,"Interior",4,0,4
"2374","Hen harrier","Circus cyaneus","Harriers",2020,84,2020-03-24,"Coast",10,0,10
"2375","Hen harrier","Circus cyaneus","Harriers",2020,84,2020-03-24,"Foothills",1,0,1
"2376","Hen harrier","Circus cyaneus","Harriers",2020,86,2020-03-26,"Coast",1,0,1
"2377","Hen harrier","Circus cyaneus","Harriers",2020,87,2020-03-27,"Foothills",9,0,9
"2378","Hen harrier","Circus cyaneus","Harriers",2020,87,2020-03-27,"Interior",7,0,7
"2379","Hen harrier","Circus cyaneus","Harriers",2020,91,2020-03-31,"Coast",9,0,9
"2380","Hen harrier","Circus cyaneus","Harriers",2020,91,2020-03-31,"Foothills",6,0,6
"2381","Hen harrier","Circus cyaneus","Harriers",2020,91,2020-03-31,"Interior",2,0,2
"2382","Hen harrier","Circus cyaneus","Harriers",2020,93,2020-04-02,"Coast",1,0,1
"2383","Hen harrier","Circus cyaneus","Harriers",2020,94,2020-04-03,"Coast",5,0,5
"2384","Hen harrier","Circus cyaneus","Harriers",2020,95,2020-04-04,"Coast",3,0,3
"2385","Hen harrier","Circus cyaneus","Harriers",2020,95,2020-04-04,"Foothills",1,0,1
"2386","Hen harrier","Circus cyaneus","Harriers",2020,95,2020-04-04,"Interior",2,0,2
"2387","Hen harrier","Circus cyaneus","Harriers",2020,96,2020-04-05,"Coast",2,0,2
"2388","Hen harrier","Circus cyaneus","Harriers",2020,97,2020-04-06,"Coast",3,0,3
"2389","Hen harrier","Circus cyaneus","Harriers",2020,97,2020-04-06,"Foothills",1,0,1
"2390","Hen harrier","Circus cyaneus","Harriers",2020,99,2020-04-08,"Coast",13,0,13
"2391","Hen harrier","Circus cyaneus","Harriers",2020,99,2020-04-08,"Foothills",2,0,2
"2392","Hen harrier","Circus cyaneus","Harriers",2020,100,2020-04-09,"Coast",12,0,12
"2393","Hen harrier","Circus cyaneus","Harriers",2020,100,2020-04-09,"Foothills",1,0,1
"2394","Hen harrier","Circus cyaneus","Harriers",2020,100,2020-04-09,"Interior",2,0,2
"2395","Hen harrier","Circus cyaneus","Harriers",2020,101,2020-04-10,"Coast",9,0,9
"2396","Hen harrier","Circus cyaneus","Harriers",2020,102,2020-04-11,"Coast",7,0,7
"2397","Hen harrier","Circus cyaneus","Harriers",2020,102,2020-04-11,"Foothills",1,1,0
"2398","Hen harrier","Circus cyaneus","Harriers",2020,102,2020-04-11,"Interior",1,0,1
"2399","Hen harrier","Circus cyaneus","Harriers",2020,104,2020-04-13,"Coast",1,0,1
"2400","Hen harrier","Circus cyaneus","Harriers",2020,104,2020-04-13,"Foothills",2,0,2
"2401","Hen harrier","Circus cyaneus","Harriers",2020,105,2020-04-14,"Coast",5,0,5
"2402","Hen harrier","Circus cyaneus","Harriers",2020,106,2020-04-15,"Coast",1,0,1
"2403","Hen harrier","Circus cyaneus","Harriers",2020,106,2020-04-15,"Foothills",1,0,1
"2404","Hen harrier","Circus cyaneus","Harriers",2020,108,2020-04-17,"Coast",5,0,5
"2405","Hen harrier","Circus cyaneus","Harriers",2020,109,2020-04-18,"Coast",1,0,1
"2406","Hen harrier","Circus cyaneus","Harriers",2020,114,2020-04-23,"Coast",5,0,5
"2407","Hen harrier","Circus cyaneus","Harriers",2020,115,2020-04-24,"Coast",1,0,1
"2408","Hen harrier","Circus cyaneus","Harriers",2020,117,2020-04-26,"Coast",3,0,3
"2409","Hen harrier","Circus cyaneus","Harriers",2020,121,2020-04-30,"Foothills",1,0,1
"2410","Hen harrier","Circus cyaneus","Harriers",2022,79,2022-03-20,"Coast",1,0,1
"2411","Hen harrier","Circus cyaneus","Harriers",2022,81,2022-03-22,"Coast",2,0,2
"2412","Hen harrier","Circus cyaneus","Harriers",2022,82,2022-03-23,"Coast",3,0,3
"2413","Hen harrier","Circus cyaneus","Harriers",2022,84,2022-03-25,"Coast",19,0,19
"2414","Hen harrier","Circus cyaneus","Harriers",2022,84,2022-03-25,"Interior",1,0,1
"2415","Hen harrier","Circus cyaneus","Harriers",2022,85,2022-03-26,"Coast",3,0,3
"2416","Hen harrier","Circus cyaneus","Harriers",2022,86,2022-03-27,"Coast",4,0,4
"2417","Hen harrier","Circus cyaneus","Harriers",2022,86,2022-03-27,"Foothills",1,0,1
"2418","Hen harrier","Circus cyaneus","Harriers",2022,87,2022-03-28,"Coast",4,0,4
"2419","Hen harrier","Circus cyaneus","Harriers",2022,87,2022-03-28,"Foothills",1,0,1
"2420","Hen harrier","Circus cyaneus","Harriers",2022,88,2022-03-29,"Coast",1,0,1
"2421","Hen harrier","Circus cyaneus","Harriers",2022,88,2022-03-29,"Foothills",2,0,2
"2422","Hen harrier","Circus cyaneus","Harriers",2022,88,2022-03-29,"Interior",1,0,1
"2423","Hen harrier","Circus cyaneus","Harriers",2022,89,2022-03-30,"Coast",13,0,13
"2424","Hen harrier","Circus cyaneus","Harriers",2022,89,2022-03-30,"Foothills",1,0,1
"2425","Hen harrier","Circus cyaneus","Harriers",2022,89,2022-03-30,"Interior",2,0,2
"2426","Hen harrier","Circus cyaneus","Harriers",2022,90,2022-03-31,"Coast",1,0,1
"2427","Hen harrier","Circus cyaneus","Harriers",2022,90,2022-03-31,"Foothills",1,0,1
"2428","Hen harrier","Circus cyaneus","Harriers",2022,91,2022-04-01,"Coast",10,0,10
"2429","Hen harrier","Circus cyaneus","Harriers",2022,91,2022-04-01,"Foothills",6,0,6
"2430","Hen harrier","Circus cyaneus","Harriers",2022,91,2022-04-01,"Interior",1,0,1
"2431","Hen harrier","Circus cyaneus","Harriers",2022,92,2022-04-02,"Coast",2,0,2
"2432","Hen harrier","Circus cyaneus","Harriers",2022,92,2022-04-02,"Foothills",1,0,1
"2433","Hen harrier","Circus cyaneus","Harriers",2022,93,2022-04-03,"Coast",5,0,5
"2434","Hen harrier","Circus cyaneus","Harriers",2022,93,2022-04-03,"Foothills",1,0,1
"2435","Hen harrier","Circus cyaneus","Harriers",2022,94,2022-04-04,"Coast",9,0,9
"2436","Hen harrier","Circus cyaneus","Harriers",2022,94,2022-04-04,"Foothills",7,0,7
"2437","Hen harrier","Circus cyaneus","Harriers",2022,95,2022-04-05,"Coast",2,0,2
"2438","Hen harrier","Circus cyaneus","Harriers",2022,96,2022-04-06,"Coast",12,0,12
"2439","Hen harrier","Circus cyaneus","Harriers",2022,96,2022-04-06,"Foothills",2,0,2
"2440","Hen harrier","Circus cyaneus","Harriers",2022,97,2022-04-07,"Coast",4,0,4
"2441","Hen harrier","Circus cyaneus","Harriers",2022,98,2022-04-08,"Coast",1,0,1
"2442","Hen harrier","Circus cyaneus","Harriers",2022,99,2022-04-09,"Coast",1,0,1
"2443","Hen harrier","Circus cyaneus","Harriers",2022,99,2022-04-09,"Interior",1,0,1
"2444","Hen harrier","Circus cyaneus","Harriers",2022,100,2022-04-10,"Coast",1,0,1
"2445","Hen harrier","Circus cyaneus","Harriers",2022,101,2022-04-11,"Coast",1,0,1
"2446","Hen harrier","Circus cyaneus","Harriers",2022,101,2022-04-11,"Interior",1,0,1
"2447","Hen harrier","Circus cyaneus","Harriers",2022,104,2022-04-14,"Coast",1,0,1
"2448","Hen harrier","Circus cyaneus","Harriers",2022,104,2022-04-14,"Interior",1,0,1
"2449","Hen harrier","Circus cyaneus","Harriers",2022,105,2022-04-15,"Coast",4,0,4
"2450","Hen harrier","Circus cyaneus","Harriers",2022,107,2022-04-17,"Coast",1,0,1
"2451","Hen harrier","Circus cyaneus","Harriers",2022,107,2022-04-17,"Interior",1,0,1
"2452","Hen harrier","Circus cyaneus","Harriers",2022,108,2022-04-18,"Coast",6,0,6
"2453","Hen harrier","Circus cyaneus","Harriers",2022,108,2022-04-18,"Foothills",1,0,1
"2454","Hen harrier","Circus cyaneus","Harriers",2022,109,2022-04-19,"Coast",2,0,2
"2455","Hen harrier","Circus cyaneus","Harriers",2022,111,2022-04-21,"Coast",5,0,5
"2456","Hen harrier","Circus cyaneus","Harriers",2022,113,2022-04-23,"Coast",1,0,1
"2457","Hen harrier","Circus cyaneus","Harriers",2022,114,2022-04-24,"Coast",1,0,1
"2458","Hen harrier","Circus cyaneus","Harriers",2022,114,2022-04-24,"Foothills",1,0,1
"2459","Hen harrier","Circus cyaneus","Harriers",2022,115,2022-04-25,"Interior",1,0,1
"2460","Hen harrier","Circus cyaneus","Harriers",2022,117,2022-04-27,"Coast",1,0,1
"2461","Hen harrier","Circus cyaneus","Harriers",2022,118,2022-04-28,"Coast",1,0,1
"2462","Hen harrier","Circus cyaneus","Harriers",2022,118,2022-04-28,"Foothills",1,0,1
"2463","Hen harrier","Circus cyaneus","Harriers",2022,123,2022-05-03,"Coast",2,0,2
"2464","Hen harrier","Circus cyaneus","Harriers",2022,126,2022-05-06,"Coast",1,0,1
"2465","Hen harrier","Circus cyaneus","Harriers",2022,128,2022-05-08,"Coast",1,0,1
"2466","Hen harrier","Circus cyaneus","Harriers",2022,129,2022-05-09,"Coast",1,0,1
"2467","Hen harrier","Circus cyaneus","Harriers",2022,131,2022-05-11,"Coast",1,0,1
"2468","Hobby","Falco subbuteo","Falcons",2019,99,2019-04-09,"Coast",1,0,1
"2469","Hobby","Falco subbuteo","Falcons",2019,105,2019-04-15,"Coast",1,0,1
"2470","Hobby","Falco subbuteo","Falcons",2019,109,2019-04-19,"Coast",1,0,1
"2471","Hobby","Falco subbuteo","Falcons",2019,112,2019-04-22,"Coast",1,0,1
"2472","Hobby","Falco subbuteo","Falcons",2019,115,2019-04-25,"Coast",2,0,2
"2473","Hobby","Falco subbuteo","Falcons",2019,118,2019-04-28,"Coast",2,0,2
"2474","Hobby","Falco subbuteo","Falcons",2019,120,2019-04-30,"Coast",2,0,2
"2475","Hobby","Falco subbuteo","Falcons",2019,121,2019-05-01,"Coast",4,0,4
"2476","Hobby","Falco subbuteo","Falcons",2019,121,2019-05-01,"Foothills",3,0,3
"2477","Hobby","Falco subbuteo","Falcons",2019,122,2019-05-02,"Foothills",1,0,1
"2478","Hobby","Falco subbuteo","Falcons",2019,126,2019-05-06,"Coast",1,0,1
"2479","Hobby","Falco subbuteo","Falcons",2019,138,2019-05-18,"Coast",1,0,1
"2480","Hobby","Falco subbuteo","Falcons",2019,140,2019-05-20,"Coast",1,0,1
"2481","Hobby","Falco subbuteo","Falcons",2019,144,2019-05-24,"Coast",0,1,-1
"2482","Hobby","Falco subbuteo","Falcons",2019,150,2019-05-30,"Coast",0,1,-1
"2483","Hobby","Falco subbuteo","Falcons",2020,94,2020-04-03,"Coast",1,0,1
"2484","Hobby","Falco subbuteo","Falcons",2020,99,2020-04-08,"Coast",1,0,1
"2485","Hobby","Falco subbuteo","Falcons",2020,100,2020-04-09,"Coast",1,0,1
"2486","Hobby","Falco subbuteo","Falcons",2020,102,2020-04-11,"Coast",2,0,2
"2487","Hobby","Falco subbuteo","Falcons",2020,104,2020-04-13,"Coast",2,0,2
"2488","Hobby","Falco subbuteo","Falcons",2020,106,2020-04-15,"Coast",1,0,1
"2489","Hobby","Falco subbuteo","Falcons",2020,108,2020-04-17,"Coast",2,0,2
"2490","Hobby","Falco subbuteo","Falcons",2020,109,2020-04-18,"Coast",2,0,2
"2491","Hobby","Falco subbuteo","Falcons",2020,109,2020-04-18,"Foothills",1,0,1
"2492","Hobby","Falco subbuteo","Falcons",2020,110,2020-04-19,"Coast",7,0,7
"2493","Hobby","Falco subbuteo","Falcons",2020,111,2020-04-20,"Coast",6,0,6
"2494","Hobby","Falco subbuteo","Falcons",2020,114,2020-04-23,"Coast",13,0,13
"2495","Hobby","Falco subbuteo","Falcons",2020,114,2020-04-23,"Foothills",1,0,1
"2496","Hobby","Falco subbuteo","Falcons",2020,115,2020-04-24,"Coast",6,0,6
"2497","Hobby","Falco subbuteo","Falcons",2020,117,2020-04-26,"Coast",3,0,3
"2498","Hobby","Falco subbuteo","Falcons",2020,118,2020-04-27,"Coast",5,0,5
"2499","Hobby","Falco subbuteo","Falcons",2020,119,2020-04-28,"Coast",1,0,1
"2500","Hobby","Falco subbuteo","Falcons",2020,120,2020-04-29,"Coast",5,0,5
"2501","Hobby","Falco subbuteo","Falcons",2020,120,2020-04-29,"Foothills",1,0,1
"2502","Hobby","Falco subbuteo","Falcons",2020,121,2020-04-30,"Coast",6,0,6
"2503","Hobby","Falco subbuteo","Falcons",2020,121,2020-04-30,"Foothills",1,0,1
"2504","Hobby","Falco subbuteo","Falcons",2020,122,2020-05-01,"Coast",2,0,2
"2505","Hobby","Falco subbuteo","Falcons",2020,123,2020-05-02,"Coast",0,1,-1
"2506","Hobby","Falco subbuteo","Falcons",2020,124,2020-05-03,"Coast",6,0,6
"2507","Hobby","Falco subbuteo","Falcons",2020,124,2020-05-03,"Foothills",1,0,1
"2508","Hobby","Falco subbuteo","Falcons",2020,125,2020-05-04,"Coast",2,0,2
"2509","Hobby","Falco subbuteo","Falcons",2020,128,2020-05-07,"Coast",1,0,1
"2510","Hobby","Falco subbuteo","Falcons",2020,130,2020-05-09,"Coast",3,0,3
"2511","Hobby","Falco subbuteo","Falcons",2020,132,2020-05-11,"Coast",2,0,2
"2512","Hobby","Falco subbuteo","Falcons",2020,134,2020-05-13,"Coast",4,0,4
"2513","Hobby","Falco subbuteo","Falcons",2020,135,2020-05-14,"Coast",3,0,3
"2514","Hobby","Falco subbuteo","Falcons",2020,136,2020-05-15,"Coast",4,0,4
"2515","Hobby","Falco subbuteo","Falcons",2020,139,2020-05-18,"Coast",1,0,1
"2516","Hobby","Falco subbuteo","Falcons",2020,139,2020-05-18,"Foothills",1,0,1
"2517","Hobby","Falco subbuteo","Falcons",2020,140,2020-05-19,"Coast",4,0,4
"2518","Hobby","Falco subbuteo","Falcons",2020,143,2020-05-22,"Coast",2,0,2
"2519","Hobby","Falco subbuteo","Falcons",2022,94,2022-04-04,"Coast",1,0,1
"2520","Hobby","Falco subbuteo","Falcons",2022,100,2022-04-10,"Coast",2,0,2
"2521","Hobby","Falco subbuteo","Falcons",2022,101,2022-04-11,"Foothills",2,0,2
"2522","Hobby","Falco subbuteo","Falcons",2022,105,2022-04-15,"Coast",1,0,1
"2523","Hobby","Falco subbuteo","Falcons",2022,106,2022-04-16,"Coast",2,0,2
"2524","Hobby","Falco subbuteo","Falcons",2022,107,2022-04-17,"Coast",4,0,4
"2525","Hobby","Falco subbuteo","Falcons",2022,107,2022-04-17,"Foothills",2,0,2
"2526","Hobby","Falco subbuteo","Falcons",2022,111,2022-04-21,"Coast",12,0,12
"2527","Hobby","Falco subbuteo","Falcons",2022,111,2022-04-21,"Foothills",1,0,1
"2528","Hobby","Falco subbuteo","Falcons",2022,113,2022-04-23,"Coast",15,0,15
"2529","Hobby","Falco subbuteo","Falcons",2022,113,2022-04-23,"Foothills",2,0,2
"2530","Hobby","Falco subbuteo","Falcons",2022,114,2022-04-24,"Coast",17,0,17
"2531","Hobby","Falco subbuteo","Falcons",2022,114,2022-04-24,"Interior",1,0,1
"2532","Hobby","Falco subbuteo","Falcons",2022,115,2022-04-25,"Coast",15,0,15
"2533","Hobby","Falco subbuteo","Falcons",2022,116,2022-04-26,"Coast",3,0,3
"2534","Hobby","Falco subbuteo","Falcons",2022,116,2022-04-26,"Foothills",1,0,1
"2535","Hobby","Falco subbuteo","Falcons",2022,117,2022-04-27,"Coast",4,0,4
"2536","Hobby","Falco subbuteo","Falcons",2022,117,2022-04-27,"Foothills",1,0,1
"2537","Hobby","Falco subbuteo","Falcons",2022,117,2022-04-27,"Interior",2,0,2
"2538","Hobby","Falco subbuteo","Falcons",2022,118,2022-04-28,"Coast",2,0,2
"2539","Hobby","Falco subbuteo","Falcons",2022,123,2022-05-03,"Coast",2,0,2
"2540","Hobby","Falco subbuteo","Falcons",2022,129,2022-05-09,"Coast",1,0,1
"2541","Hobby","Falco subbuteo","Falcons",2022,130,2022-05-10,"Coast",1,0,1
"2542","Hobby","Falco subbuteo","Falcons",2022,131,2022-05-11,"Coast",3,0,3
"2543","Hobby","Falco subbuteo","Falcons",2022,132,2022-05-12,"Coast",2,0,2
"2544","Hobby","Falco subbuteo","Falcons",2022,134,2022-05-14,"Coast",2,0,2
"2545","Hobby","Falco subbuteo","Falcons",2022,134,2022-05-14,"Foothills",1,0,1
"2546","Hobby","Falco subbuteo","Falcons",2022,135,2022-05-15,"Coast",3,0,3
"2547","Hobby","Falco subbuteo","Falcons",2022,137,2022-05-17,"Foothills",1,0,1
"2548","Hobby","Falco subbuteo","Falcons",2022,138,2022-05-18,"Coast",1,0,1
"2549","Hobby","Falco subbuteo","Falcons",2022,141,2022-05-21,"Coast",1,0,1
"2550","Hobby","Falco subbuteo","Falcons",2022,141,2022-05-21,"Foothills",1,0,1
"2551","Hobby","Falco subbuteo","Falcons",2022,145,2022-05-25,"Coast",4,0,4
"2552","Hobby/Red-footed falcon","F. subbuteo/vespertinus","Falcons",2019,110,2019-04-20,"Coast",1,0,1
"2553","Hobby/Red-footed falcon","F. subbuteo/vespertinus","Falcons",2019,122,2019-05-02,"Coast",1,0,1
"2554","Hobby/Red-footed falcon","F. subbuteo/vespertinus","Falcons",2019,126,2019-05-06,"Foothills",1,0,1
"2555","Hobby/Red-footed falcon","F. subbuteo/vespertinus","Falcons",2020,106,2020-04-15,"Coast",2,0,2
"2556","Hobby/Red-footed falcon","F. subbuteo/vespertinus","Falcons",2020,106,2020-04-15,"Foothills",1,0,1
"2557","Hobby/Red-footed falcon","F. subbuteo/vespertinus","Falcons",2020,108,2020-04-17,"Coast",1,0,1
"2558","Hobby/Red-footed falcon","F. subbuteo/vespertinus","Falcons",2020,110,2020-04-19,"Coast",3,0,3
"2559","Hobby/Red-footed falcon","F. subbuteo/vespertinus","Falcons",2020,116,2020-04-25,"Coast",1,0,1
"2560","Hobby/Red-footed falcon","F. subbuteo/vespertinus","Falcons",2020,117,2020-04-26,"Coast",1,0,1
"2561","Hobby/Red-footed falcon","F. subbuteo/vespertinus","Falcons",2020,118,2020-04-27,"Interior",1,0,1
"2562","Hobby/Red-footed falcon","F. subbuteo/vespertinus","Falcons",2020,120,2020-04-29,"Foothills",1,0,1
"2563","Hobby/Red-footed falcon","F. subbuteo/vespertinus","Falcons",2020,120,2020-04-29,"Interior",1,0,1
"2564","Hobby/Red-footed falcon","F. subbuteo/vespertinus","Falcons",2020,131,2020-05-10,"Coast",1,0,1
"2565","Hobby/Red-footed falcon","F. subbuteo/vespertinus","Falcons",2020,140,2020-05-19,"Coast",1,0,1
"2566","Hobby/Red-footed falcon","F. subbuteo/vespertinus","Falcons",2020,141,2020-05-20,"Coast",1,0,1
"2567","Hobby/Red-footed falcon","F. subbuteo/vespertinus","Falcons",2020,143,2020-05-22,"Foothills",1,0,1
"2568","Hobby/Red-footed falcon","F. subbuteo/vespertinus","Falcons",2022,91,2022-04-01,"Coast",1,0,1
"2569","Hobby/Red-footed falcon","F. subbuteo/vespertinus","Falcons",2022,98,2022-04-08,"Coast",2,0,2
"2570","Hobby/Red-footed falcon","F. subbuteo/vespertinus","Falcons",2022,105,2022-04-15,"Coast",1,0,1
"2571","Hobby/Red-footed falcon","F. subbuteo/vespertinus","Falcons",2022,106,2022-04-16,"Coast",1,0,1
"2572","Hobby/Red-footed falcon","F. subbuteo/vespertinus","Falcons",2022,107,2022-04-17,"Interior",1,0,1
"2573","Hobby/Red-footed falcon","F. subbuteo/vespertinus","Falcons",2022,108,2022-04-18,"Interior",1,0,1
"2574","Hobby/Red-footed falcon","F. subbuteo/vespertinus","Falcons",2022,111,2022-04-21,"Coast",2,0,2
"2575","Hobby/Red-footed falcon","F. subbuteo/vespertinus","Falcons",2022,111,2022-04-21,"Interior",1,0,1
"2576","Hobby/Red-footed falcon","F. subbuteo/vespertinus","Falcons",2022,113,2022-04-23,"Coast",1,0,1
"2577","Hobby/Red-footed falcon","F. subbuteo/vespertinus","Falcons",2022,113,2022-04-23,"Interior",3,0,3
"2578","Hobby/Red-footed falcon","F. subbuteo/vespertinus","Falcons",2022,114,2022-04-24,"Interior",2,0,2
"2579","Hobby/Red-footed falcon","F. subbuteo/vespertinus","Falcons",2022,115,2022-04-25,"Coast",2,0,2
"2580","Hobby/Red-footed falcon","F. subbuteo/vespertinus","Falcons",2022,116,2022-04-26,"Coast",1,0,1
"2581","Hobby/Red-footed falcon","F. subbuteo/vespertinus","Falcons",2022,117,2022-04-27,"Coast",1,0,1
"2582","Hobby/Red-footed falcon","F. subbuteo/vespertinus","Falcons",2022,118,2022-04-28,"Coast",2,0,2
"2583","Hobby/Red-footed falcon","F. subbuteo/vespertinus","Falcons",2022,123,2022-05-03,"Coast",1,0,1
"2584","Hobby/Red-footed falcon","F. subbuteo/vespertinus","Falcons",2022,130,2022-05-10,"Coast",1,0,1
"2585","Hobby/Red-footed falcon","F. subbuteo/vespertinus","Falcons",2022,131,2022-05-11,"Foothills",1,0,1
"2586","Hobby/Red-footed falcon","F. subbuteo/vespertinus","Falcons",2022,132,2022-05-12,"Coast",2,0,2
"2587","Hobby/Red-footed falcon","F. subbuteo/vespertinus","Falcons",2022,135,2022-05-15,"Coast",1,0,1
"2588","Hobby/Red-footed falcon","F. subbuteo/vespertinus","Falcons",2022,138,2022-05-18,"Interior",1,0,1
"2589","Hobby/Red-footed falcon","F. subbuteo/vespertinus","Falcons",2022,141,2022-05-21,"Foothills",1,0,1
"2590","Hobby/Red-footed falcon","F. subbuteo/vespertinus","Falcons",2022,145,2022-05-25,"Foothills",1,0,1
"2591","Honey buzzard","Pernis apivorus","Buzzards & Kites",2019,93,2019-04-03,"Coast",1,0,1
"2592","Honey buzzard","Pernis apivorus","Buzzards & Kites",2019,108,2019-04-18,"Coast",1,0,1
"2593","Honey buzzard","Pernis apivorus","Buzzards & Kites",2019,108,2019-04-18,"Foothills",1,0,1
"2594","Honey buzzard","Pernis apivorus","Buzzards & Kites",2019,112,2019-04-22,"Coast",2,0,2
"2595","Honey buzzard","Pernis apivorus","Buzzards & Kites",2019,114,2019-04-24,"Coast",13,0,13
"2596","Honey buzzard","Pernis apivorus","Buzzards & Kites",2019,114,2019-04-24,"Foothills",2,0,2
"2597","Honey buzzard","Pernis apivorus","Buzzards & Kites",2019,115,2019-04-25,"Coast",51,0,51
"2598","Honey buzzard","Pernis apivorus","Buzzards & Kites",2019,115,2019-04-25,"Foothills",33,0,33
"2599","Honey buzzard","Pernis apivorus","Buzzards & Kites",2019,116,2019-04-26,"Coast",4,0,4
"2600","Honey buzzard","Pernis apivorus","Buzzards & Kites",2019,116,2019-04-26,"Foothills",3,0,3
"2601","Honey buzzard","Pernis apivorus","Buzzards & Kites",2019,116,2019-04-26,"Interior",26,0,26
"2602","Honey buzzard","Pernis apivorus","Buzzards & Kites",2019,117,2019-04-27,"Coast",714,0,714
"2603","Honey buzzard","Pernis apivorus","Buzzards & Kites",2019,117,2019-04-27,"Foothills",9,0,9
"2604","Honey buzzard","Pernis apivorus","Buzzards & Kites",2019,118,2019-04-28,"Coast",219,0,219
"2605","Honey buzzard","Pernis apivorus","Buzzards & Kites",2019,118,2019-04-28,"Foothills",213,0,213
"2606","Honey buzzard","Pernis apivorus","Buzzards & Kites",2019,118,2019-04-28,"Interior",5,0,5
"2607","Honey buzzard","Pernis apivorus","Buzzards & Kites",2019,119,2019-04-29,"Coast",8,0,8
"2608","Honey buzzard","Pernis apivorus","Buzzards & Kites",2019,119,2019-04-29,"Foothills",4,0,4
"2609","Honey buzzard","Pernis apivorus","Buzzards & Kites",2019,120,2019-04-30,"Coast",61,0,61
"2610","Honey buzzard","Pernis apivorus","Buzzards & Kites",2019,120,2019-04-30,"Foothills",56,0,56
"2611","Honey buzzard","Pernis apivorus","Buzzards & Kites",2019,120,2019-04-30,"Interior",4,0,4
"2612","Honey buzzard","Pernis apivorus","Buzzards & Kites",2019,121,2019-05-01,"Coast",305,0,305
"2613","Honey buzzard","Pernis apivorus","Buzzards & Kites",2019,121,2019-05-01,"Foothills",365,0,365
"2614","Honey buzzard","Pernis apivorus","Buzzards & Kites",2019,122,2019-05-02,"Coast",422,0,422
"2615","Honey buzzard","Pernis apivorus","Buzzards & Kites",2019,122,2019-05-02,"Foothills",343,0,343
"2616","Honey buzzard","Pernis apivorus","Buzzards & Kites",2019,122,2019-05-02,"Interior",103,0,103
"2617","Honey buzzard","Pernis apivorus","Buzzards & Kites",2019,125,2019-05-05,"Coast",1266,0,1266
"2618","Honey buzzard","Pernis apivorus","Buzzards & Kites",2019,125,2019-05-05,"Foothills",421,0,421
"2619","Honey buzzard","Pernis apivorus","Buzzards & Kites",2019,125,2019-05-05,"Interior",926,0,926
"2620","Honey buzzard","Pernis apivorus","Buzzards & Kites",2019,126,2019-05-06,"Coast",497,0,497
"2621","Honey buzzard","Pernis apivorus","Buzzards & Kites",2019,126,2019-05-06,"Foothills",496,0,496
"2622","Honey buzzard","Pernis apivorus","Buzzards & Kites",2019,126,2019-05-06,"Interior",23,0,23
"2623","Honey buzzard","Pernis apivorus","Buzzards & Kites",2019,127,2019-05-07,"Coast",238,0,238
"2624","Honey buzzard","Pernis apivorus","Buzzards & Kites",2019,127,2019-05-07,"Foothills",5025,0,5025
"2625","Honey buzzard","Pernis apivorus","Buzzards & Kites",2019,127,2019-05-07,"Interior",880,0,880
"2626","Honey buzzard","Pernis apivorus","Buzzards & Kites",2019,128,2019-05-08,"Coast",14282,0,14282
"2627","Honey buzzard","Pernis apivorus","Buzzards & Kites",2019,128,2019-05-08,"Foothills",67,0,67
"2628","Honey buzzard","Pernis apivorus","Buzzards & Kites",2019,128,2019-05-08,"Interior",2887,0,2887
"2629","Honey buzzard","Pernis apivorus","Buzzards & Kites",2019,129,2019-05-09,"Coast",10080,0,10080
"2630","Honey buzzard","Pernis apivorus","Buzzards & Kites",2019,129,2019-05-09,"Foothills",2,0,2
"2631","Honey buzzard","Pernis apivorus","Buzzards & Kites",2019,130,2019-05-10,"Coast",6105,0,6105
"2632","Honey buzzard","Pernis apivorus","Buzzards & Kites",2019,130,2019-05-10,"Foothills",25113,0,25113
"2633","Honey buzzard","Pernis apivorus","Buzzards & Kites",2019,130,2019-05-10,"Interior",2115,0,2115
"2634","Honey buzzard","Pernis apivorus","Buzzards & Kites",2019,131,2019-05-11,"Coast",779,0,779
"2635","Honey buzzard","Pernis apivorus","Buzzards & Kites",2019,131,2019-05-11,"Foothills",881,0,881
"2636","Honey buzzard","Pernis apivorus","Buzzards & Kites",2019,131,2019-05-11,"Interior",337,0,337
"2637","Honey buzzard","Pernis apivorus","Buzzards & Kites",2019,132,2019-05-12,"Coast",75,0,75
"2638","Honey buzzard","Pernis apivorus","Buzzards & Kites",2019,132,2019-05-12,"Foothills",41,0,41
"2639","Honey buzzard","Pernis apivorus","Buzzards & Kites",2019,132,2019-05-12,"Interior",29,0,29
"2640","Honey buzzard","Pernis apivorus","Buzzards & Kites",2019,133,2019-05-13,"Coast",1377,0,1377
"2641","Honey buzzard","Pernis apivorus","Buzzards & Kites",2019,133,2019-05-13,"Foothills",239,0,239
"2642","Honey buzzard","Pernis apivorus","Buzzards & Kites",2019,134,2019-05-14,"Coast",1582,0,1582
"2643","Honey buzzard","Pernis apivorus","Buzzards & Kites",2019,134,2019-05-14,"Foothills",2872,0,2872
"2644","Honey buzzard","Pernis apivorus","Buzzards & Kites",2019,134,2019-05-14,"Interior",707,0,707
"2645","Honey buzzard","Pernis apivorus","Buzzards & Kites",2019,135,2019-05-15,"Coast",108,0,108
"2646","Honey buzzard","Pernis apivorus","Buzzards & Kites",2019,135,2019-05-15,"Foothills",72,0,72
"2647","Honey buzzard","Pernis apivorus","Buzzards & Kites",2019,137,2019-05-17,"Coast",32,0,32
"2648","Honey buzzard","Pernis apivorus","Buzzards & Kites",2019,137,2019-05-17,"Foothills",213,0,213
"2649","Honey buzzard","Pernis apivorus","Buzzards & Kites",2019,137,2019-05-17,"Interior",45,0,45
"2650","Honey buzzard","Pernis apivorus","Buzzards & Kites",2019,138,2019-05-18,"Coast",36,0,36
"2651","Honey buzzard","Pernis apivorus","Buzzards & Kites",2019,138,2019-05-18,"Foothills",78,0,78
"2652","Honey buzzard","Pernis apivorus","Buzzards & Kites",2019,139,2019-05-19,"Coast",710,0,710
"2653","Honey buzzard","Pernis apivorus","Buzzards & Kites",2019,139,2019-05-19,"Foothills",2563,0,2563
"2654","Honey buzzard","Pernis apivorus","Buzzards & Kites",2019,139,2019-05-19,"Interior",1618,0,1618
"2655","Honey buzzard","Pernis apivorus","Buzzards & Kites",2019,140,2019-05-20,"Coast",183,0,183
"2656","Honey buzzard","Pernis apivorus","Buzzards & Kites",2019,140,2019-05-20,"Foothills",126,0,126
"2657","Honey buzzard","Pernis apivorus","Buzzards & Kites",2019,141,2019-05-21,"Coast",21,0,21
"2658","Honey buzzard","Pernis apivorus","Buzzards & Kites",2019,141,2019-05-21,"Foothills",34,0,34
"2659","Honey buzzard","Pernis apivorus","Buzzards & Kites",2019,141,2019-05-21,"Interior",596,0,596
"2660","Honey buzzard","Pernis apivorus","Buzzards & Kites",2019,144,2019-05-24,"Coast",40,0,40
"2661","Honey buzzard","Pernis apivorus","Buzzards & Kites",2019,144,2019-05-24,"Foothills",88,0,88
"2662","Honey buzzard","Pernis apivorus","Buzzards & Kites",2019,144,2019-05-24,"Interior",88,0,88
"2663","Honey buzzard","Pernis apivorus","Buzzards & Kites",2019,145,2019-05-25,"Coast",6,0,6
"2664","Honey buzzard","Pernis apivorus","Buzzards & Kites",2019,145,2019-05-25,"Foothills",6,0,6
"2665","Honey buzzard","Pernis apivorus","Buzzards & Kites",2019,146,2019-05-26,"Coast",15,0,15
"2666","Honey buzzard","Pernis apivorus","Buzzards & Kites",2019,147,2019-05-27,"Coast",193,0,193
"2667","Honey buzzard","Pernis apivorus","Buzzards & Kites",2019,147,2019-05-27,"Foothills",125,0,125
"2668","Honey buzzard","Pernis apivorus","Buzzards & Kites",2019,147,2019-05-27,"Interior",32,0,32
"2669","Honey buzzard","Pernis apivorus","Buzzards & Kites",2019,148,2019-05-28,"Coast",7,0,7
"2670","Honey buzzard","Pernis apivorus","Buzzards & Kites",2019,148,2019-05-28,"Foothills",5,0,5
"2671","Honey buzzard","Pernis apivorus","Buzzards & Kites",2019,150,2019-05-30,"Coast",2,0,2
"2672","Honey buzzard","Pernis apivorus","Buzzards & Kites",2019,150,2019-05-30,"Foothills",2,0,2
"2673","Honey buzzard","Pernis apivorus","Buzzards & Kites",2019,151,2019-05-31,"Coast",2,0,2
"2674","Honey buzzard","Pernis apivorus","Buzzards & Kites",2019,151,2019-05-31,"Interior",5,0,5
"2675","Honey buzzard","Pernis apivorus","Buzzards & Kites",2020,108,2020-04-17,"Coast",3,0,3
"2676","Honey buzzard","Pernis apivorus","Buzzards & Kites",2020,109,2020-04-18,"Coast",1,0,1
"2677","Honey buzzard","Pernis apivorus","Buzzards & Kites",2020,109,2020-04-18,"Foothills",5,0,5
"2678","Honey buzzard","Pernis apivorus","Buzzards & Kites",2020,110,2020-04-19,"Coast",11,0,11
"2679","Honey buzzard","Pernis apivorus","Buzzards & Kites",2020,110,2020-04-19,"Foothills",7,0,7
"2680","Honey buzzard","Pernis apivorus","Buzzards & Kites",2020,110,2020-04-19,"Interior",1,0,1
"2681","Honey buzzard","Pernis apivorus","Buzzards & Kites",2020,111,2020-04-20,"Coast",11,0,11
"2682","Honey buzzard","Pernis apivorus","Buzzards & Kites",2020,111,2020-04-20,"Foothills",25,0,25
"2683","Honey buzzard","Pernis apivorus","Buzzards & Kites",2020,111,2020-04-20,"Interior",27,0,27
"2684","Honey buzzard","Pernis apivorus","Buzzards & Kites",2020,114,2020-04-23,"Coast",142,0,142
"2685","Honey buzzard","Pernis apivorus","Buzzards & Kites",2020,114,2020-04-23,"Foothills",19,0,19
"2686","Honey buzzard","Pernis apivorus","Buzzards & Kites",2020,115,2020-04-24,"Coast",566,0,566
"2687","Honey buzzard","Pernis apivorus","Buzzards & Kites",2020,115,2020-04-24,"Foothills",22,0,22
"2688","Honey buzzard","Pernis apivorus","Buzzards & Kites",2020,116,2020-04-25,"Coast",2055,0,2055
"2689","Honey buzzard","Pernis apivorus","Buzzards & Kites",2020,116,2020-04-25,"Foothills",1255,0,1255
"2690","Honey buzzard","Pernis apivorus","Buzzards & Kites",2020,117,2020-04-26,"Coast",970,0,970
"2691","Honey buzzard","Pernis apivorus","Buzzards & Kites",2020,117,2020-04-26,"Foothills",568,0,568
"2692","Honey buzzard","Pernis apivorus","Buzzards & Kites",2020,117,2020-04-26,"Interior",316,0,316
"2693","Honey buzzard","Pernis apivorus","Buzzards & Kites",2020,118,2020-04-27,"Coast",186,0,186
"2694","Honey buzzard","Pernis apivorus","Buzzards & Kites",2020,118,2020-04-27,"Foothills",579,0,579
"2695","Honey buzzard","Pernis apivorus","Buzzards & Kites",2020,118,2020-04-27,"Interior",477,0,477
"2696","Honey buzzard","Pernis apivorus","Buzzards & Kites",2020,119,2020-04-28,"Foothills",76,0,76
"2697","Honey buzzard","Pernis apivorus","Buzzards & Kites",2020,120,2020-04-29,"Coast",491,0,491
"2698","Honey buzzard","Pernis apivorus","Buzzards & Kites",2020,120,2020-04-29,"Foothills",330,0,330
"2699","Honey buzzard","Pernis apivorus","Buzzards & Kites",2020,121,2020-04-30,"Coast",253,0,253
"2700","Honey buzzard","Pernis apivorus","Buzzards & Kites",2020,121,2020-04-30,"Foothills",1406,0,1406
"2701","Honey buzzard","Pernis apivorus","Buzzards & Kites",2020,121,2020-04-30,"Interior",208,0,208
"2702","Honey buzzard","Pernis apivorus","Buzzards & Kites",2020,122,2020-05-01,"Coast",394,0,394
"2703","Honey buzzard","Pernis apivorus","Buzzards & Kites",2020,122,2020-05-01,"Foothills",1744,0,1744
"2704","Honey buzzard","Pernis apivorus","Buzzards & Kites",2020,122,2020-05-01,"Interior",1582,0,1582
"2705","Honey buzzard","Pernis apivorus","Buzzards & Kites",2020,123,2020-05-02,"Coast",222,0,222
"2706","Honey buzzard","Pernis apivorus","Buzzards & Kites",2020,124,2020-05-03,"Coast",667,0,667
"2707","Honey buzzard","Pernis apivorus","Buzzards & Kites",2020,124,2020-05-03,"Foothills",2671,0,2671
"2708","Honey buzzard","Pernis apivorus","Buzzards & Kites",2020,124,2020-05-03,"Interior",7210,0,7210
"2709","Honey buzzard","Pernis apivorus","Buzzards & Kites",2020,125,2020-05-04,"Coast",533,0,533
"2710","Honey buzzard","Pernis apivorus","Buzzards & Kites",2020,125,2020-05-04,"Foothills",267,0,267
"2711","Honey buzzard","Pernis apivorus","Buzzards & Kites",2020,125,2020-05-04,"Interior",247,0,247
"2712","Honey buzzard","Pernis apivorus","Buzzards & Kites",2020,128,2020-05-07,"Coast",47,0,47
"2713","Honey buzzard","Pernis apivorus","Buzzards & Kites",2020,128,2020-05-07,"Foothills",117,0,117
"2714","Honey buzzard","Pernis apivorus","Buzzards & Kites",2020,128,2020-05-07,"Interior",128,0,128
"2715","Honey buzzard","Pernis apivorus","Buzzards & Kites",2020,130,2020-05-09,"Coast",5634,0,5634
"2716","Honey buzzard","Pernis apivorus","Buzzards & Kites",2020,130,2020-05-09,"Foothills",1346,0,1346
"2717","Honey buzzard","Pernis apivorus","Buzzards & Kites",2020,131,2020-05-10,"Coast",520,0,520
"2718","Honey buzzard","Pernis apivorus","Buzzards & Kites",2020,131,2020-05-10,"Foothills",287,0,287
"2719","Honey buzzard","Pernis apivorus","Buzzards & Kites",2020,132,2020-05-11,"Coast",429,0,429
"2720","Honey buzzard","Pernis apivorus","Buzzards & Kites",2020,132,2020-05-11,"Foothills",182,0,182
"2721","Honey buzzard","Pernis apivorus","Buzzards & Kites",2020,132,2020-05-11,"Interior",918,0,918
"2722","Honey buzzard","Pernis apivorus","Buzzards & Kites",2020,133,2020-05-12,"Coast",100,0,100
"2723","Honey buzzard","Pernis apivorus","Buzzards & Kites",2020,133,2020-05-12,"Foothills",611,0,611
"2724","Honey buzzard","Pernis apivorus","Buzzards & Kites",2020,134,2020-05-13,"Coast",405,0,405
"2725","Honey buzzard","Pernis apivorus","Buzzards & Kites",2020,134,2020-05-13,"Foothills",646,0,646
"2726","Honey buzzard","Pernis apivorus","Buzzards & Kites",2020,134,2020-05-13,"Interior",89,0,89
"2727","Honey buzzard","Pernis apivorus","Buzzards & Kites",2020,135,2020-05-14,"Coast",141,0,141
"2728","Honey buzzard","Pernis apivorus","Buzzards & Kites",2020,135,2020-05-14,"Interior",17,0,17
"2729","Honey buzzard","Pernis apivorus","Buzzards & Kites",2020,136,2020-05-15,"Coast",12,0,12
"2730","Honey buzzard","Pernis apivorus","Buzzards & Kites",2020,136,2020-05-15,"Foothills",16,0,16
"2731","Honey buzzard","Pernis apivorus","Buzzards & Kites",2020,136,2020-05-15,"Interior",64,0,64
"2732","Honey buzzard","Pernis apivorus","Buzzards & Kites",2020,137,2020-05-16,"Coast",7,0,7
"2733","Honey buzzard","Pernis apivorus","Buzzards & Kites",2020,137,2020-05-16,"Foothills",7,0,7
"2734","Honey buzzard","Pernis apivorus","Buzzards & Kites",2020,138,2020-05-17,"Coast",61,0,61
"2735","Honey buzzard","Pernis apivorus","Buzzards & Kites",2020,138,2020-05-17,"Foothills",206,0,206
"2736","Honey buzzard","Pernis apivorus","Buzzards & Kites",2020,139,2020-05-18,"Coast",48,0,48
"2737","Honey buzzard","Pernis apivorus","Buzzards & Kites",2020,139,2020-05-18,"Foothills",4,0,4
"2738","Honey buzzard","Pernis apivorus","Buzzards & Kites",2020,140,2020-05-19,"Coast",172,0,172
"2739","Honey buzzard","Pernis apivorus","Buzzards & Kites",2020,140,2020-05-19,"Foothills",11,0,11
"2740","Honey buzzard","Pernis apivorus","Buzzards & Kites",2020,141,2020-05-20,"Coast",44,0,44
"2741","Honey buzzard","Pernis apivorus","Buzzards & Kites",2020,141,2020-05-20,"Foothills",2,0,2
"2742","Honey buzzard","Pernis apivorus","Buzzards & Kites",2020,141,2020-05-20,"Interior",98,0,98
"2743","Honey buzzard","Pernis apivorus","Buzzards & Kites",2020,143,2020-05-22,"Coast",912,0,912
"2744","Honey buzzard","Pernis apivorus","Buzzards & Kites",2020,143,2020-05-22,"Foothills",2508,0,2508
"2745","Honey buzzard","Pernis apivorus","Buzzards & Kites",2020,143,2020-05-22,"Interior",13,0,13
"2746","Honey buzzard","Pernis apivorus","Buzzards & Kites",2020,144,2020-05-23,"Coast",10,0,10
"2747","Honey buzzard","Pernis apivorus","Buzzards & Kites",2020,144,2020-05-23,"Foothills",44,0,44
"2748","Honey buzzard","Pernis apivorus","Buzzards & Kites",2022,106,2022-04-16,"Coast",1,0,1
"2749","Honey buzzard","Pernis apivorus","Buzzards & Kites",2022,109,2022-04-19,"Coast",1,0,1
"2750","Honey buzzard","Pernis apivorus","Buzzards & Kites",2022,111,2022-04-21,"Coast",2,0,2
"2751","Honey buzzard","Pernis apivorus","Buzzards & Kites",2022,111,2022-04-21,"Foothills",1,0,1
"2752","Honey buzzard","Pernis apivorus","Buzzards & Kites",2022,113,2022-04-23,"Coast",3,0,3
"2753","Honey buzzard","Pernis apivorus","Buzzards & Kites",2022,113,2022-04-23,"Interior",4,0,4
"2754","Honey buzzard","Pernis apivorus","Buzzards & Kites",2022,114,2022-04-24,"Coast",12,0,12
"2755","Honey buzzard","Pernis apivorus","Buzzards & Kites",2022,114,2022-04-24,"Foothills",2,0,2
"2756","Honey buzzard","Pernis apivorus","Buzzards & Kites",2022,114,2022-04-24,"Interior",3,0,3
"2757","Honey buzzard","Pernis apivorus","Buzzards & Kites",2022,115,2022-04-25,"Coast",22,0,22
"2758","Honey buzzard","Pernis apivorus","Buzzards & Kites",2022,115,2022-04-25,"Foothills",1,0,1
"2759","Honey buzzard","Pernis apivorus","Buzzards & Kites",2022,115,2022-04-25,"Interior",10,0,10
"2760","Honey buzzard","Pernis apivorus","Buzzards & Kites",2022,116,2022-04-26,"Coast",161,0,161
"2761","Honey buzzard","Pernis apivorus","Buzzards & Kites",2022,116,2022-04-26,"Foothills",163,0,163
"2762","Honey buzzard","Pernis apivorus","Buzzards & Kites",2022,116,2022-04-26,"Interior",93,0,93
"2763","Honey buzzard","Pernis apivorus","Buzzards & Kites",2022,117,2022-04-27,"Coast",174,0,174
"2764","Honey buzzard","Pernis apivorus","Buzzards & Kites",2022,117,2022-04-27,"Foothills",165,0,165
"2765","Honey buzzard","Pernis apivorus","Buzzards & Kites",2022,117,2022-04-27,"Interior",573,0,573
"2766","Honey buzzard","Pernis apivorus","Buzzards & Kites",2022,118,2022-04-28,"Coast",708,0,708
"2767","Honey buzzard","Pernis apivorus","Buzzards & Kites",2022,118,2022-04-28,"Foothills",84,0,84
"2768","Honey buzzard","Pernis apivorus","Buzzards & Kites",2022,118,2022-04-28,"Interior",517,0,517
"2769","Honey buzzard","Pernis apivorus","Buzzards & Kites",2022,119,2022-04-29,"Coast",33,0,33
"2770","Honey buzzard","Pernis apivorus","Buzzards & Kites",2022,119,2022-04-29,"Foothills",404,0,404
"2771","Honey buzzard","Pernis apivorus","Buzzards & Kites",2022,123,2022-05-03,"Coast",4420,0,4420
"2772","Honey buzzard","Pernis apivorus","Buzzards & Kites",2022,123,2022-05-03,"Foothills",295,0,295
"2773","Honey buzzard","Pernis apivorus","Buzzards & Kites",2022,123,2022-05-03,"Interior",692,0,692
"2774","Honey buzzard","Pernis apivorus","Buzzards & Kites",2022,124,2022-05-04,"Coast",153,0,153
"2775","Honey buzzard","Pernis apivorus","Buzzards & Kites",2022,124,2022-05-04,"Foothills",13,0,13
"2776","Honey buzzard","Pernis apivorus","Buzzards & Kites",2022,124,2022-05-04,"Interior",16,0,16
"2777","Honey buzzard","Pernis apivorus","Buzzards & Kites",2022,126,2022-05-06,"Coast",209,0,209
"2778","Honey buzzard","Pernis apivorus","Buzzards & Kites",2022,126,2022-05-06,"Foothills",3,0,3
"2779","Honey buzzard","Pernis apivorus","Buzzards & Kites",2022,127,2022-05-07,"Coast",200,0,200
"2780","Honey buzzard","Pernis apivorus","Buzzards & Kites",2022,127,2022-05-07,"Foothills",52,0,52
"2781","Honey buzzard","Pernis apivorus","Buzzards & Kites",2022,128,2022-05-08,"Coast",4279,0,4279
"2782","Honey buzzard","Pernis apivorus","Buzzards & Kites",2022,128,2022-05-08,"Foothills",1203,0,1203
"2783","Honey buzzard","Pernis apivorus","Buzzards & Kites",2022,128,2022-05-08,"Interior",45,0,45
"2784","Honey buzzard","Pernis apivorus","Buzzards & Kites",2022,129,2022-05-09,"Coast",575,0,575
"2785","Honey buzzard","Pernis apivorus","Buzzards & Kites",2022,129,2022-05-09,"Foothills",17,0,17
"2786","Honey buzzard","Pernis apivorus","Buzzards & Kites",2022,130,2022-05-10,"Coast",1491,4,1487
"2787","Honey buzzard","Pernis apivorus","Buzzards & Kites",2022,130,2022-05-10,"Foothills",517,0,517
"2788","Honey buzzard","Pernis apivorus","Buzzards & Kites",2022,130,2022-05-10,"Interior",4,0,4
"2789","Honey buzzard","Pernis apivorus","Buzzards & Kites",2022,131,2022-05-11,"Coast",550,0,550
"2790","Honey buzzard","Pernis apivorus","Buzzards & Kites",2022,131,2022-05-11,"Foothills",1121,0,1121
"2791","Honey buzzard","Pernis apivorus","Buzzards & Kites",2022,131,2022-05-11,"Interior",898,0,898
"2792","Honey buzzard","Pernis apivorus","Buzzards & Kites",2022,132,2022-05-12,"Coast",2048,0,2048
"2793","Honey buzzard","Pernis apivorus","Buzzards & Kites",2022,132,2022-05-12,"Foothills",671,0,671
"2794","Honey buzzard","Pernis apivorus","Buzzards & Kites",2022,132,2022-05-12,"Interior",47,0,47
"2795","Honey buzzard","Pernis apivorus","Buzzards & Kites",2022,134,2022-05-14,"Coast",156,0,156
"2796","Honey buzzard","Pernis apivorus","Buzzards & Kites",2022,134,2022-05-14,"Foothills",24,0,24
"2797","Honey buzzard","Pernis apivorus","Buzzards & Kites",2022,134,2022-05-14,"Interior",867,0,867
"2798","Honey buzzard","Pernis apivorus","Buzzards & Kites",2022,135,2022-05-15,"Coast",59,0,59
"2799","Honey buzzard","Pernis apivorus","Buzzards & Kites",2022,135,2022-05-15,"Foothills",40,0,40
"2800","Honey buzzard","Pernis apivorus","Buzzards & Kites",2022,135,2022-05-15,"Interior",307,0,307
"2801","Honey buzzard","Pernis apivorus","Buzzards & Kites",2022,136,2022-05-16,"Coast",32,0,32
"2802","Honey buzzard","Pernis apivorus","Buzzards & Kites",2022,136,2022-05-16,"Foothills",112,0,112
"2803","Honey buzzard","Pernis apivorus","Buzzards & Kites",2022,136,2022-05-16,"Interior",22,0,22
"2804","Honey buzzard","Pernis apivorus","Buzzards & Kites",2022,137,2022-05-17,"Coast",1,0,1
"2805","Honey buzzard","Pernis apivorus","Buzzards & Kites",2022,137,2022-05-17,"Foothills",1,0,1
"2806","Honey buzzard","Pernis apivorus","Buzzards & Kites",2022,137,2022-05-17,"Interior",411,0,411
"2807","Honey buzzard","Pernis apivorus","Buzzards & Kites",2022,138,2022-05-18,"Coast",190,0,190
"2808","Honey buzzard","Pernis apivorus","Buzzards & Kites",2022,138,2022-05-18,"Foothills",116,0,116
"2809","Honey buzzard","Pernis apivorus","Buzzards & Kites",2022,138,2022-05-18,"Interior",214,0,214
"2810","Honey buzzard","Pernis apivorus","Buzzards & Kites",2022,141,2022-05-21,"Coast",86,0,86
"2811","Honey buzzard","Pernis apivorus","Buzzards & Kites",2022,141,2022-05-21,"Foothills",227,0,227
"2812","Honey buzzard","Pernis apivorus","Buzzards & Kites",2022,141,2022-05-21,"Interior",61,0,61
"2813","Honey buzzard","Pernis apivorus","Buzzards & Kites",2022,143,2022-05-23,"Coast",1,0,1
"2814","Honey buzzard","Pernis apivorus","Buzzards & Kites",2022,145,2022-05-25,"Coast",4202,0,4202
"2815","Honey buzzard","Pernis apivorus","Buzzards & Kites",2022,145,2022-05-25,"Foothills",2677,0,2677
"2816","Honey buzzard","Pernis apivorus","Buzzards & Kites",2022,145,2022-05-25,"Interior",662,0,662
"2817","Honey buzzard","Pernis apivorus","Buzzards & Kites",2022,146,2022-05-26,"Coast",165,0,165
"2818","Honey buzzard","Pernis apivorus","Buzzards & Kites",2022,146,2022-05-26,"Foothills",920,0,920
"2819","Honey buzzard","Pernis apivorus","Buzzards & Kites",2022,146,2022-05-26,"Interior",10,0,10
"2820","Imperial eagle","Aquila heliaca","Eagles",2019,80,2019-03-21,"Coast",1,0,1
"2821","Imperial eagle","Aquila heliaca","Eagles",2019,82,2019-03-23,"Coast",4,0,4
"2822","Imperial eagle","Aquila heliaca","Eagles",2019,82,2019-03-23,"Foothills",1,0,1
"2823","Imperial eagle","Aquila heliaca","Eagles",2019,84,2019-03-25,"Coast",2,1,1
"2824","Imperial eagle","Aquila heliaca","Eagles",2019,88,2019-03-29,"Coast",2,0,2
"2825","Imperial eagle","Aquila heliaca","Eagles",2019,89,2019-03-30,"Coast",1,0,1
"2826","Imperial eagle","Aquila heliaca","Eagles",2019,93,2019-04-03,"Coast",1,0,1
"2827","Imperial eagle","Aquila heliaca","Eagles",2019,94,2019-04-04,"Coast",1,0,1
"2828","Imperial eagle","Aquila heliaca","Eagles",2019,95,2019-04-05,"Coast",1,0,1
"2829","Imperial eagle","Aquila heliaca","Eagles",2019,96,2019-04-06,"Coast",2,0,2
"2830","Imperial eagle","Aquila heliaca","Eagles",2019,96,2019-04-06,"Foothills",1,0,1
"2831","Imperial eagle","Aquila heliaca","Eagles",2019,102,2019-04-12,"Coast",2,0,2
"2832","Imperial eagle","Aquila heliaca","Eagles",2019,104,2019-04-14,"Coast",1,0,1
"2833","Imperial eagle","Aquila heliaca","Eagles",2019,108,2019-04-18,"Coast",1,0,1
"2834","Imperial eagle","Aquila heliaca","Eagles",2019,108,2019-04-18,"Foothills",1,0,1
"2835","Imperial eagle","Aquila heliaca","Eagles",2019,112,2019-04-22,"Coast",1,0,1
"2836","Imperial eagle","Aquila heliaca","Eagles",2019,113,2019-04-23,"Coast",1,0,1
"2837","Imperial eagle","Aquila heliaca","Eagles",2019,127,2019-05-07,"Coast",1,0,1
"2838","Imperial eagle","Aquila heliaca","Eagles",2019,140,2019-05-20,"Foothills",1,0,1
"2839","Imperial eagle","Aquila heliaca","Eagles",2020,62,2020-03-02,"Foothills",2,0,2
"2840","Imperial eagle","Aquila heliaca","Eagles",2020,63,2020-03-03,"Coast",2,0,2
"2841","Imperial eagle","Aquila heliaca","Eagles",2020,65,2020-03-05,"Foothills",1,0,1
"2842","Imperial eagle","Aquila heliaca","Eagles",2020,67,2020-03-07,"Coast",1,0,1
"2843","Imperial eagle","Aquila heliaca","Eagles",2020,67,2020-03-07,"Foothills",1,0,1
"2844","Imperial eagle","Aquila heliaca","Eagles",2020,70,2020-03-10,"Coast",2,0,2
"2845","Imperial eagle","Aquila heliaca","Eagles",2020,70,2020-03-10,"Foothills",3,0,3
"2846","Imperial eagle","Aquila heliaca","Eagles",2020,71,2020-03-11,"Coast",1,0,1
"2847","Imperial eagle","Aquila heliaca","Eagles",2020,71,2020-03-11,"Foothills",1,0,1
"2848","Imperial eagle","Aquila heliaca","Eagles",2020,75,2020-03-15,"Foothills",1,0,1
"2849","Imperial eagle","Aquila heliaca","Eagles",2020,77,2020-03-17,"Coast",2,0,2
"2850","Imperial eagle","Aquila heliaca","Eagles",2020,79,2020-03-19,"Coast",3,0,3
"2851","Imperial eagle","Aquila heliaca","Eagles",2020,79,2020-03-19,"Foothills",0,1,-1
"2852","Imperial eagle","Aquila heliaca","Eagles",2020,80,2020-03-20,"Coast",5,1,4
"2853","Imperial eagle","Aquila heliaca","Eagles",2020,80,2020-03-20,"Foothills",1,0,1
"2854","Imperial eagle","Aquila heliaca","Eagles",2020,82,2020-03-22,"Foothills",2,0,2
"2855","Imperial eagle","Aquila heliaca","Eagles",2020,82,2020-03-22,"Interior",1,0,1
"2856","Imperial eagle","Aquila heliaca","Eagles",2020,84,2020-03-24,"Coast",1,0,1
"2857","Imperial eagle","Aquila heliaca","Eagles",2020,84,2020-03-24,"Foothills",1,0,1
"2858","Imperial eagle","Aquila heliaca","Eagles",2020,87,2020-03-27,"Coast",1,0,1
"2859","Imperial eagle","Aquila heliaca","Eagles",2020,88,2020-03-28,"Coast",1,0,1
"2860","Imperial eagle","Aquila heliaca","Eagles",2020,91,2020-03-31,"Foothills",1,0,1
"2861","Imperial eagle","Aquila heliaca","Eagles",2020,92,2020-04-01,"Coast",3,0,3
"2862","Imperial eagle","Aquila heliaca","Eagles",2020,94,2020-04-03,"Coast",1,0,1
"2863","Imperial eagle","Aquila heliaca","Eagles",2020,95,2020-04-04,"Coast",3,0,3
"2864","Imperial eagle","Aquila heliaca","Eagles",2020,95,2020-04-04,"Foothills",1,0,1
"2865","Imperial eagle","Aquila heliaca","Eagles",2020,97,2020-04-06,"Coast",1,0,1
"2866","Imperial eagle","Aquila heliaca","Eagles",2020,99,2020-04-08,"Coast",9,0,9
"2867","Imperial eagle","Aquila heliaca","Eagles",2020,100,2020-04-09,"Coast",1,0,1
"2868","Imperial eagle","Aquila heliaca","Eagles",2020,101,2020-04-10,"Coast",1,0,1
"2869","Imperial eagle","Aquila heliaca","Eagles",2020,102,2020-04-11,"Coast",7,0,7
"2870","Imperial eagle","Aquila heliaca","Eagles",2020,102,2020-04-11,"Foothills",1,0,1
"2871","Imperial eagle","Aquila heliaca","Eagles",2020,105,2020-04-14,"Foothills",1,0,1
"2872","Imperial eagle","Aquila heliaca","Eagles",2020,108,2020-04-17,"Coast",2,0,2
"2873","Imperial eagle","Aquila heliaca","Eagles",2020,109,2020-04-18,"Foothills",2,0,2
"2874","Imperial eagle","Aquila heliaca","Eagles",2020,110,2020-04-19,"Coast",1,0,1
"2875","Imperial eagle","Aquila heliaca","Eagles",2020,114,2020-04-23,"Coast",1,0,1
"2876","Imperial eagle","Aquila heliaca","Eagles",2020,115,2020-04-24,"Coast",1,0,1
"2877","Imperial eagle","Aquila heliaca","Eagles",2020,115,2020-04-24,"Foothills",1,0,1
"2878","Imperial eagle","Aquila heliaca","Eagles",2020,116,2020-04-25,"Coast",2,0,2
"2879","Imperial eagle","Aquila heliaca","Eagles",2020,120,2020-04-29,"Coast",1,0,1
"2880","Imperial eagle","Aquila heliaca","Eagles",2020,125,2020-05-04,"Interior",1,0,1
"2881","Imperial eagle","Aquila heliaca","Eagles",2020,128,2020-05-07,"Foothills",1,0,1
"2882","Imperial eagle","Aquila heliaca","Eagles",2020,131,2020-05-10,"Coast",1,0,1
"2883","Imperial eagle","Aquila heliaca","Eagles",2020,138,2020-05-17,"Coast",1,0,1
"2884","Imperial eagle","Aquila heliaca","Eagles",2022,61,2022-03-02,"Coast",1,0,1
"2885","Imperial eagle","Aquila heliaca","Eagles",2022,64,2022-03-05,"Coast",2,0,2
"2886","Imperial eagle","Aquila heliaca","Eagles",2022,64,2022-03-05,"Foothills",1,0,1
"2887","Imperial eagle","Aquila heliaca","Eagles",2022,69,2022-03-10,"Foothills",1,0,1
"2888","Imperial eagle","Aquila heliaca","Eagles",2022,73,2022-03-14,"Coast",10,0,10
"2889","Imperial eagle","Aquila heliaca","Eagles",2022,73,2022-03-14,"Foothills",1,0,1
"2890","Imperial eagle","Aquila heliaca","Eagles",2022,77,2022-03-18,"Interior",2,0,2
"2891","Imperial eagle","Aquila heliaca","Eagles",2022,79,2022-03-20,"Coast",4,0,4
"2892","Imperial eagle","Aquila heliaca","Eagles",2022,79,2022-03-20,"Foothills",2,0,2
"2893","Imperial eagle","Aquila heliaca","Eagles",2022,80,2022-03-21,"Coast",7,0,7
"2894","Imperial eagle","Aquila heliaca","Eagles",2022,81,2022-03-22,"Coast",11,0,11
"2895","Imperial eagle","Aquila heliaca","Eagles",2022,82,2022-03-23,"Coast",26,0,26
"2896","Imperial eagle","Aquila heliaca","Eagles",2022,83,2022-03-24,"Coast",6,0,6
"2897","Imperial eagle","Aquila heliaca","Eagles",2022,84,2022-03-25,"Coast",17,0,17
"2898","Imperial eagle","Aquila heliaca","Eagles",2022,84,2022-03-25,"Foothills",2,0,2
"2899","Imperial eagle","Aquila heliaca","Eagles",2022,84,2022-03-25,"Interior",1,0,1
"2900","Imperial eagle","Aquila heliaca","Eagles",2022,86,2022-03-27,"Coast",6,0,6
"2901","Imperial eagle","Aquila heliaca","Eagles",2022,86,2022-03-27,"Foothills",4,0,4
"2902","Imperial eagle","Aquila heliaca","Eagles",2022,87,2022-03-28,"Coast",3,0,3
"2903","Imperial eagle","Aquila heliaca","Eagles",2022,87,2022-03-28,"Foothills",1,0,1
"2904","Imperial eagle","Aquila heliaca","Eagles",2022,88,2022-03-29,"Coast",3,0,3
"2905","Imperial eagle","Aquila heliaca","Eagles",2022,91,2022-04-01,"Foothills",1,0,1
"2906","Imperial eagle","Aquila heliaca","Eagles",2022,94,2022-04-04,"Coast",4,0,4
"2907","Imperial eagle","Aquila heliaca","Eagles",2022,94,2022-04-04,"Foothills",3,0,3
"2908","Imperial eagle","Aquila heliaca","Eagles",2022,94,2022-04-04,"Interior",2,0,2
"2909","Imperial eagle","Aquila heliaca","Eagles",2022,95,2022-04-05,"Coast",2,0,2
"2910","Imperial eagle","Aquila heliaca","Eagles",2022,96,2022-04-06,"Coast",1,0,1
"2911","Imperial eagle","Aquila heliaca","Eagles",2022,97,2022-04-07,"Coast",5,0,5
"2912","Imperial eagle","Aquila heliaca","Eagles",2022,98,2022-04-08,"Coast",1,0,1
"2913","Imperial eagle","Aquila heliaca","Eagles",2022,98,2022-04-08,"Interior",1,0,1
"2914","Imperial eagle","Aquila heliaca","Eagles",2022,99,2022-04-09,"Interior",1,0,1
"2915","Imperial eagle","Aquila heliaca","Eagles",2022,100,2022-04-10,"Foothills",1,0,1
"2916","Imperial eagle","Aquila heliaca","Eagles",2022,100,2022-04-10,"Interior",1,0,1
"2917","Imperial eagle","Aquila heliaca","Eagles",2022,101,2022-04-11,"Coast",1,0,1
"2918","Imperial eagle","Aquila heliaca","Eagles",2022,104,2022-04-14,"Coast",3,0,3
"2919","Imperial eagle","Aquila heliaca","Eagles",2022,104,2022-04-14,"Foothills",1,0,1
"2920","Imperial eagle","Aquila heliaca","Eagles",2022,105,2022-04-15,"Coast",2,0,2
"2921","Imperial eagle","Aquila heliaca","Eagles",2022,105,2022-04-15,"Foothills",2,0,2
"2922","Imperial eagle","Aquila heliaca","Eagles",2022,105,2022-04-15,"Interior",1,0,1
"2923","Imperial eagle","Aquila heliaca","Eagles",2022,109,2022-04-19,"Coast",2,0,2
"2924","Imperial eagle","Aquila heliaca","Eagles",2022,111,2022-04-21,"Coast",1,0,1
"2925","Imperial eagle","Aquila heliaca","Eagles",2022,114,2022-04-24,"Coast",1,0,1
"2926","Imperial eagle","Aquila heliaca","Eagles",2022,116,2022-04-26,"Coast",1,0,1
"2927","Imperial eagle","Aquila heliaca","Eagles",2022,116,2022-04-26,"Interior",1,0,1
"2928","Imperial eagle","Aquila heliaca","Eagles",2022,123,2022-05-03,"Coast",1,0,1
"2929","Imperial eagle","Aquila heliaca","Eagles",2022,128,2022-05-08,"Coast",1,0,1
"2930","Imperial eagle","Aquila heliaca","Eagles",2022,128,2022-05-08,"Foothills",1,0,1
"2931","Imperial eagle","Aquila heliaca","Eagles",2022,130,2022-05-10,"Coast",1,0,1
"2932","Imperial eagle","Aquila heliaca","Eagles",2022,132,2022-05-12,"Coast",1,0,1
"2933","Lesser kestrel","Falco naumanni","Falcons",2019,88,2019-03-29,"Coast",2,0,2
"2934","Lesser kestrel","Falco naumanni","Falcons",2019,94,2019-04-04,"Coast",1,0,1
"2935","Lesser kestrel","Falco naumanni","Falcons",2019,95,2019-04-05,"Coast",2,0,2
"2936","Lesser kestrel","Falco naumanni","Falcons",2019,98,2019-04-08,"Coast",1,0,1
"2937","Lesser kestrel","Falco naumanni","Falcons",2022,117,2022-04-27,"Coast",1,0,1
"2938","Lesser spotted eagle","Clanga pomarina","Eagles",2019,82,2019-03-23,"Coast",6,0,6
"2939","Lesser spotted eagle","Clanga pomarina","Eagles",2019,83,2019-03-24,"Coast",1,0,1
"2940","Lesser spotted eagle","Clanga pomarina","Eagles",2019,84,2019-03-25,"Coast",20,0,20
"2941","Lesser spotted eagle","Clanga pomarina","Eagles",2019,85,2019-03-26,"Coast",10,0,10
"2942","Lesser spotted eagle","Clanga pomarina","Eagles",2019,85,2019-03-26,"Foothills",1,0,1
"2943","Lesser spotted eagle","Clanga pomarina","Eagles",2019,88,2019-03-29,"Coast",51,0,51
"2944","Lesser spotted eagle","Clanga pomarina","Eagles",2019,88,2019-03-29,"Foothills",10,0,10
"2945","Lesser spotted eagle","Clanga pomarina","Eagles",2019,89,2019-03-30,"Coast",15,0,15
"2946","Lesser spotted eagle","Clanga pomarina","Eagles",2019,89,2019-03-30,"Foothills",2,0,2
"2947","Lesser spotted eagle","Clanga pomarina","Eagles",2019,90,2019-03-31,"Coast",16,0,16
"2948","Lesser spotted eagle","Clanga pomarina","Eagles",2019,90,2019-03-31,"Foothills",3,0,3
"2949","Lesser spotted eagle","Clanga pomarina","Eagles",2019,93,2019-04-03,"Coast",78,0,78
"2950","Lesser spotted eagle","Clanga pomarina","Eagles",2019,93,2019-04-03,"Foothills",4,0,4
"2951","Lesser spotted eagle","Clanga pomarina","Eagles",2019,93,2019-04-03,"Interior",1,0,1
"2952","Lesser spotted eagle","Clanga pomarina","Eagles",2019,94,2019-04-04,"Coast",66,0,66
"2953","Lesser spotted eagle","Clanga pomarina","Eagles",2019,94,2019-04-04,"Foothills",1,0,1
"2954","Lesser spotted eagle","Clanga pomarina","Eagles",2019,95,2019-04-05,"Coast",63,0,63
"2955","Lesser spotted eagle","Clanga pomarina","Eagles",2019,95,2019-04-05,"Interior",1,0,1
"2956","Lesser spotted eagle","Clanga pomarina","Eagles",2019,96,2019-04-06,"Coast",40,0,40
"2957","Lesser spotted eagle","Clanga pomarina","Eagles",2019,96,2019-04-06,"Foothills",7,0,7
"2958","Lesser spotted eagle","Clanga pomarina","Eagles",2019,96,2019-04-06,"Interior",28,0,28
"2959","Lesser spotted eagle","Clanga pomarina","Eagles",2019,97,2019-04-07,"Coast",5,0,5
"2960","Lesser spotted eagle","Clanga pomarina","Eagles",2019,97,2019-04-07,"Foothills",1,0,1
"2961","Lesser spotted eagle","Clanga pomarina","Eagles",2019,97,2019-04-07,"Interior",23,0,23
"2962","Lesser spotted eagle","Clanga pomarina","Eagles",2019,98,2019-04-08,"Coast",19,0,19
"2963","Lesser spotted eagle","Clanga pomarina","Eagles",2019,98,2019-04-08,"Interior",1,0,1
"2964","Lesser spotted eagle","Clanga pomarina","Eagles",2019,101,2019-04-11,"Coast",27,0,27
"2965","Lesser spotted eagle","Clanga pomarina","Eagles",2019,101,2019-04-11,"Foothills",5,0,5
"2966","Lesser spotted eagle","Clanga pomarina","Eagles",2019,101,2019-04-11,"Interior",11,0,11
"2967","Lesser spotted eagle","Clanga pomarina","Eagles",2019,102,2019-04-12,"Coast",4,0,4
"2968","Lesser spotted eagle","Clanga pomarina","Eagles",2019,102,2019-04-12,"Foothills",3,0,3
"2969","Lesser spotted eagle","Clanga pomarina","Eagles",2019,102,2019-04-12,"Interior",1,0,1
"2970","Lesser spotted eagle","Clanga pomarina","Eagles",2019,103,2019-04-13,"Coast",5,0,5
"2971","Lesser spotted eagle","Clanga pomarina","Eagles",2019,103,2019-04-13,"Foothills",1,0,1
"2972","Lesser spotted eagle","Clanga pomarina","Eagles",2019,104,2019-04-14,"Coast",9,0,9
"2973","Lesser spotted eagle","Clanga pomarina","Eagles",2019,104,2019-04-14,"Foothills",1,0,1
"2974","Lesser spotted eagle","Clanga pomarina","Eagles",2019,104,2019-04-14,"Interior",1,0,1
"2975","Lesser spotted eagle","Clanga pomarina","Eagles",2019,105,2019-04-15,"Coast",2,0,2
"2976","Lesser spotted eagle","Clanga pomarina","Eagles",2019,105,2019-04-15,"Foothills",2,0,2
"2977","Lesser spotted eagle","Clanga pomarina","Eagles",2019,105,2019-04-15,"Interior",1,0,1
"2978","Lesser spotted eagle","Clanga pomarina","Eagles",2019,108,2019-04-18,"Coast",67,0,67
"2979","Lesser spotted eagle","Clanga pomarina","Eagles",2019,108,2019-04-18,"Foothills",9,0,9
"2980","Lesser spotted eagle","Clanga pomarina","Eagles",2019,108,2019-04-18,"Interior",1,0,1
"2981","Lesser spotted eagle","Clanga pomarina","Eagles",2019,110,2019-04-20,"Coast",85,0,85
"2982","Lesser spotted eagle","Clanga pomarina","Eagles",2019,110,2019-04-20,"Foothills",6,0,6
"2983","Lesser spotted eagle","Clanga pomarina","Eagles",2019,112,2019-04-22,"Coast",25,0,25
"2984","Lesser spotted eagle","Clanga pomarina","Eagles",2019,113,2019-04-23,"Coast",57,0,57
"2985","Lesser spotted eagle","Clanga pomarina","Eagles",2019,114,2019-04-24,"Coast",5,0,5
"2986","Lesser spotted eagle","Clanga pomarina","Eagles",2019,114,2019-04-24,"Foothills",5,0,5
"2987","Lesser spotted eagle","Clanga pomarina","Eagles",2019,114,2019-04-24,"Interior",1,0,1
"2988","Lesser spotted eagle","Clanga pomarina","Eagles",2019,115,2019-04-25,"Coast",5,0,5
"2989","Lesser spotted eagle","Clanga pomarina","Eagles",2019,115,2019-04-25,"Interior",1,0,1
"2990","Lesser spotted eagle","Clanga pomarina","Eagles",2019,116,2019-04-26,"Coast",1,0,1
"2991","Lesser spotted eagle","Clanga pomarina","Eagles",2019,116,2019-04-26,"Foothills",12,0,12
"2992","Lesser spotted eagle","Clanga pomarina","Eagles",2019,116,2019-04-26,"Interior",16,0,16
"2993","Lesser spotted eagle","Clanga pomarina","Eagles",2019,117,2019-04-27,"Coast",5,0,5
"2994","Lesser spotted eagle","Clanga pomarina","Eagles",2019,117,2019-04-27,"Foothills",1,0,1
"2995","Lesser spotted eagle","Clanga pomarina","Eagles",2019,120,2019-04-30,"Coast",5,0,5
"2996","Lesser spotted eagle","Clanga pomarina","Eagles",2019,121,2019-05-01,"Coast",2,0,2
"2997","Lesser spotted eagle","Clanga pomarina","Eagles",2019,122,2019-05-02,"Coast",5,0,5
"2998","Lesser spotted eagle","Clanga pomarina","Eagles",2019,125,2019-05-05,"Coast",12,0,12
"2999","Lesser spotted eagle","Clanga pomarina","Eagles",2019,126,2019-05-06,"Coast",6,0,6
"3000","Lesser spotted eagle","Clanga pomarina","Eagles",2019,126,2019-05-06,"Foothills",2,0,2
"3001","Lesser spotted eagle","Clanga pomarina","Eagles",2019,127,2019-05-07,"Coast",2,0,2
"3002","Lesser spotted eagle","Clanga pomarina","Eagles",2019,127,2019-05-07,"Foothills",3,0,3
"3003","Lesser spotted eagle","Clanga pomarina","Eagles",2019,127,2019-05-07,"Interior",2,0,2
"3004","Lesser spotted eagle","Clanga pomarina","Eagles",2019,128,2019-05-08,"Coast",10,0,10
"3005","Lesser spotted eagle","Clanga pomarina","Eagles",2019,128,2019-05-08,"Foothills",1,0,1
"3006","Lesser spotted eagle","Clanga pomarina","Eagles",2019,129,2019-05-09,"Coast",5,0,5
"3007","Lesser spotted eagle","Clanga pomarina","Eagles",2019,130,2019-05-10,"Coast",9,0,9
"3008","Lesser spotted eagle","Clanga pomarina","Eagles",2019,130,2019-05-10,"Foothills",11,0,11
"3009","Lesser spotted eagle","Clanga pomarina","Eagles",2019,130,2019-05-10,"Interior",2,0,2
"3010","Lesser spotted eagle","Clanga pomarina","Eagles",2019,131,2019-05-11,"Coast",8,0,8
"3011","Lesser spotted eagle","Clanga pomarina","Eagles",2019,131,2019-05-11,"Foothills",1,0,1
"3012","Lesser spotted eagle","Clanga pomarina","Eagles",2019,131,2019-05-11,"Interior",3,0,3
"3013","Lesser spotted eagle","Clanga pomarina","Eagles",2019,132,2019-05-12,"Coast",1,0,1
"3014","Lesser spotted eagle","Clanga pomarina","Eagles",2019,132,2019-05-12,"Foothills",1,0,1
"3015","Lesser spotted eagle","Clanga pomarina","Eagles",2019,133,2019-05-13,"Coast",31,0,31
"3016","Lesser spotted eagle","Clanga pomarina","Eagles",2019,133,2019-05-13,"Foothills",3,0,3
"3017","Lesser spotted eagle","Clanga pomarina","Eagles",2019,134,2019-05-14,"Coast",10,0,10
"3018","Lesser spotted eagle","Clanga pomarina","Eagles",2019,134,2019-05-14,"Foothills",2,0,2
"3019","Lesser spotted eagle","Clanga pomarina","Eagles",2019,137,2019-05-17,"Interior",1,0,1
"3020","Lesser spotted eagle","Clanga pomarina","Eagles",2019,139,2019-05-19,"Coast",12,0,12
"3021","Lesser spotted eagle","Clanga pomarina","Eagles",2019,139,2019-05-19,"Foothills",15,0,15
"3022","Lesser spotted eagle","Clanga pomarina","Eagles",2019,139,2019-05-19,"Interior",4,0,4
"3023","Lesser spotted eagle","Clanga pomarina","Eagles",2019,140,2019-05-20,"Coast",64,0,64
"3024","Lesser spotted eagle","Clanga pomarina","Eagles",2019,140,2019-05-20,"Foothills",12,0,12
"3025","Lesser spotted eagle","Clanga pomarina","Eagles",2019,141,2019-05-21,"Foothills",3,0,3
"3026","Lesser spotted eagle","Clanga pomarina","Eagles",2019,141,2019-05-21,"Interior",7,0,7
"3027","Lesser spotted eagle","Clanga pomarina","Eagles",2019,144,2019-05-24,"Coast",1,0,1
"3028","Lesser spotted eagle","Clanga pomarina","Eagles",2019,144,2019-05-24,"Foothills",1,0,1
"3029","Lesser spotted eagle","Clanga pomarina","Eagles",2019,144,2019-05-24,"Interior",2,0,2
"3030","Lesser spotted eagle","Clanga pomarina","Eagles",2019,145,2019-05-25,"Coast",1,0,1
"3031","Lesser spotted eagle","Clanga pomarina","Eagles",2019,147,2019-05-27,"Coast",7,0,7
"3032","Lesser spotted eagle","Clanga pomarina","Eagles",2019,147,2019-05-27,"Foothills",6,0,6
"3033","Lesser spotted eagle","Clanga pomarina","Eagles",2019,147,2019-05-27,"Interior",1,0,1
"3034","Lesser spotted eagle","Clanga pomarina","Eagles",2019,151,2019-05-31,"Interior",1,0,1
"3035","Lesser spotted eagle","Clanga pomarina","Eagles",2020,62,2020-03-02,"Foothills",1,0,1
"3036","Lesser spotted eagle","Clanga pomarina","Eagles",2020,70,2020-03-10,"Foothills",1,0,1
"3037","Lesser spotted eagle","Clanga pomarina","Eagles",2020,71,2020-03-11,"Coast",1,0,1
"3038","Lesser spotted eagle","Clanga pomarina","Eagles",2020,77,2020-03-17,"Coast",1,0,1
"3039","Lesser spotted eagle","Clanga pomarina","Eagles",2020,80,2020-03-20,"Coast",6,0,6
"3040","Lesser spotted eagle","Clanga pomarina","Eagles",2020,80,2020-03-20,"Foothills",1,0,1
"3041","Lesser spotted eagle","Clanga pomarina","Eagles",2020,81,2020-03-21,"Coast",4,0,4
"3042","Lesser spotted eagle","Clanga pomarina","Eagles",2020,81,2020-03-21,"Foothills",2,0,2
"3043","Lesser spotted eagle","Clanga pomarina","Eagles",2020,82,2020-03-22,"Coast",14,0,14
"3044","Lesser spotted eagle","Clanga pomarina","Eagles",2020,82,2020-03-22,"Foothills",1,0,1
"3045","Lesser spotted eagle","Clanga pomarina","Eagles",2020,83,2020-03-23,"Coast",2,0,2
"3046","Lesser spotted eagle","Clanga pomarina","Eagles",2020,83,2020-03-23,"Foothills",1,0,1
"3047","Lesser spotted eagle","Clanga pomarina","Eagles",2020,83,2020-03-23,"Interior",8,0,8
"3048","Lesser spotted eagle","Clanga pomarina","Eagles",2020,84,2020-03-24,"Coast",68,0,68
"3049","Lesser spotted eagle","Clanga pomarina","Eagles",2020,84,2020-03-24,"Foothills",22,0,22
"3050","Lesser spotted eagle","Clanga pomarina","Eagles",2020,84,2020-03-24,"Interior",3,0,3
"3051","Lesser spotted eagle","Clanga pomarina","Eagles",2020,86,2020-03-26,"Coast",3,0,3
"3052","Lesser spotted eagle","Clanga pomarina","Eagles",2020,87,2020-03-27,"Coast",8,0,8
"3053","Lesser spotted eagle","Clanga pomarina","Eagles",2020,87,2020-03-27,"Foothills",4,0,4
"3054","Lesser spotted eagle","Clanga pomarina","Eagles",2020,88,2020-03-28,"Coast",12,0,12
"3055","Lesser spotted eagle","Clanga pomarina","Eagles",2020,88,2020-03-28,"Interior",1,0,1
"3056","Lesser spotted eagle","Clanga pomarina","Eagles",2020,89,2020-03-29,"Coast",2,0,2
"3057","Lesser spotted eagle","Clanga pomarina","Eagles",2020,91,2020-03-31,"Coast",56,0,56
"3058","Lesser spotted eagle","Clanga pomarina","Eagles",2020,91,2020-03-31,"Foothills",9,0,9
"3059","Lesser spotted eagle","Clanga pomarina","Eagles",2020,91,2020-03-31,"Interior",4,0,4
"3060","Lesser spotted eagle","Clanga pomarina","Eagles",2020,92,2020-04-01,"Coast",128,0,128
"3061","Lesser spotted eagle","Clanga pomarina","Eagles",2020,92,2020-04-01,"Foothills",12,0,12
"3062","Lesser spotted eagle","Clanga pomarina","Eagles",2020,92,2020-04-01,"Interior",1,0,1
"3063","Lesser spotted eagle","Clanga pomarina","Eagles",2020,93,2020-04-02,"Coast",27,0,27
"3064","Lesser spotted eagle","Clanga pomarina","Eagles",2020,94,2020-04-03,"Coast",19,0,19
"3065","Lesser spotted eagle","Clanga pomarina","Eagles",2020,94,2020-04-03,"Foothills",8,0,8
"3066","Lesser spotted eagle","Clanga pomarina","Eagles",2020,95,2020-04-04,"Coast",76,0,76
"3067","Lesser spotted eagle","Clanga pomarina","Eagles",2020,95,2020-04-04,"Foothills",15,0,15
"3068","Lesser spotted eagle","Clanga pomarina","Eagles",2020,95,2020-04-04,"Interior",1,0,1
"3069","Lesser spotted eagle","Clanga pomarina","Eagles",2020,96,2020-04-05,"Coast",37,0,37
"3070","Lesser spotted eagle","Clanga pomarina","Eagles",2020,96,2020-04-05,"Foothills",19,0,19
"3071","Lesser spotted eagle","Clanga pomarina","Eagles",2020,96,2020-04-05,"Interior",2,0,2
"3072","Lesser spotted eagle","Clanga pomarina","Eagles",2020,97,2020-04-06,"Coast",217,0,217
"3073","Lesser spotted eagle","Clanga pomarina","Eagles",2020,97,2020-04-06,"Foothills",43,0,43
"3074","Lesser spotted eagle","Clanga pomarina","Eagles",2020,97,2020-04-06,"Interior",5,0,5
"3075","Lesser spotted eagle","Clanga pomarina","Eagles",2020,99,2020-04-08,"Coast",224,0,224
"3076","Lesser spotted eagle","Clanga pomarina","Eagles",2020,99,2020-04-08,"Foothills",3,0,3
"3077","Lesser spotted eagle","Clanga pomarina","Eagles",2020,100,2020-04-09,"Coast",37,0,37
"3078","Lesser spotted eagle","Clanga pomarina","Eagles",2020,100,2020-04-09,"Foothills",7,0,7
"3079","Lesser spotted eagle","Clanga pomarina","Eagles",2020,101,2020-04-10,"Coast",39,0,39
"3080","Lesser spotted eagle","Clanga pomarina","Eagles",2020,101,2020-04-10,"Foothills",7,0,7
"3081","Lesser spotted eagle","Clanga pomarina","Eagles",2020,102,2020-04-11,"Coast",113,0,113
"3082","Lesser spotted eagle","Clanga pomarina","Eagles",2020,102,2020-04-11,"Foothills",10,0,10
"3083","Lesser spotted eagle","Clanga pomarina","Eagles",2020,104,2020-04-13,"Coast",7,0,7
"3084","Lesser spotted eagle","Clanga pomarina","Eagles",2020,104,2020-04-13,"Foothills",4,0,4
"3085","Lesser spotted eagle","Clanga pomarina","Eagles",2020,104,2020-04-13,"Interior",1,0,1
"3086","Lesser spotted eagle","Clanga pomarina","Eagles",2020,105,2020-04-14,"Coast",10,0,10
"3087","Lesser spotted eagle","Clanga pomarina","Eagles",2020,105,2020-04-14,"Foothills",6,0,6
"3088","Lesser spotted eagle","Clanga pomarina","Eagles",2020,105,2020-04-14,"Interior",2,0,2
"3089","Lesser spotted eagle","Clanga pomarina","Eagles",2020,106,2020-04-15,"Coast",8,0,8
"3090","Lesser spotted eagle","Clanga pomarina","Eagles",2020,106,2020-04-15,"Foothills",1,0,1
"3091","Lesser spotted eagle","Clanga pomarina","Eagles",2020,108,2020-04-17,"Coast",16,0,16
"3092","Lesser spotted eagle","Clanga pomarina","Eagles",2020,108,2020-04-17,"Foothills",2,0,2
"3093","Lesser spotted eagle","Clanga pomarina","Eagles",2020,109,2020-04-18,"Coast",11,0,11
"3094","Lesser spotted eagle","Clanga pomarina","Eagles",2020,109,2020-04-18,"Foothills",1,0,1
"3095","Lesser spotted eagle","Clanga pomarina","Eagles",2020,110,2020-04-19,"Coast",2,0,2
"3096","Lesser spotted eagle","Clanga pomarina","Eagles",2020,110,2020-04-19,"Foothills",3,0,3
"3097","Lesser spotted eagle","Clanga pomarina","Eagles",2020,110,2020-04-19,"Interior",1,0,1
"3098","Lesser spotted eagle","Clanga pomarina","Eagles",2020,111,2020-04-20,"Coast",1,0,1
"3099","Lesser spotted eagle","Clanga pomarina","Eagles",2020,111,2020-04-20,"Foothills",4,0,4
"3100","Lesser spotted eagle","Clanga pomarina","Eagles",2020,111,2020-04-20,"Interior",1,0,1
"3101","Lesser spotted eagle","Clanga pomarina","Eagles",2020,114,2020-04-23,"Coast",34,0,34
"3102","Lesser spotted eagle","Clanga pomarina","Eagles",2020,114,2020-04-23,"Foothills",3,0,3
"3103","Lesser spotted eagle","Clanga pomarina","Eagles",2020,115,2020-04-24,"Coast",42,0,42
"3104","Lesser spotted eagle","Clanga pomarina","Eagles",2020,115,2020-04-24,"Foothills",1,0,1
"3105","Lesser spotted eagle","Clanga pomarina","Eagles",2020,116,2020-04-25,"Coast",31,0,31
"3106","Lesser spotted eagle","Clanga pomarina","Eagles",2020,116,2020-04-25,"Foothills",5,0,5
"3107","Lesser spotted eagle","Clanga pomarina","Eagles",2020,117,2020-04-26,"Coast",18,0,18
"3108","Lesser spotted eagle","Clanga pomarina","Eagles",2020,117,2020-04-26,"Foothills",4,0,4
"3109","Lesser spotted eagle","Clanga pomarina","Eagles",2020,117,2020-04-26,"Interior",3,0,3
"3110","Lesser spotted eagle","Clanga pomarina","Eagles",2020,118,2020-04-27,"Coast",7,0,7
"3111","Lesser spotted eagle","Clanga pomarina","Eagles",2020,118,2020-04-27,"Interior",1,0,1
"3112","Lesser spotted eagle","Clanga pomarina","Eagles",2020,119,2020-04-28,"Foothills",2,0,2
"3113","Lesser spotted eagle","Clanga pomarina","Eagles",2020,120,2020-04-29,"Coast",12,0,12
"3114","Lesser spotted eagle","Clanga pomarina","Eagles",2020,120,2020-04-29,"Foothills",2,0,2
"3115","Lesser spotted eagle","Clanga pomarina","Eagles",2020,121,2020-04-30,"Interior",1,0,1
"3116","Lesser spotted eagle","Clanga pomarina","Eagles",2020,123,2020-05-02,"Coast",2,0,2
"3117","Lesser spotted eagle","Clanga pomarina","Eagles",2020,124,2020-05-03,"Coast",1,0,1
"3118","Lesser spotted eagle","Clanga pomarina","Eagles",2020,125,2020-05-04,"Coast",6,0,6
"3119","Lesser spotted eagle","Clanga pomarina","Eagles",2020,125,2020-05-04,"Foothills",1,0,1
"3120","Lesser spotted eagle","Clanga pomarina","Eagles",2020,128,2020-05-07,"Foothills",1,0,1
"3121","Lesser spotted eagle","Clanga pomarina","Eagles",2020,130,2020-05-09,"Coast",135,0,135
"3122","Lesser spotted eagle","Clanga pomarina","Eagles",2020,130,2020-05-09,"Foothills",20,0,20
"3123","Lesser spotted eagle","Clanga pomarina","Eagles",2020,131,2020-05-10,"Coast",29,0,29
"3124","Lesser spotted eagle","Clanga pomarina","Eagles",2020,131,2020-05-10,"Foothills",23,0,23
"3125","Lesser spotted eagle","Clanga pomarina","Eagles",2020,132,2020-05-11,"Coast",2,0,2
"3126","Lesser spotted eagle","Clanga pomarina","Eagles",2020,133,2020-05-12,"Coast",4,0,4
"3127","Lesser spotted eagle","Clanga pomarina","Eagles",2020,133,2020-05-12,"Foothills",9,0,9
"3128","Lesser spotted eagle","Clanga pomarina","Eagles",2020,134,2020-05-13,"Coast",15,0,15
"3129","Lesser spotted eagle","Clanga pomarina","Eagles",2020,134,2020-05-13,"Foothills",4,0,4
"3130","Lesser spotted eagle","Clanga pomarina","Eagles",2020,135,2020-05-14,"Coast",1,0,1
"3131","Lesser spotted eagle","Clanga pomarina","Eagles",2020,135,2020-05-14,"Foothills",2,0,2
"3132","Lesser spotted eagle","Clanga pomarina","Eagles",2020,135,2020-05-14,"Interior",1,0,1
"3133","Lesser spotted eagle","Clanga pomarina","Eagles",2020,136,2020-05-15,"Coast",1,0,1
"3134","Lesser spotted eagle","Clanga pomarina","Eagles",2020,137,2020-05-16,"Foothills",1,0,1
"3135","Lesser spotted eagle","Clanga pomarina","Eagles",2020,138,2020-05-17,"Coast",3,0,3
"3136","Lesser spotted eagle","Clanga pomarina","Eagles",2020,138,2020-05-17,"Foothills",1,0,1
"3137","Lesser spotted eagle","Clanga pomarina","Eagles",2020,139,2020-05-18,"Foothills",1,0,1
"3138","Lesser spotted eagle","Clanga pomarina","Eagles",2020,140,2020-05-19,"Coast",6,0,6
"3139","Lesser spotted eagle","Clanga pomarina","Eagles",2020,143,2020-05-22,"Coast",6,0,6
"3140","Lesser spotted eagle","Clanga pomarina","Eagles",2020,143,2020-05-22,"Foothills",3,0,3
"3141","Lesser spotted eagle","Clanga pomarina","Eagles",2020,144,2020-05-23,"Foothills",1,0,1
"3142","Lesser spotted eagle","Clanga pomarina","Eagles",2022,79,2022-03-20,"Coast",2,0,2
"3143","Lesser spotted eagle","Clanga pomarina","Eagles",2022,80,2022-03-21,"Coast",2,0,2
"3144","Lesser spotted eagle","Clanga pomarina","Eagles",2022,81,2022-03-22,"Coast",5,0,5
"3145","Lesser spotted eagle","Clanga pomarina","Eagles",2022,82,2022-03-23,"Coast",22,0,22
"3146","Lesser spotted eagle","Clanga pomarina","Eagles",2022,83,2022-03-24,"Coast",3,0,3
"3147","Lesser spotted eagle","Clanga pomarina","Eagles",2022,84,2022-03-25,"Coast",127,0,127
"3148","Lesser spotted eagle","Clanga pomarina","Eagles",2022,85,2022-03-26,"Coast",31,0,31
"3149","Lesser spotted eagle","Clanga pomarina","Eagles",2022,85,2022-03-26,"Foothills",1,0,1
"3150","Lesser spotted eagle","Clanga pomarina","Eagles",2022,86,2022-03-27,"Coast",58,0,58
"3151","Lesser spotted eagle","Clanga pomarina","Eagles",2022,86,2022-03-27,"Foothills",1,0,1
"3152","Lesser spotted eagle","Clanga pomarina","Eagles",2022,87,2022-03-28,"Coast",15,0,15
"3153","Lesser spotted eagle","Clanga pomarina","Eagles",2022,87,2022-03-28,"Foothills",3,0,3
"3154","Lesser spotted eagle","Clanga pomarina","Eagles",2022,88,2022-03-29,"Coast",31,0,31
"3155","Lesser spotted eagle","Clanga pomarina","Eagles",2022,88,2022-03-29,"Foothills",9,0,9
"3156","Lesser spotted eagle","Clanga pomarina","Eagles",2022,89,2022-03-30,"Coast",14,0,14
"3157","Lesser spotted eagle","Clanga pomarina","Eagles",2022,90,2022-03-31,"Coast",4,0,4
"3158","Lesser spotted eagle","Clanga pomarina","Eagles",2022,91,2022-04-01,"Coast",3,0,3
"3159","Lesser spotted eagle","Clanga pomarina","Eagles",2022,92,2022-04-02,"Coast",3,0,3
"3160","Lesser spotted eagle","Clanga pomarina","Eagles",2022,92,2022-04-02,"Foothills",1,0,1
"3161","Lesser spotted eagle","Clanga pomarina","Eagles",2022,93,2022-04-03,"Coast",3,0,3
"3162","Lesser spotted eagle","Clanga pomarina","Eagles",2022,94,2022-04-04,"Coast",17,0,17
"3163","Lesser spotted eagle","Clanga pomarina","Eagles",2022,95,2022-04-05,"Coast",6,0,6
"3164","Lesser spotted eagle","Clanga pomarina","Eagles",2022,95,2022-04-05,"Foothills",1,0,1
"3165","Lesser spotted eagle","Clanga pomarina","Eagles",2022,96,2022-04-06,"Coast",13,0,13
"3166","Lesser spotted eagle","Clanga pomarina","Eagles",2022,97,2022-04-07,"Coast",18,0,18
"3167","Lesser spotted eagle","Clanga pomarina","Eagles",2022,98,2022-04-08,"Coast",19,0,19
"3168","Lesser spotted eagle","Clanga pomarina","Eagles",2022,99,2022-04-09,"Coast",32,0,32
"3169","Lesser spotted eagle","Clanga pomarina","Eagles",2022,100,2022-04-10,"Coast",5,0,5
"3170","Lesser spotted eagle","Clanga pomarina","Eagles",2022,101,2022-04-11,"Coast",3,0,3
"3171","Lesser spotted eagle","Clanga pomarina","Eagles",2022,104,2022-04-14,"Coast",12,0,12
"3172","Lesser spotted eagle","Clanga pomarina","Eagles",2022,105,2022-04-15,"Coast",11,0,11
"3173","Lesser spotted eagle","Clanga pomarina","Eagles",2022,105,2022-04-15,"Foothills",4,0,4
"3174","Lesser spotted eagle","Clanga pomarina","Eagles",2022,106,2022-04-16,"Coast",21,0,21
"3175","Lesser spotted eagle","Clanga pomarina","Eagles",2022,106,2022-04-16,"Foothills",1,0,1
"3176","Lesser spotted eagle","Clanga pomarina","Eagles",2022,107,2022-04-17,"Coast",2,0,2
"3177","Lesser spotted eagle","Clanga pomarina","Eagles",2022,107,2022-04-17,"Foothills",2,0,2
"3178","Lesser spotted eagle","Clanga pomarina","Eagles",2022,108,2022-04-18,"Coast",5,0,5
"3179","Lesser spotted eagle","Clanga pomarina","Eagles",2022,108,2022-04-18,"Foothills",1,0,1
"3180","Lesser spotted eagle","Clanga pomarina","Eagles",2022,109,2022-04-19,"Coast",5,0,5
"3181","Lesser spotted eagle","Clanga pomarina","Eagles",2022,111,2022-04-21,"Coast",3,0,3
"3182","Lesser spotted eagle","Clanga pomarina","Eagles",2022,111,2022-04-21,"Foothills",1,0,1
"3183","Lesser spotted eagle","Clanga pomarina","Eagles",2022,113,2022-04-23,"Coast",2,0,2
"3184","Lesser spotted eagle","Clanga pomarina","Eagles",2022,114,2022-04-24,"Coast",5,0,5
"3185","Lesser spotted eagle","Clanga pomarina","Eagles",2022,116,2022-04-26,"Coast",2,0,2
"3186","Lesser spotted eagle","Clanga pomarina","Eagles",2022,118,2022-04-28,"Coast",4,0,4
"3187","Lesser spotted eagle","Clanga pomarina","Eagles",2022,123,2022-05-03,"Coast",44,0,44
"3188","Lesser spotted eagle","Clanga pomarina","Eagles",2022,123,2022-05-03,"Foothills",3,0,3
"3189","Lesser spotted eagle","Clanga pomarina","Eagles",2022,124,2022-05-04,"Coast",5,0,5
"3190","Lesser spotted eagle","Clanga pomarina","Eagles",2022,126,2022-05-06,"Coast",8,0,8
"3191","Lesser spotted eagle","Clanga pomarina","Eagles",2022,127,2022-05-07,"Coast",16,0,16
"3192","Lesser spotted eagle","Clanga pomarina","Eagles",2022,127,2022-05-07,"Foothills",1,0,1
"3193","Lesser spotted eagle","Clanga pomarina","Eagles",2022,128,2022-05-08,"Coast",67,0,67
"3194","Lesser spotted eagle","Clanga pomarina","Eagles",2022,128,2022-05-08,"Foothills",12,0,12
"3195","Lesser spotted eagle","Clanga pomarina","Eagles",2022,129,2022-05-09,"Coast",41,0,41
"3196","Lesser spotted eagle","Clanga pomarina","Eagles",2022,130,2022-05-10,"Coast",120,0,120
"3197","Lesser spotted eagle","Clanga pomarina","Eagles",2022,130,2022-05-10,"Foothills",5,0,5
"3198","Lesser spotted eagle","Clanga pomarina","Eagles",2022,131,2022-05-11,"Coast",7,0,7
"3199","Lesser spotted eagle","Clanga pomarina","Eagles",2022,131,2022-05-11,"Foothills",1,0,1
"3200","Lesser spotted eagle","Clanga pomarina","Eagles",2022,132,2022-05-12,"Coast",60,0,60
"3201","Lesser spotted eagle","Clanga pomarina","Eagles",2022,132,2022-05-12,"Foothills",2,0,2
"3202","Lesser spotted eagle","Clanga pomarina","Eagles",2022,132,2022-05-12,"Interior",3,0,3
"3203","Lesser spotted eagle","Clanga pomarina","Eagles",2022,134,2022-05-14,"Interior",1,0,1
"3204","Lesser spotted eagle","Clanga pomarina","Eagles",2022,136,2022-05-16,"Coast",3,0,3
"3205","Lesser spotted eagle","Clanga pomarina","Eagles",2022,145,2022-05-25,"Coast",1,0,1
"3206","Levant sparrowhawk","Accipiter brevipes","Hawks",2019,115,2019-04-25,"Coast",8,0,8
"3207","Levant sparrowhawk","Accipiter brevipes","Hawks",2019,117,2019-04-27,"Coast",10,0,10
"3208","Levant sparrowhawk","Accipiter brevipes","Hawks",2019,118,2019-04-28,"Coast",13,0,13
"3209","Levant sparrowhawk","Accipiter brevipes","Hawks",2019,120,2019-04-30,"Coast",7,0,7
"3210","Levant sparrowhawk","Accipiter brevipes","Hawks",2019,120,2019-04-30,"Foothills",8,0,8
"3211","Levant sparrowhawk","Accipiter brevipes","Hawks",2019,121,2019-05-01,"Coast",55,0,55
"3212","Levant sparrowhawk","Accipiter brevipes","Hawks",2019,121,2019-05-01,"Foothills",5,0,5
"3213","Levant sparrowhawk","Accipiter brevipes","Hawks",2019,122,2019-05-02,"Coast",66,0,66
"3214","Levant sparrowhawk","Accipiter brevipes","Hawks",2019,125,2019-05-05,"Coast",255,0,255
"3215","Levant sparrowhawk","Accipiter brevipes","Hawks",2019,125,2019-05-05,"Foothills",84,0,84
"3216","Levant sparrowhawk","Accipiter brevipes","Hawks",2019,126,2019-05-06,"Coast",45,0,45
"3217","Levant sparrowhawk","Accipiter brevipes","Hawks",2019,126,2019-05-06,"Foothills",1,0,1
"3218","Levant sparrowhawk","Accipiter brevipes","Hawks",2019,127,2019-05-07,"Coast",10,0,10
"3219","Levant sparrowhawk","Accipiter brevipes","Hawks",2019,127,2019-05-07,"Foothills",103,0,103
"3220","Levant sparrowhawk","Accipiter brevipes","Hawks",2019,127,2019-05-07,"Interior",3,0,3
"3221","Levant sparrowhawk","Accipiter brevipes","Hawks",2019,128,2019-05-08,"Coast",27,0,27
"3222","Levant sparrowhawk","Accipiter brevipes","Hawks",2019,128,2019-05-08,"Foothills",2,0,2
"3223","Levant sparrowhawk","Accipiter brevipes","Hawks",2019,129,2019-05-09,"Coast",22,0,22
"3224","Levant sparrowhawk","Accipiter brevipes","Hawks",2019,129,2019-05-09,"Foothills",1,0,1
"3225","Levant sparrowhawk","Accipiter brevipes","Hawks",2019,130,2019-05-10,"Coast",62,0,62
"3226","Levant sparrowhawk","Accipiter brevipes","Hawks",2019,130,2019-05-10,"Foothills",137,0,137
"3227","Levant sparrowhawk","Accipiter brevipes","Hawks",2019,130,2019-05-10,"Interior",4,0,4
"3228","Levant sparrowhawk","Accipiter brevipes","Hawks",2019,131,2019-05-11,"Coast",10,0,10
"3229","Levant sparrowhawk","Accipiter brevipes","Hawks",2019,131,2019-05-11,"Foothills",70,0,70
"3230","Levant sparrowhawk","Accipiter brevipes","Hawks",2019,131,2019-05-11,"Interior",8,0,8
"3231","Levant sparrowhawk","Accipiter brevipes","Hawks",2019,132,2019-05-12,"Coast",4,0,4
"3232","Levant sparrowhawk","Accipiter brevipes","Hawks",2019,133,2019-05-13,"Coast",29,0,29
"3233","Levant sparrowhawk","Accipiter brevipes","Hawks",2019,133,2019-05-13,"Foothills",7,0,7
"3234","Levant sparrowhawk","Accipiter brevipes","Hawks",2019,134,2019-05-14,"Coast",21,0,21
"3235","Levant sparrowhawk","Accipiter brevipes","Hawks",2019,134,2019-05-14,"Foothills",35,0,35
"3236","Levant sparrowhawk","Accipiter brevipes","Hawks",2019,134,2019-05-14,"Interior",1,0,1
"3237","Levant sparrowhawk","Accipiter brevipes","Hawks",2019,135,2019-05-15,"Coast",6,0,6
"3238","Levant sparrowhawk","Accipiter brevipes","Hawks",2019,137,2019-05-17,"Coast",2,0,2
"3239","Levant sparrowhawk","Accipiter brevipes","Hawks",2019,137,2019-05-17,"Foothills",2,0,2
"3240","Levant sparrowhawk","Accipiter brevipes","Hawks",2019,138,2019-05-18,"Coast",1,0,1
"3241","Levant sparrowhawk","Accipiter brevipes","Hawks",2019,138,2019-05-18,"Foothills",3,0,3
"3242","Levant sparrowhawk","Accipiter brevipes","Hawks",2019,139,2019-05-19,"Coast",7,0,7
"3243","Levant sparrowhawk","Accipiter brevipes","Hawks",2019,139,2019-05-19,"Foothills",8,0,8
"3244","Levant sparrowhawk","Accipiter brevipes","Hawks",2019,140,2019-05-20,"Coast",15,0,15
"3245","Levant sparrowhawk","Accipiter brevipes","Hawks",2019,140,2019-05-20,"Interior",1,0,1
"3246","Levant sparrowhawk","Accipiter brevipes","Hawks",2019,141,2019-05-21,"Foothills",1,0,1
"3247","Levant sparrowhawk","Accipiter brevipes","Hawks",2019,141,2019-05-21,"Interior",3,0,3
"3248","Levant sparrowhawk","Accipiter brevipes","Hawks",2019,144,2019-05-24,"Coast",1,0,1
"3249","Levant sparrowhawk","Accipiter brevipes","Hawks",2019,144,2019-05-24,"Foothills",2,0,2
"3250","Levant sparrowhawk","Accipiter brevipes","Hawks",2019,147,2019-05-27,"Coast",2,0,2
"3251","Levant sparrowhawk","Accipiter brevipes","Hawks",2019,147,2019-05-27,"Foothills",2,0,2
"3252","Levant sparrowhawk","Accipiter brevipes","Hawks",2019,151,2019-05-31,"Interior",1,0,1
"3253","Levant sparrowhawk","Accipiter brevipes","Hawks",2020,115,2020-04-24,"Coast",2,0,2
"3254","Levant sparrowhawk","Accipiter brevipes","Hawks",2020,116,2020-04-25,"Coast",4,0,4
"3255","Levant sparrowhawk","Accipiter brevipes","Hawks",2020,116,2020-04-25,"Foothills",1,0,1
"3256","Levant sparrowhawk","Accipiter brevipes","Hawks",2020,117,2020-04-26,"Coast",9,0,9
"3257","Levant sparrowhawk","Accipiter brevipes","Hawks",2020,117,2020-04-26,"Interior",6,0,6
"3258","Levant sparrowhawk","Accipiter brevipes","Hawks",2020,118,2020-04-27,"Coast",8,0,8
"3259","Levant sparrowhawk","Accipiter brevipes","Hawks",2020,118,2020-04-27,"Foothills",6,0,6
"3260","Levant sparrowhawk","Accipiter brevipes","Hawks",2020,118,2020-04-27,"Interior",1,0,1
"3261","Levant sparrowhawk","Accipiter brevipes","Hawks",2020,119,2020-04-28,"Coast",10,0,10
"3262","Levant sparrowhawk","Accipiter brevipes","Hawks",2020,119,2020-04-28,"Foothills",30,0,30
"3263","Levant sparrowhawk","Accipiter brevipes","Hawks",2020,120,2020-04-29,"Coast",404,0,404
"3264","Levant sparrowhawk","Accipiter brevipes","Hawks",2020,120,2020-04-29,"Foothills",228,0,228
"3265","Levant sparrowhawk","Accipiter brevipes","Hawks",2020,121,2020-04-30,"Coast",76,0,76
"3266","Levant sparrowhawk","Accipiter brevipes","Hawks",2020,121,2020-04-30,"Foothills",113,0,113
"3267","Levant sparrowhawk","Accipiter brevipes","Hawks",2020,121,2020-04-30,"Interior",4,0,4
"3268","Levant sparrowhawk","Accipiter brevipes","Hawks",2020,122,2020-05-01,"Coast",57,0,57
"3269","Levant sparrowhawk","Accipiter brevipes","Hawks",2020,122,2020-05-01,"Foothills",59,0,59
"3270","Levant sparrowhawk","Accipiter brevipes","Hawks",2020,122,2020-05-01,"Interior",7,0,7
"3271","Levant sparrowhawk","Accipiter brevipes","Hawks",2020,123,2020-05-02,"Coast",11,0,11
"3272","Levant sparrowhawk","Accipiter brevipes","Hawks",2020,124,2020-05-03,"Coast",5,0,5
"3273","Levant sparrowhawk","Accipiter brevipes","Hawks",2020,124,2020-05-03,"Foothills",1,0,1
"3274","Levant sparrowhawk","Accipiter brevipes","Hawks",2020,124,2020-05-03,"Interior",8,0,8
"3275","Levant sparrowhawk","Accipiter brevipes","Hawks",2020,125,2020-05-04,"Coast",35,0,35
"3276","Levant sparrowhawk","Accipiter brevipes","Hawks",2020,125,2020-05-04,"Interior",2,0,2
"3277","Levant sparrowhawk","Accipiter brevipes","Hawks",2020,128,2020-05-07,"Coast",1,0,1
"3278","Levant sparrowhawk","Accipiter brevipes","Hawks",2020,128,2020-05-07,"Foothills",1,0,1
"3279","Levant sparrowhawk","Accipiter brevipes","Hawks",2020,130,2020-05-09,"Coast",102,0,102
"3280","Levant sparrowhawk","Accipiter brevipes","Hawks",2020,130,2020-05-09,"Foothills",21,0,21
"3281","Levant sparrowhawk","Accipiter brevipes","Hawks",2020,130,2020-05-09,"Interior",2,0,2
"3282","Levant sparrowhawk","Accipiter brevipes","Hawks",2020,131,2020-05-10,"Coast",32,0,32
"3283","Levant sparrowhawk","Accipiter brevipes","Hawks",2020,131,2020-05-10,"Foothills",6,0,6
"3284","Levant sparrowhawk","Accipiter brevipes","Hawks",2020,132,2020-05-11,"Coast",53,0,53
"3285","Levant sparrowhawk","Accipiter brevipes","Hawks",2020,132,2020-05-11,"Foothills",23,0,23
"3286","Levant sparrowhawk","Accipiter brevipes","Hawks",2020,132,2020-05-11,"Interior",12,0,12
"3287","Levant sparrowhawk","Accipiter brevipes","Hawks",2020,133,2020-05-12,"Coast",15,0,15
"3288","Levant sparrowhawk","Accipiter brevipes","Hawks",2020,133,2020-05-12,"Foothills",36,0,36
"3289","Levant sparrowhawk","Accipiter brevipes","Hawks",2020,134,2020-05-13,"Coast",23,0,23
"3290","Levant sparrowhawk","Accipiter brevipes","Hawks",2020,134,2020-05-13,"Foothills",16,0,16
"3291","Levant sparrowhawk","Accipiter brevipes","Hawks",2020,135,2020-05-14,"Coast",31,0,31
"3292","Levant sparrowhawk","Accipiter brevipes","Hawks",2020,135,2020-05-14,"Foothills",5,0,5
"3293","Levant sparrowhawk","Accipiter brevipes","Hawks",2020,136,2020-05-15,"Coast",1,0,1
"3294","Levant sparrowhawk","Accipiter brevipes","Hawks",2020,136,2020-05-15,"Foothills",6,0,6
"3295","Levant sparrowhawk","Accipiter brevipes","Hawks",2020,136,2020-05-15,"Interior",8,0,8
"3296","Levant sparrowhawk","Accipiter brevipes","Hawks",2020,137,2020-05-16,"Coast",1,0,1
"3297","Levant sparrowhawk","Accipiter brevipes","Hawks",2020,138,2020-05-17,"Coast",12,0,12
"3298","Levant sparrowhawk","Accipiter brevipes","Hawks",2020,138,2020-05-17,"Foothills",2,0,2
"3299","Levant sparrowhawk","Accipiter brevipes","Hawks",2020,139,2020-05-18,"Coast",3,0,3
"3300","Levant sparrowhawk","Accipiter brevipes","Hawks",2020,139,2020-05-18,"Foothills",1,0,1
"3301","Levant sparrowhawk","Accipiter brevipes","Hawks",2020,140,2020-05-19,"Coast",5,0,5
"3302","Levant sparrowhawk","Accipiter brevipes","Hawks",2020,141,2020-05-20,"Coast",4,0,4
"3303","Levant sparrowhawk","Accipiter brevipes","Hawks",2020,143,2020-05-22,"Coast",4,0,4
"3304","Levant sparrowhawk","Accipiter brevipes","Hawks",2020,143,2020-05-22,"Foothills",10,0,10
"3305","Levant sparrowhawk","Accipiter brevipes","Hawks",2022,117,2022-04-27,"Coast",52,0,52
"3306","Levant sparrowhawk","Accipiter brevipes","Hawks",2022,117,2022-04-27,"Foothills",2,0,2
"3307","Levant sparrowhawk","Accipiter brevipes","Hawks",2022,117,2022-04-27,"Interior",20,0,20
"3308","Levant sparrowhawk","Accipiter brevipes","Hawks",2022,118,2022-04-28,"Coast",849,0,849
"3309","Levant sparrowhawk","Accipiter brevipes","Hawks",2022,118,2022-04-28,"Foothills",115,0,115
"3310","Levant sparrowhawk","Accipiter brevipes","Hawks",2022,118,2022-04-28,"Interior",139,0,139
"3311","Levant sparrowhawk","Accipiter brevipes","Hawks",2022,119,2022-04-29,"Coast",17,0,17
"3312","Levant sparrowhawk","Accipiter brevipes","Hawks",2022,119,2022-04-29,"Foothills",17,0,17
"3313","Levant sparrowhawk","Accipiter brevipes","Hawks",2022,123,2022-05-03,"Coast",45,0,45
"3314","Levant sparrowhawk","Accipiter brevipes","Hawks",2022,124,2022-05-04,"Coast",1,0,1
"3315","Levant sparrowhawk","Accipiter brevipes","Hawks",2022,126,2022-05-06,"Coast",4,0,4
"3316","Levant sparrowhawk","Accipiter brevipes","Hawks",2022,128,2022-05-08,"Coast",5,0,5
"3317","Levant sparrowhawk","Accipiter brevipes","Hawks",2022,130,2022-05-10,"Coast",12,0,12
"3318","Levant sparrowhawk","Accipiter brevipes","Hawks",2022,131,2022-05-11,"Coast",45,0,45
"3319","Levant sparrowhawk","Accipiter brevipes","Hawks",2022,132,2022-05-12,"Coast",25,0,25
"3320","Levant sparrowhawk","Accipiter brevipes","Hawks",2022,134,2022-05-14,"Coast",13,0,13
"3321","Levant sparrowhawk","Accipiter brevipes","Hawks",2022,135,2022-05-15,"Coast",1,0,1
"3322","Levant sparrowhawk","Accipiter brevipes","Hawks",2022,137,2022-05-17,"Coast",4,0,4
"3323","Levant sparrowhawk","Accipiter brevipes","Hawks",2022,141,2022-05-21,"Coast",3,0,3
"3324","Long-legged buzzard","Buteo rufinus","Buzzards & Kites",2019,80,2019-03-21,"Coast",0,1,-1
"3325","Long-legged buzzard","Buteo rufinus","Buzzards & Kites",2019,82,2019-03-23,"Coast",6,0,6
"3326","Long-legged buzzard","Buteo rufinus","Buzzards & Kites",2019,82,2019-03-23,"Foothills",1,0,1
"3327","Long-legged buzzard","Buteo rufinus","Buzzards & Kites",2019,88,2019-03-29,"Coast",2,0,2
"3328","Long-legged buzzard","Buteo rufinus","Buzzards & Kites",2019,88,2019-03-29,"Foothills",1,0,1
"3329","Long-legged buzzard","Buteo rufinus","Buzzards & Kites",2019,89,2019-03-30,"Coast",1,0,1
"3330","Long-legged buzzard","Buteo rufinus","Buzzards & Kites",2019,93,2019-04-03,"Coast",1,0,1
"3331","Long-legged buzzard","Buteo rufinus","Buzzards & Kites",2019,93,2019-04-03,"Foothills",1,0,1
"3332","Long-legged buzzard","Buteo rufinus","Buzzards & Kites",2019,94,2019-04-04,"Coast",1,0,1
"3333","Long-legged buzzard","Buteo rufinus","Buzzards & Kites",2019,95,2019-04-05,"Coast",1,0,1
"3334","Long-legged buzzard","Buteo rufinus","Buzzards & Kites",2019,96,2019-04-06,"Coast",4,0,4
"3335","Long-legged buzzard","Buteo rufinus","Buzzards & Kites",2019,96,2019-04-06,"Foothills",1,0,1
"3336","Long-legged buzzard","Buteo rufinus","Buzzards & Kites",2019,101,2019-04-11,"Coast",1,0,1
"3337","Long-legged buzzard","Buteo rufinus","Buzzards & Kites",2019,130,2019-05-10,"Coast",3,0,3
"3338","Long-legged buzzard","Buteo rufinus","Buzzards & Kites",2019,133,2019-05-13,"Coast",1,0,1
"3339","Long-legged buzzard","Buteo rufinus","Buzzards & Kites",2020,67,2020-03-07,"Coast",4,0,4
"3340","Long-legged buzzard","Buteo rufinus","Buzzards & Kites",2020,70,2020-03-10,"Coast",1,0,1
"3341","Long-legged buzzard","Buteo rufinus","Buzzards & Kites",2020,71,2020-03-11,"Foothills",1,0,1
"3342","Long-legged buzzard","Buteo rufinus","Buzzards & Kites",2020,72,2020-03-12,"Coast",2,0,2
"3343","Long-legged buzzard","Buteo rufinus","Buzzards & Kites",2020,72,2020-03-12,"Foothills",1,0,1
"3344","Long-legged buzzard","Buteo rufinus","Buzzards & Kites",2020,75,2020-03-15,"Coast",1,0,1
"3345","Long-legged buzzard","Buteo rufinus","Buzzards & Kites",2020,75,2020-03-15,"Foothills",2,0,2
"3346","Long-legged buzzard","Buteo rufinus","Buzzards & Kites",2020,77,2020-03-17,"Coast",2,0,2
"3347","Long-legged buzzard","Buteo rufinus","Buzzards & Kites",2020,79,2020-03-19,"Coast",0,1,-1
"3348","Long-legged buzzard","Buteo rufinus","Buzzards & Kites",2020,79,2020-03-19,"Foothills",1,0,1
"3349","Long-legged buzzard","Buteo rufinus","Buzzards & Kites",2020,80,2020-03-20,"Coast",2,0,2
"3350","Long-legged buzzard","Buteo rufinus","Buzzards & Kites",2020,81,2020-03-21,"Coast",2,1,1
"3351","Long-legged buzzard","Buteo rufinus","Buzzards & Kites",2020,81,2020-03-21,"Foothills",1,0,1
"3352","Long-legged buzzard","Buteo rufinus","Buzzards & Kites",2020,81,2020-03-21,"Interior",1,0,1
"3353","Long-legged buzzard","Buteo rufinus","Buzzards & Kites",2020,82,2020-03-22,"Coast",6,0,6
"3354","Long-legged buzzard","Buteo rufinus","Buzzards & Kites",2020,82,2020-03-22,"Interior",1,0,1
"3355","Long-legged buzzard","Buteo rufinus","Buzzards & Kites",2020,83,2020-03-23,"Coast",2,0,2
"3356","Long-legged buzzard","Buteo rufinus","Buzzards & Kites",2020,83,2020-03-23,"Interior",6,0,6
"3357","Long-legged buzzard","Buteo rufinus","Buzzards & Kites",2020,84,2020-03-24,"Coast",2,0,2
"3358","Long-legged buzzard","Buteo rufinus","Buzzards & Kites",2020,86,2020-03-26,"Coast",1,0,1
"3359","Long-legged buzzard","Buteo rufinus","Buzzards & Kites",2020,87,2020-03-27,"Foothills",1,0,1
"3360","Long-legged buzzard","Buteo rufinus","Buzzards & Kites",2020,88,2020-03-28,"Coast",1,0,1
"3361","Long-legged buzzard","Buteo rufinus","Buzzards & Kites",2020,88,2020-03-28,"Foothills",1,0,1
"3362","Long-legged buzzard","Buteo rufinus","Buzzards & Kites",2020,91,2020-03-31,"Coast",2,0,2
"3363","Long-legged buzzard","Buteo rufinus","Buzzards & Kites",2020,91,2020-03-31,"Foothills",1,0,1
"3364","Long-legged buzzard","Buteo rufinus","Buzzards & Kites",2020,92,2020-04-01,"Coast",2,0,2
"3365","Long-legged buzzard","Buteo rufinus","Buzzards & Kites",2020,100,2020-04-09,"Coast",1,0,1
"3366","Long-legged buzzard","Buteo rufinus","Buzzards & Kites",2020,100,2020-04-09,"Foothills",1,0,1
"3367","Long-legged buzzard","Buteo rufinus","Buzzards & Kites",2020,101,2020-04-10,"Coast",1,0,1
"3368","Long-legged buzzard","Buteo rufinus","Buzzards & Kites",2020,102,2020-04-11,"Coast",3,0,3
"3369","Long-legged buzzard","Buteo rufinus","Buzzards & Kites",2020,106,2020-04-15,"Coast",1,0,1
"3370","Long-legged buzzard","Buteo rufinus","Buzzards & Kites",2020,108,2020-04-17,"Coast",0,1,-1
"3371","Long-legged buzzard","Buteo rufinus","Buzzards & Kites",2020,108,2020-04-17,"Foothills",0,1,-1
"3372","Long-legged buzzard","Buteo rufinus","Buzzards & Kites",2020,109,2020-04-18,"Coast",1,0,1
"3373","Long-legged buzzard","Buteo rufinus","Buzzards & Kites",2020,110,2020-04-19,"Foothills",1,0,1
"3374","Long-legged buzzard","Buteo rufinus","Buzzards & Kites",2020,130,2020-05-09,"Coast",1,0,1
"3375","Long-legged buzzard","Buteo rufinus","Buzzards & Kites",2020,130,2020-05-09,"Foothills",1,0,1
"3376","Long-legged buzzard","Buteo rufinus","Buzzards & Kites",2020,135,2020-05-14,"Coast",2,0,2
"3377","Long-legged buzzard","Buteo rufinus","Buzzards & Kites",2020,138,2020-05-17,"Coast",1,0,1
"3378","Long-legged buzzard","Buteo rufinus","Buzzards & Kites",2020,140,2020-05-19,"Coast",1,0,1
"3379","Long-legged buzzard","Buteo rufinus","Buzzards & Kites",2022,69,2022-03-10,"Coast",2,0,2
"3380","Long-legged buzzard","Buteo rufinus","Buzzards & Kites",2022,69,2022-03-10,"Foothills",2,0,2
"3381","Long-legged buzzard","Buteo rufinus","Buzzards & Kites",2022,73,2022-03-14,"Coast",3,0,3
"3382","Long-legged buzzard","Buteo rufinus","Buzzards & Kites",2022,77,2022-03-18,"Coast",0,1,-1
"3383","Long-legged buzzard","Buteo rufinus","Buzzards & Kites",2022,79,2022-03-20,"Coast",4,1,3
"3384","Long-legged buzzard","Buteo rufinus","Buzzards & Kites",2022,80,2022-03-21,"Coast",3,2,1
"3385","Long-legged buzzard","Buteo rufinus","Buzzards & Kites",2022,81,2022-03-22,"Coast",2,0,2
"3386","Long-legged buzzard","Buteo rufinus","Buzzards & Kites",2022,82,2022-03-23,"Coast",27,0,27
"3387","Long-legged buzzard","Buteo rufinus","Buzzards & Kites",2022,83,2022-03-24,"Coast",6,0,6
"3388","Long-legged buzzard","Buteo rufinus","Buzzards & Kites",2022,84,2022-03-25,"Coast",34,2,32
"3389","Long-legged buzzard","Buteo rufinus","Buzzards & Kites",2022,84,2022-03-25,"Foothills",1,0,1
"3390","Long-legged buzzard","Buteo rufinus","Buzzards & Kites",2022,85,2022-03-26,"Coast",6,0,6
"3391","Long-legged buzzard","Buteo rufinus","Buzzards & Kites",2022,86,2022-03-27,"Coast",3,0,3
"3392","Long-legged buzzard","Buteo rufinus","Buzzards & Kites",2022,88,2022-03-29,"Coast",0,1,-1
"3393","Long-legged buzzard","Buteo rufinus","Buzzards & Kites",2022,88,2022-03-29,"Foothills",1,0,1
"3394","Long-legged buzzard","Buteo rufinus","Buzzards & Kites",2022,89,2022-03-30,"Coast",2,0,2
"3395","Long-legged buzzard","Buteo rufinus","Buzzards & Kites",2022,89,2022-03-30,"Interior",1,0,1
"3396","Long-legged buzzard","Buteo rufinus","Buzzards & Kites",2022,90,2022-03-31,"Coast",0,1,-1
"3397","Long-legged buzzard","Buteo rufinus","Buzzards & Kites",2022,91,2022-04-01,"Coast",1,0,1
"3398","Long-legged buzzard","Buteo rufinus","Buzzards & Kites",2022,92,2022-04-02,"Coast",2,0,2
"3399","Long-legged buzzard","Buteo rufinus","Buzzards & Kites",2022,93,2022-04-03,"Coast",1,0,1
"3400","Long-legged buzzard","Buteo rufinus","Buzzards & Kites",2022,95,2022-04-05,"Coast",1,0,1
"3401","Long-legged buzzard","Buteo rufinus","Buzzards & Kites",2022,96,2022-04-06,"Coast",1,0,1
"3402","Long-legged buzzard","Buteo rufinus","Buzzards & Kites",2022,97,2022-04-07,"Coast",1,0,1
"3403","Long-legged buzzard","Buteo rufinus","Buzzards & Kites",2022,99,2022-04-09,"Coast",1,0,1
"3404","Long-legged buzzard","Buteo rufinus","Buzzards & Kites",2022,100,2022-04-10,"Coast",1,0,1
"3405","Long-legged buzzard","Buteo rufinus","Buzzards & Kites",2022,105,2022-04-15,"Coast",0,1,-1
"3406","Long-legged buzzard","Buteo rufinus","Buzzards & Kites",2022,116,2022-04-26,"Foothills",1,0,1
"3407","Long-legged buzzard","Buteo rufinus","Buzzards & Kites",2022,118,2022-04-28,"Coast",1,0,1
"3408","Long-legged buzzard","Buteo rufinus","Buzzards & Kites",2022,135,2022-05-15,"Coast",1,0,1
"3409","Marsh harrier","Circus aeruginosus","Harriers",2019,80,2019-03-21,"Coast",20,0,20
"3410","Marsh harrier","Circus aeruginosus","Harriers",2019,81,2019-03-22,"Coast",3,0,3
"3411","Marsh harrier","Circus aeruginosus","Harriers",2019,82,2019-03-23,"Coast",131,0,131
"3412","Marsh harrier","Circus aeruginosus","Harriers",2019,82,2019-03-23,"Foothills",24,0,24
"3413","Marsh harrier","Circus aeruginosus","Harriers",2019,83,2019-03-24,"Coast",7,0,7
"3414","Marsh harrier","Circus aeruginosus","Harriers",2019,83,2019-03-24,"Foothills",10,0,10
"3415","Marsh harrier","Circus aeruginosus","Harriers",2019,84,2019-03-25,"Coast",18,0,18
"3416","Marsh harrier","Circus aeruginosus","Harriers",2019,85,2019-03-26,"Coast",5,0,5
"3417","Marsh harrier","Circus aeruginosus","Harriers",2019,88,2019-03-29,"Coast",61,0,61
"3418","Marsh harrier","Circus aeruginosus","Harriers",2019,88,2019-03-29,"Foothills",15,0,15
"3419","Marsh harrier","Circus aeruginosus","Harriers",2019,89,2019-03-30,"Coast",20,0,20
"3420","Marsh harrier","Circus aeruginosus","Harriers",2019,89,2019-03-30,"Foothills",3,0,3
"3421","Marsh harrier","Circus aeruginosus","Harriers",2019,90,2019-03-31,"Coast",2,0,2
"3422","Marsh harrier","Circus aeruginosus","Harriers",2019,93,2019-04-03,"Coast",137,0,137
"3423","Marsh harrier","Circus aeruginosus","Harriers",2019,93,2019-04-03,"Foothills",36,0,36
"3424","Marsh harrier","Circus aeruginosus","Harriers",2019,93,2019-04-03,"Interior",35,0,35
"3425","Marsh harrier","Circus aeruginosus","Harriers",2019,94,2019-04-04,"Coast",3,0,3
"3426","Marsh harrier","Circus aeruginosus","Harriers",2019,94,2019-04-04,"Foothills",1,0,1
"3427","Marsh harrier","Circus aeruginosus","Harriers",2019,95,2019-04-05,"Coast",45,0,45
"3428","Marsh harrier","Circus aeruginosus","Harriers",2019,95,2019-04-05,"Foothills",10,0,10
"3429","Marsh harrier","Circus aeruginosus","Harriers",2019,95,2019-04-05,"Interior",2,0,2
"3430","Marsh harrier","Circus aeruginosus","Harriers",2019,96,2019-04-06,"Coast",18,0,18
"3431","Marsh harrier","Circus aeruginosus","Harriers",2019,96,2019-04-06,"Foothills",1,0,1
"3432","Marsh harrier","Circus aeruginosus","Harriers",2019,97,2019-04-07,"Coast",16,0,16
"3433","Marsh harrier","Circus aeruginosus","Harriers",2019,97,2019-04-07,"Foothills",1,0,1
"3434","Marsh harrier","Circus aeruginosus","Harriers",2019,97,2019-04-07,"Interior",9,0,9
"3435","Marsh harrier","Circus aeruginosus","Harriers",2019,98,2019-04-08,"Coast",6,0,6
"3436","Marsh harrier","Circus aeruginosus","Harriers",2019,99,2019-04-09,"Coast",6,0,6
"3437","Marsh harrier","Circus aeruginosus","Harriers",2019,99,2019-04-09,"Foothills",2,0,2
"3438","Marsh harrier","Circus aeruginosus","Harriers",2019,101,2019-04-11,"Coast",16,0,16
"3439","Marsh harrier","Circus aeruginosus","Harriers",2019,101,2019-04-11,"Foothills",3,0,3
"3440","Marsh harrier","Circus aeruginosus","Harriers",2019,101,2019-04-11,"Interior",8,0,8
"3441","Marsh harrier","Circus aeruginosus","Harriers",2019,102,2019-04-12,"Foothills",4,0,4
"3442","Marsh harrier","Circus aeruginosus","Harriers",2019,103,2019-04-13,"Coast",1,0,1
"3443","Marsh harrier","Circus aeruginosus","Harriers",2019,103,2019-04-13,"Foothills",4,0,4
"3444","Marsh harrier","Circus aeruginosus","Harriers",2019,104,2019-04-14,"Coast",1,0,1
"3445","Marsh harrier","Circus aeruginosus","Harriers",2019,104,2019-04-14,"Foothills",2,0,2
"3446","Marsh harrier","Circus aeruginosus","Harriers",2019,105,2019-04-15,"Coast",9,0,9
"3447","Marsh harrier","Circus aeruginosus","Harriers",2019,105,2019-04-15,"Foothills",3,0,3
"3448","Marsh harrier","Circus aeruginosus","Harriers",2019,105,2019-04-15,"Interior",2,0,2
"3449","Marsh harrier","Circus aeruginosus","Harriers",2019,108,2019-04-18,"Coast",56,0,56
"3450","Marsh harrier","Circus aeruginosus","Harriers",2019,108,2019-04-18,"Foothills",2,0,2
"3451","Marsh harrier","Circus aeruginosus","Harriers",2019,109,2019-04-19,"Coast",5,0,5
"3452","Marsh harrier","Circus aeruginosus","Harriers",2019,110,2019-04-20,"Coast",28,0,28
"3453","Marsh harrier","Circus aeruginosus","Harriers",2019,110,2019-04-20,"Foothills",5,0,5
"3454","Marsh harrier","Circus aeruginosus","Harriers",2019,110,2019-04-20,"Interior",1,0,1
"3455","Marsh harrier","Circus aeruginosus","Harriers",2019,112,2019-04-22,"Coast",6,0,6
"3456","Marsh harrier","Circus aeruginosus","Harriers",2019,113,2019-04-23,"Coast",9,0,9
"3457","Marsh harrier","Circus aeruginosus","Harriers",2019,114,2019-04-24,"Coast",27,0,27
"3458","Marsh harrier","Circus aeruginosus","Harriers",2019,114,2019-04-24,"Foothills",15,0,15
"3459","Marsh harrier","Circus aeruginosus","Harriers",2019,115,2019-04-25,"Coast",19,0,19
"3460","Marsh harrier","Circus aeruginosus","Harriers",2019,116,2019-04-26,"Foothills",3,0,3
"3461","Marsh harrier","Circus aeruginosus","Harriers",2019,116,2019-04-26,"Interior",7,0,7
"3462","Marsh harrier","Circus aeruginosus","Harriers",2019,117,2019-04-27,"Coast",15,1,14
"3463","Marsh harrier","Circus aeruginosus","Harriers",2019,118,2019-04-28,"Coast",5,0,5
"3464","Marsh harrier","Circus aeruginosus","Harriers",2019,118,2019-04-28,"Foothills",2,0,2
"3465","Marsh harrier","Circus aeruginosus","Harriers",2019,119,2019-04-29,"Coast",1,0,1
"3466","Marsh harrier","Circus aeruginosus","Harriers",2019,119,2019-04-29,"Foothills",1,0,1
"3467","Marsh harrier","Circus aeruginosus","Harriers",2019,120,2019-04-30,"Coast",12,0,12
"3468","Marsh harrier","Circus aeruginosus","Harriers",2019,120,2019-04-30,"Foothills",6,0,6
"3469","Marsh harrier","Circus aeruginosus","Harriers",2019,121,2019-05-01,"Coast",4,0,4
"3470","Marsh harrier","Circus aeruginosus","Harriers",2019,121,2019-05-01,"Foothills",6,0,6
"3471","Marsh harrier","Circus aeruginosus","Harriers",2019,122,2019-05-02,"Coast",13,0,13
"3472","Marsh harrier","Circus aeruginosus","Harriers",2019,125,2019-05-05,"Coast",15,1,14
"3473","Marsh harrier","Circus aeruginosus","Harriers",2019,126,2019-05-06,"Coast",4,0,4
"3474","Marsh harrier","Circus aeruginosus","Harriers",2019,127,2019-05-07,"Coast",3,0,3
"3475","Marsh harrier","Circus aeruginosus","Harriers",2019,127,2019-05-07,"Foothills",1,0,1
"3476","Marsh harrier","Circus aeruginosus","Harriers",2019,127,2019-05-07,"Interior",1,0,1
"3477","Marsh harrier","Circus aeruginosus","Harriers",2019,128,2019-05-08,"Coast",6,1,5
"3478","Marsh harrier","Circus aeruginosus","Harriers",2019,129,2019-05-09,"Coast",5,0,5
"3479","Marsh harrier","Circus aeruginosus","Harriers",2019,130,2019-05-10,"Coast",13,0,13
"3480","Marsh harrier","Circus aeruginosus","Harriers",2019,130,2019-05-10,"Foothills",2,0,2
"3481","Marsh harrier","Circus aeruginosus","Harriers",2019,131,2019-05-11,"Coast",3,0,3
"3482","Marsh harrier","Circus aeruginosus","Harriers",2019,132,2019-05-12,"Coast",1,0,1
"3483","Marsh harrier","Circus aeruginosus","Harriers",2019,132,2019-05-12,"Interior",1,0,1
"3484","Marsh harrier","Circus aeruginosus","Harriers",2019,133,2019-05-13,"Coast",17,0,17
"3485","Marsh harrier","Circus aeruginosus","Harriers",2019,134,2019-05-14,"Coast",6,0,6
"3486","Marsh harrier","Circus aeruginosus","Harriers",2019,134,2019-05-14,"Foothills",1,0,1
"3487","Marsh harrier","Circus aeruginosus","Harriers",2019,135,2019-05-15,"Coast",2,0,2
"3488","Marsh harrier","Circus aeruginosus","Harriers",2019,137,2019-05-17,"Coast",6,0,6
"3489","Marsh harrier","Circus aeruginosus","Harriers",2019,137,2019-05-17,"Foothills",2,0,2
"3490","Marsh harrier","Circus aeruginosus","Harriers",2019,139,2019-05-19,"Coast",3,0,3
"3491","Marsh harrier","Circus aeruginosus","Harriers",2019,139,2019-05-19,"Foothills",2,0,2
"3492","Marsh harrier","Circus aeruginosus","Harriers",2019,139,2019-05-19,"Interior",1,0,1
"3493","Marsh harrier","Circus aeruginosus","Harriers",2019,140,2019-05-20,"Coast",4,0,4
"3494","Marsh harrier","Circus aeruginosus","Harriers",2019,140,2019-05-20,"Foothills",1,0,1
"3495","Marsh harrier","Circus aeruginosus","Harriers",2019,141,2019-05-21,"Coast",1,0,1
"3496","Marsh harrier","Circus aeruginosus","Harriers",2019,144,2019-05-24,"Coast",3,0,3
"3497","Marsh harrier","Circus aeruginosus","Harriers",2019,144,2019-05-24,"Interior",2,0,2
"3498","Marsh harrier","Circus aeruginosus","Harriers",2019,147,2019-05-27,"Coast",2,0,2
"3499","Marsh harrier","Circus aeruginosus","Harriers",2019,148,2019-05-28,"Coast",1,0,1
"3500","Marsh harrier","Circus aeruginosus","Harriers",2019,150,2019-05-30,"Foothills",1,0,1
"3501","Marsh harrier","Circus aeruginosus","Harriers",2020,64,2020-03-04,"Coast",1,0,1
"3502","Marsh harrier","Circus aeruginosus","Harriers",2020,65,2020-03-05,"Foothills",1,0,1
"3503","Marsh harrier","Circus aeruginosus","Harriers",2020,66,2020-03-06,"Foothills",2,0,2
"3504","Marsh harrier","Circus aeruginosus","Harriers",2020,70,2020-03-10,"Foothills",1,0,1
"3505","Marsh harrier","Circus aeruginosus","Harriers",2020,71,2020-03-11,"Coast",3,0,3
"3506","Marsh harrier","Circus aeruginosus","Harriers",2020,71,2020-03-11,"Foothills",5,0,5
"3507","Marsh harrier","Circus aeruginosus","Harriers",2020,71,2020-03-11,"Interior",1,0,1
"3508","Marsh harrier","Circus aeruginosus","Harriers",2020,73,2020-03-13,"Coast",7,0,7
"3509","Marsh harrier","Circus aeruginosus","Harriers",2020,73,2020-03-13,"Foothills",1,0,1
"3510","Marsh harrier","Circus aeruginosus","Harriers",2020,73,2020-03-13,"Interior",3,0,3
"3511","Marsh harrier","Circus aeruginosus","Harriers",2020,75,2020-03-15,"Coast",5,0,5
"3512","Marsh harrier","Circus aeruginosus","Harriers",2020,75,2020-03-15,"Foothills",1,0,1
"3513","Marsh harrier","Circus aeruginosus","Harriers",2020,77,2020-03-17,"Coast",17,0,17
"3514","Marsh harrier","Circus aeruginosus","Harriers",2020,78,2020-03-18,"Coast",1,0,1
"3515","Marsh harrier","Circus aeruginosus","Harriers",2020,79,2020-03-19,"Coast",10,0,10
"3516","Marsh harrier","Circus aeruginosus","Harriers",2020,80,2020-03-20,"Coast",142,0,142
"3517","Marsh harrier","Circus aeruginosus","Harriers",2020,80,2020-03-20,"Foothills",6,0,6
"3518","Marsh harrier","Circus aeruginosus","Harriers",2020,80,2020-03-20,"Interior",2,0,2
"3519","Marsh harrier","Circus aeruginosus","Harriers",2020,81,2020-03-21,"Coast",103,0,103
"3520","Marsh harrier","Circus aeruginosus","Harriers",2020,81,2020-03-21,"Foothills",1,0,1
"3521","Marsh harrier","Circus aeruginosus","Harriers",2020,81,2020-03-21,"Interior",1,0,1
"3522","Marsh harrier","Circus aeruginosus","Harriers",2020,82,2020-03-22,"Coast",186,0,186
"3523","Marsh harrier","Circus aeruginosus","Harriers",2020,82,2020-03-22,"Foothills",40,0,40
"3524","Marsh harrier","Circus aeruginosus","Harriers",2020,82,2020-03-22,"Interior",33,0,33
"3525","Marsh harrier","Circus aeruginosus","Harriers",2020,83,2020-03-23,"Coast",31,0,31
"3526","Marsh harrier","Circus aeruginosus","Harriers",2020,83,2020-03-23,"Foothills",4,0,4
"3527","Marsh harrier","Circus aeruginosus","Harriers",2020,83,2020-03-23,"Interior",25,0,25
"3528","Marsh harrier","Circus aeruginosus","Harriers",2020,84,2020-03-24,"Coast",38,0,38
"3529","Marsh harrier","Circus aeruginosus","Harriers",2020,84,2020-03-24,"Foothills",6,0,6
"3530","Marsh harrier","Circus aeruginosus","Harriers",2020,86,2020-03-26,"Coast",6,0,6
"3531","Marsh harrier","Circus aeruginosus","Harriers",2020,87,2020-03-27,"Coast",8,0,8
"3532","Marsh harrier","Circus aeruginosus","Harriers",2020,87,2020-03-27,"Foothills",2,0,2
"3533","Marsh harrier","Circus aeruginosus","Harriers",2020,87,2020-03-27,"Interior",4,0,4
"3534","Marsh harrier","Circus aeruginosus","Harriers",2020,88,2020-03-28,"Coast",11,0,11
"3535","Marsh harrier","Circus aeruginosus","Harriers",2020,91,2020-03-31,"Coast",95,0,95
"3536","Marsh harrier","Circus aeruginosus","Harriers",2020,91,2020-03-31,"Foothills",53,0,53
"3537","Marsh harrier","Circus aeruginosus","Harriers",2020,91,2020-03-31,"Interior",40,0,40
"3538","Marsh harrier","Circus aeruginosus","Harriers",2020,92,2020-04-01,"Coast",3,0,3
"3539","Marsh harrier","Circus aeruginosus","Harriers",2020,92,2020-04-01,"Foothills",1,0,1
"3540","Marsh harrier","Circus aeruginosus","Harriers",2020,92,2020-04-01,"Interior",2,0,2
"3541","Marsh harrier","Circus aeruginosus","Harriers",2020,93,2020-04-02,"Coast",11,0,11
"3542","Marsh harrier","Circus aeruginosus","Harriers",2020,94,2020-04-03,"Coast",88,0,88
"3543","Marsh harrier","Circus aeruginosus","Harriers",2020,94,2020-04-03,"Foothills",9,0,9
"3544","Marsh harrier","Circus aeruginosus","Harriers",2020,94,2020-04-03,"Interior",6,0,6
"3545","Marsh harrier","Circus aeruginosus","Harriers",2020,95,2020-04-04,"Coast",29,0,29
"3546","Marsh harrier","Circus aeruginosus","Harriers",2020,95,2020-04-04,"Foothills",13,0,13
"3547","Marsh harrier","Circus aeruginosus","Harriers",2020,95,2020-04-04,"Interior",6,0,6
"3548","Marsh harrier","Circus aeruginosus","Harriers",2020,96,2020-04-05,"Coast",22,0,22
"3549","Marsh harrier","Circus aeruginosus","Harriers",2020,96,2020-04-05,"Foothills",6,0,6
"3550","Marsh harrier","Circus aeruginosus","Harriers",2020,96,2020-04-05,"Interior",5,0,5
"3551","Marsh harrier","Circus aeruginosus","Harriers",2020,97,2020-04-06,"Coast",34,2,32
"3552","Marsh harrier","Circus aeruginosus","Harriers",2020,97,2020-04-06,"Foothills",4,0,4
"3553","Marsh harrier","Circus aeruginosus","Harriers",2020,98,2020-04-07,"Coast",1,0,1
"3554","Marsh harrier","Circus aeruginosus","Harriers",2020,99,2020-04-08,"Coast",56,0,56
"3555","Marsh harrier","Circus aeruginosus","Harriers",2020,99,2020-04-08,"Foothills",6,0,6
"3556","Marsh harrier","Circus aeruginosus","Harriers",2020,100,2020-04-09,"Coast",40,0,40
"3557","Marsh harrier","Circus aeruginosus","Harriers",2020,100,2020-04-09,"Foothills",2,0,2
"3558","Marsh harrier","Circus aeruginosus","Harriers",2020,100,2020-04-09,"Interior",1,0,1
"3559","Marsh harrier","Circus aeruginosus","Harriers",2020,101,2020-04-10,"Coast",14,0,14
"3560","Marsh harrier","Circus aeruginosus","Harriers",2020,102,2020-04-11,"Coast",64,0,64
"3561","Marsh harrier","Circus aeruginosus","Harriers",2020,102,2020-04-11,"Foothills",3,0,3
"3562","Marsh harrier","Circus aeruginosus","Harriers",2020,102,2020-04-11,"Interior",4,0,4
"3563","Marsh harrier","Circus aeruginosus","Harriers",2020,104,2020-04-13,"Coast",39,0,39
"3564","Marsh harrier","Circus aeruginosus","Harriers",2020,104,2020-04-13,"Foothills",8,0,8
"3565","Marsh harrier","Circus aeruginosus","Harriers",2020,104,2020-04-13,"Interior",7,0,7
"3566","Marsh harrier","Circus aeruginosus","Harriers",2020,105,2020-04-14,"Coast",23,0,23
"3567","Marsh harrier","Circus aeruginosus","Harriers",2020,105,2020-04-14,"Interior",3,0,3
"3568","Marsh harrier","Circus aeruginosus","Harriers",2020,106,2020-04-15,"Coast",7,0,7
"3569","Marsh harrier","Circus aeruginosus","Harriers",2020,106,2020-04-15,"Foothills",1,0,1
"3570","Marsh harrier","Circus aeruginosus","Harriers",2020,106,2020-04-15,"Interior",1,0,1
"3571","Marsh harrier","Circus aeruginosus","Harriers",2020,107,2020-04-16,"Coast",1,0,1
"3572","Marsh harrier","Circus aeruginosus","Harriers",2020,108,2020-04-17,"Coast",56,0,56
"3573","Marsh harrier","Circus aeruginosus","Harriers",2020,108,2020-04-17,"Foothills",3,0,3
"3574","Marsh harrier","Circus aeruginosus","Harriers",2020,108,2020-04-17,"Interior",3,0,3
"3575","Marsh harrier","Circus aeruginosus","Harriers",2020,109,2020-04-18,"Coast",6,0,6
"3576","Marsh harrier","Circus aeruginosus","Harriers",2020,109,2020-04-18,"Foothills",7,0,7
"3577","Marsh harrier","Circus aeruginosus","Harriers",2020,110,2020-04-19,"Coast",12,0,12
"3578","Marsh harrier","Circus aeruginosus","Harriers",2020,110,2020-04-19,"Foothills",3,0,3
"3579","Marsh harrier","Circus aeruginosus","Harriers",2020,110,2020-04-19,"Interior",4,0,4
"3580","Marsh harrier","Circus aeruginosus","Harriers",2020,111,2020-04-20,"Coast",4,1,3
"3581","Marsh harrier","Circus aeruginosus","Harriers",2020,111,2020-04-20,"Interior",1,0,1
"3582","Marsh harrier","Circus aeruginosus","Harriers",2020,113,2020-04-22,"Coast",1,0,1
"3583","Marsh harrier","Circus aeruginosus","Harriers",2020,114,2020-04-23,"Coast",95,0,95
"3584","Marsh harrier","Circus aeruginosus","Harriers",2020,114,2020-04-23,"Foothills",2,0,2
"3585","Marsh harrier","Circus aeruginosus","Harriers",2020,115,2020-04-24,"Coast",105,0,105
"3586","Marsh harrier","Circus aeruginosus","Harriers",2020,115,2020-04-24,"Foothills",2,0,2
"3587","Marsh harrier","Circus aeruginosus","Harriers",2020,115,2020-04-24,"Interior",2,0,2
"3588","Marsh harrier","Circus aeruginosus","Harriers",2020,116,2020-04-25,"Coast",15,0,15
"3589","Marsh harrier","Circus aeruginosus","Harriers",2020,116,2020-04-25,"Foothills",1,0,1
"3590","Marsh harrier","Circus aeruginosus","Harriers",2020,117,2020-04-26,"Coast",45,0,45
"3591","Marsh harrier","Circus aeruginosus","Harriers",2020,117,2020-04-26,"Foothills",1,0,1
"3592","Marsh harrier","Circus aeruginosus","Harriers",2020,117,2020-04-26,"Interior",4,0,4
"3593","Marsh harrier","Circus aeruginosus","Harriers",2020,118,2020-04-27,"Coast",12,0,12
"3594","Marsh harrier","Circus aeruginosus","Harriers",2020,118,2020-04-27,"Foothills",5,0,5
"3595","Marsh harrier","Circus aeruginosus","Harriers",2020,118,2020-04-27,"Interior",2,0,2
"3596","Marsh harrier","Circus aeruginosus","Harriers",2020,119,2020-04-28,"Coast",3,0,3
"3597","Marsh harrier","Circus aeruginosus","Harriers",2020,119,2020-04-28,"Foothills",6,0,6
"3598","Marsh harrier","Circus aeruginosus","Harriers",2020,120,2020-04-29,"Coast",21,0,21
"3599","Marsh harrier","Circus aeruginosus","Harriers",2020,120,2020-04-29,"Foothills",12,0,12
"3600","Marsh harrier","Circus aeruginosus","Harriers",2020,121,2020-04-30,"Coast",14,0,14
"3601","Marsh harrier","Circus aeruginosus","Harriers",2020,121,2020-04-30,"Foothills",2,0,2
"3602","Marsh harrier","Circus aeruginosus","Harriers",2020,122,2020-05-01,"Coast",12,1,11
"3603","Marsh harrier","Circus aeruginosus","Harriers",2020,122,2020-05-01,"Foothills",8,0,8
"3604","Marsh harrier","Circus aeruginosus","Harriers",2020,122,2020-05-01,"Interior",1,0,1
"3605","Marsh harrier","Circus aeruginosus","Harriers",2020,123,2020-05-02,"Coast",6,0,6
"3606","Marsh harrier","Circus aeruginosus","Harriers",2020,123,2020-05-02,"Foothills",1,0,1
"3607","Marsh harrier","Circus aeruginosus","Harriers",2020,124,2020-05-03,"Coast",15,0,15
"3608","Marsh harrier","Circus aeruginosus","Harriers",2020,124,2020-05-03,"Foothills",4,0,4
"3609","Marsh harrier","Circus aeruginosus","Harriers",2020,124,2020-05-03,"Interior",6,0,6
"3610","Marsh harrier","Circus aeruginosus","Harriers",2020,125,2020-05-04,"Coast",12,1,11
"3611","Marsh harrier","Circus aeruginosus","Harriers",2020,125,2020-05-04,"Foothills",3,0,3
"3612","Marsh harrier","Circus aeruginosus","Harriers",2020,125,2020-05-04,"Interior",3,0,3
"3613","Marsh harrier","Circus aeruginosus","Harriers",2020,130,2020-05-09,"Coast",38,0,38
"3614","Marsh harrier","Circus aeruginosus","Harriers",2020,130,2020-05-09,"Foothills",4,0,4
"3615","Marsh harrier","Circus aeruginosus","Harriers",2020,131,2020-05-10,"Coast",6,0,6
"3616","Marsh harrier","Circus aeruginosus","Harriers",2020,131,2020-05-10,"Foothills",4,0,4
"3617","Marsh harrier","Circus aeruginosus","Harriers",2020,132,2020-05-11,"Coast",3,1,2
"3618","Marsh harrier","Circus aeruginosus","Harriers",2020,132,2020-05-11,"Foothills",1,0,1
"3619","Marsh harrier","Circus aeruginosus","Harriers",2020,133,2020-05-12,"Coast",1,0,1
"3620","Marsh harrier","Circus aeruginosus","Harriers",2020,134,2020-05-13,"Coast",12,0,12
"3621","Marsh harrier","Circus aeruginosus","Harriers",2020,134,2020-05-13,"Foothills",3,0,3
"3622","Marsh harrier","Circus aeruginosus","Harriers",2020,135,2020-05-14,"Coast",6,0,6
"3623","Marsh harrier","Circus aeruginosus","Harriers",2020,136,2020-05-15,"Coast",3,0,3
"3624","Marsh harrier","Circus aeruginosus","Harriers",2020,137,2020-05-16,"Coast",1,0,1
"3625","Marsh harrier","Circus aeruginosus","Harriers",2020,137,2020-05-16,"Foothills",1,0,1
"3626","Marsh harrier","Circus aeruginosus","Harriers",2020,138,2020-05-17,"Coast",1,0,1
"3627","Marsh harrier","Circus aeruginosus","Harriers",2020,138,2020-05-17,"Foothills",1,0,1
"3628","Marsh harrier","Circus aeruginosus","Harriers",2020,140,2020-05-19,"Coast",2,0,2
"3629","Marsh harrier","Circus aeruginosus","Harriers",2020,141,2020-05-20,"Coast",2,0,2
"3630","Marsh harrier","Circus aeruginosus","Harriers",2020,141,2020-05-20,"Interior",1,0,1
"3631","Marsh harrier","Circus aeruginosus","Harriers",2020,143,2020-05-22,"Coast",1,0,1
"3632","Marsh harrier","Circus aeruginosus","Harriers",2020,143,2020-05-22,"Foothills",1,0,1
"3633","Marsh harrier","Circus aeruginosus","Harriers",2020,144,2020-05-23,"Coast",1,0,1
"3634","Marsh harrier","Circus aeruginosus","Harriers",2022,61,2022-03-02,"Coast",0,1,-1
"3635","Marsh harrier","Circus aeruginosus","Harriers",2022,65,2022-03-06,"Coast",0,1,-1
"3636","Marsh harrier","Circus aeruginosus","Harriers",2022,68,2022-03-09,"Coast",1,0,1
"3637","Marsh harrier","Circus aeruginosus","Harriers",2022,69,2022-03-10,"Coast",10,0,10
"3638","Marsh harrier","Circus aeruginosus","Harriers",2022,73,2022-03-14,"Coast",10,0,10
"3639","Marsh harrier","Circus aeruginosus","Harriers",2022,77,2022-03-18,"Coast",57,0,57
"3640","Marsh harrier","Circus aeruginosus","Harriers",2022,79,2022-03-20,"Coast",14,0,14
"3641","Marsh harrier","Circus aeruginosus","Harriers",2022,80,2022-03-21,"Coast",46,0,46
"3642","Marsh harrier","Circus aeruginosus","Harriers",2022,80,2022-03-21,"Foothills",1,0,1
"3643","Marsh harrier","Circus aeruginosus","Harriers",2022,81,2022-03-22,"Coast",42,0,42
"3644","Marsh harrier","Circus aeruginosus","Harriers",2022,81,2022-03-22,"Foothills",1,0,1
"3645","Marsh harrier","Circus aeruginosus","Harriers",2022,82,2022-03-23,"Coast",88,0,88
"3646","Marsh harrier","Circus aeruginosus","Harriers",2022,82,2022-03-23,"Foothills",1,0,1
"3647","Marsh harrier","Circus aeruginosus","Harriers",2022,83,2022-03-24,"Coast",24,0,24
"3648","Marsh harrier","Circus aeruginosus","Harriers",2022,84,2022-03-25,"Coast",154,0,154
"3649","Marsh harrier","Circus aeruginosus","Harriers",2022,84,2022-03-25,"Foothills",2,0,2
"3650","Marsh harrier","Circus aeruginosus","Harriers",2022,85,2022-03-26,"Coast",22,0,22
"3651","Marsh harrier","Circus aeruginosus","Harriers",2022,86,2022-03-27,"Coast",155,0,155
"3652","Marsh harrier","Circus aeruginosus","Harriers",2022,86,2022-03-27,"Foothills",20,0,20
"3653","Marsh harrier","Circus aeruginosus","Harriers",2022,86,2022-03-27,"Interior",13,0,13
"3654","Marsh harrier","Circus aeruginosus","Harriers",2022,87,2022-03-28,"Coast",88,1,87
"3655","Marsh harrier","Circus aeruginosus","Harriers",2022,87,2022-03-28,"Foothills",4,0,4
"3656","Marsh harrier","Circus aeruginosus","Harriers",2022,87,2022-03-28,"Interior",1,0,1
"3657","Marsh harrier","Circus aeruginosus","Harriers",2022,88,2022-03-29,"Coast",34,0,34
"3658","Marsh harrier","Circus aeruginosus","Harriers",2022,88,2022-03-29,"Foothills",10,0,10
"3659","Marsh harrier","Circus aeruginosus","Harriers",2022,88,2022-03-29,"Interior",9,0,9
"3660","Marsh harrier","Circus aeruginosus","Harriers",2022,89,2022-03-30,"Coast",29,0,29
"3661","Marsh harrier","Circus aeruginosus","Harriers",2022,89,2022-03-30,"Foothills",5,0,5
"3662","Marsh harrier","Circus aeruginosus","Harriers",2022,89,2022-03-30,"Interior",7,0,7
"3663","Marsh harrier","Circus aeruginosus","Harriers",2022,90,2022-03-31,"Coast",32,0,32
"3664","Marsh harrier","Circus aeruginosus","Harriers",2022,90,2022-03-31,"Foothills",13,0,13
"3665","Marsh harrier","Circus aeruginosus","Harriers",2022,90,2022-03-31,"Interior",6,0,6
"3666","Marsh harrier","Circus aeruginosus","Harriers",2022,91,2022-04-01,"Coast",85,0,85
"3667","Marsh harrier","Circus aeruginosus","Harriers",2022,91,2022-04-01,"Foothills",26,0,26
"3668","Marsh harrier","Circus aeruginosus","Harriers",2022,91,2022-04-01,"Interior",13,0,13
"3669","Marsh harrier","Circus aeruginosus","Harriers",2022,92,2022-04-02,"Coast",23,0,23
"3670","Marsh harrier","Circus aeruginosus","Harriers",2022,92,2022-04-02,"Foothills",2,0,2
"3671","Marsh harrier","Circus aeruginosus","Harriers",2022,92,2022-04-02,"Interior",10,0,10
"3672","Marsh harrier","Circus aeruginosus","Harriers",2022,93,2022-04-03,"Coast",46,0,46
"3673","Marsh harrier","Circus aeruginosus","Harriers",2022,93,2022-04-03,"Foothills",8,0,8
"3674","Marsh harrier","Circus aeruginosus","Harriers",2022,93,2022-04-03,"Interior",4,0,4
"3675","Marsh harrier","Circus aeruginosus","Harriers",2022,94,2022-04-04,"Coast",63,0,63
"3676","Marsh harrier","Circus aeruginosus","Harriers",2022,94,2022-04-04,"Foothills",14,0,14
"3677","Marsh harrier","Circus aeruginosus","Harriers",2022,94,2022-04-04,"Interior",7,0,7
"3678","Marsh harrier","Circus aeruginosus","Harriers",2022,95,2022-04-05,"Coast",9,0,9
"3679","Marsh harrier","Circus aeruginosus","Harriers",2022,95,2022-04-05,"Foothills",3,0,3
"3680","Marsh harrier","Circus aeruginosus","Harriers",2022,95,2022-04-05,"Interior",2,0,2
"3681","Marsh harrier","Circus aeruginosus","Harriers",2022,96,2022-04-06,"Coast",98,0,98
"3682","Marsh harrier","Circus aeruginosus","Harriers",2022,96,2022-04-06,"Foothills",6,0,6
"3683","Marsh harrier","Circus aeruginosus","Harriers",2022,96,2022-04-06,"Interior",9,0,9
"3684","Marsh harrier","Circus aeruginosus","Harriers",2022,97,2022-04-07,"Coast",16,1,15
"3685","Marsh harrier","Circus aeruginosus","Harriers",2022,97,2022-04-07,"Foothills",1,0,1
"3686","Marsh harrier","Circus aeruginosus","Harriers",2022,98,2022-04-08,"Coast",11,0,11
"3687","Marsh harrier","Circus aeruginosus","Harriers",2022,98,2022-04-08,"Foothills",2,0,2
"3688","Marsh harrier","Circus aeruginosus","Harriers",2022,98,2022-04-08,"Interior",1,0,1
"3689","Marsh harrier","Circus aeruginosus","Harriers",2022,99,2022-04-09,"Coast",35,1,34
"3690","Marsh harrier","Circus aeruginosus","Harriers",2022,99,2022-04-09,"Foothills",10,0,10
"3691","Marsh harrier","Circus aeruginosus","Harriers",2022,99,2022-04-09,"Interior",11,0,11
"3692","Marsh harrier","Circus aeruginosus","Harriers",2022,100,2022-04-10,"Coast",11,1,10
"3693","Marsh harrier","Circus aeruginosus","Harriers",2022,100,2022-04-10,"Foothills",4,0,4
"3694","Marsh harrier","Circus aeruginosus","Harriers",2022,100,2022-04-10,"Interior",1,0,1
"3695","Marsh harrier","Circus aeruginosus","Harriers",2022,101,2022-04-11,"Coast",4,0,4
"3696","Marsh harrier","Circus aeruginosus","Harriers",2022,101,2022-04-11,"Interior",4,0,4
"3697","Marsh harrier","Circus aeruginosus","Harriers",2022,103,2022-04-13,"Coast",2,0,2
"3698","Marsh harrier","Circus aeruginosus","Harriers",2022,104,2022-04-14,"Coast",38,1,37
"3699","Marsh harrier","Circus aeruginosus","Harriers",2022,104,2022-04-14,"Foothills",11,0,11
"3700","Marsh harrier","Circus aeruginosus","Harriers",2022,104,2022-04-14,"Interior",12,0,12
"3701","Marsh harrier","Circus aeruginosus","Harriers",2022,105,2022-04-15,"Coast",77,0,77
"3702","Marsh harrier","Circus aeruginosus","Harriers",2022,105,2022-04-15,"Foothills",18,0,18
"3703","Marsh harrier","Circus aeruginosus","Harriers",2022,105,2022-04-15,"Interior",18,0,18
"3704","Marsh harrier","Circus aeruginosus","Harriers",2022,106,2022-04-16,"Coast",34,0,34
"3705","Marsh harrier","Circus aeruginosus","Harriers",2022,106,2022-04-16,"Foothills",0,1,-1
"3706","Marsh harrier","Circus aeruginosus","Harriers",2022,106,2022-04-16,"Interior",6,0,6
"3707","Marsh harrier","Circus aeruginosus","Harriers",2022,107,2022-04-17,"Coast",11,0,11
"3708","Marsh harrier","Circus aeruginosus","Harriers",2022,107,2022-04-17,"Foothills",4,0,4
"3709","Marsh harrier","Circus aeruginosus","Harriers",2022,107,2022-04-17,"Interior",6,0,6
"3710","Marsh harrier","Circus aeruginosus","Harriers",2022,108,2022-04-18,"Coast",26,0,26
"3711","Marsh harrier","Circus aeruginosus","Harriers",2022,108,2022-04-18,"Foothills",3,0,3
"3712","Marsh harrier","Circus aeruginosus","Harriers",2022,108,2022-04-18,"Interior",9,0,9
"3713","Marsh harrier","Circus aeruginosus","Harriers",2022,109,2022-04-19,"Coast",6,0,6
"3714","Marsh harrier","Circus aeruginosus","Harriers",2022,109,2022-04-19,"Foothills",1,0,1
"3715","Marsh harrier","Circus aeruginosus","Harriers",2022,111,2022-04-21,"Coast",55,0,55
"3716","Marsh harrier","Circus aeruginosus","Harriers",2022,111,2022-04-21,"Foothills",11,0,11
"3717","Marsh harrier","Circus aeruginosus","Harriers",2022,111,2022-04-21,"Interior",10,0,10
"3718","Marsh harrier","Circus aeruginosus","Harriers",2022,113,2022-04-23,"Coast",20,0,20
"3719","Marsh harrier","Circus aeruginosus","Harriers",2022,113,2022-04-23,"Foothills",3,0,3
"3720","Marsh harrier","Circus aeruginosus","Harriers",2022,113,2022-04-23,"Interior",6,0,6
"3721","Marsh harrier","Circus aeruginosus","Harriers",2022,114,2022-04-24,"Coast",21,0,21
"3722","Marsh harrier","Circus aeruginosus","Harriers",2022,114,2022-04-24,"Foothills",3,0,3
"3723","Marsh harrier","Circus aeruginosus","Harriers",2022,114,2022-04-24,"Interior",5,0,5
"3724","Marsh harrier","Circus aeruginosus","Harriers",2022,115,2022-04-25,"Coast",38,0,38
"3725","Marsh harrier","Circus aeruginosus","Harriers",2022,115,2022-04-25,"Foothills",6,0,6
"3726","Marsh harrier","Circus aeruginosus","Harriers",2022,115,2022-04-25,"Interior",7,0,7
"3727","Marsh harrier","Circus aeruginosus","Harriers",2022,116,2022-04-26,"Coast",20,0,20
"3728","Marsh harrier","Circus aeruginosus","Harriers",2022,116,2022-04-26,"Foothills",8,0,8
"3729","Marsh harrier","Circus aeruginosus","Harriers",2022,116,2022-04-26,"Interior",7,0,7
"3730","Marsh harrier","Circus aeruginosus","Harriers",2022,117,2022-04-27,"Coast",16,0,16
"3731","Marsh harrier","Circus aeruginosus","Harriers",2022,117,2022-04-27,"Foothills",6,0,6
"3732","Marsh harrier","Circus aeruginosus","Harriers",2022,117,2022-04-27,"Interior",5,0,5
"3733","Marsh harrier","Circus aeruginosus","Harriers",2022,118,2022-04-28,"Coast",27,0,27
"3734","Marsh harrier","Circus aeruginosus","Harriers",2022,118,2022-04-28,"Foothills",4,0,4
"3735","Marsh harrier","Circus aeruginosus","Harriers",2022,118,2022-04-28,"Interior",11,0,11
"3736","Marsh harrier","Circus aeruginosus","Harriers",2022,119,2022-04-29,"Coast",8,0,8
"3737","Marsh harrier","Circus aeruginosus","Harriers",2022,119,2022-04-29,"Foothills",2,0,2
"3738","Marsh harrier","Circus aeruginosus","Harriers",2022,123,2022-05-03,"Coast",39,0,39
"3739","Marsh harrier","Circus aeruginosus","Harriers",2022,123,2022-05-03,"Foothills",1,0,1
"3740","Marsh harrier","Circus aeruginosus","Harriers",2022,124,2022-05-04,"Coast",3,0,3
"3741","Marsh harrier","Circus aeruginosus","Harriers",2022,124,2022-05-04,"Foothills",1,0,1
"3742","Marsh harrier","Circus aeruginosus","Harriers",2022,126,2022-05-06,"Coast",32,0,32
"3743","Marsh harrier","Circus aeruginosus","Harriers",2022,126,2022-05-06,"Foothills",4,0,4
"3744","Marsh harrier","Circus aeruginosus","Harriers",2022,126,2022-05-06,"Interior",1,0,1
"3745","Marsh harrier","Circus aeruginosus","Harriers",2022,127,2022-05-07,"Coast",1,0,1
"3746","Marsh harrier","Circus aeruginosus","Harriers",2022,128,2022-05-08,"Coast",42,0,42
"3747","Marsh harrier","Circus aeruginosus","Harriers",2022,128,2022-05-08,"Foothills",4,0,4
"3748","Marsh harrier","Circus aeruginosus","Harriers",2022,128,2022-05-08,"Interior",1,0,1
"3749","Marsh harrier","Circus aeruginosus","Harriers",2022,129,2022-05-09,"Coast",26,0,26
"3750","Marsh harrier","Circus aeruginosus","Harriers",2022,130,2022-05-10,"Coast",53,1,52
"3751","Marsh harrier","Circus aeruginosus","Harriers",2022,130,2022-05-10,"Foothills",2,0,2
"3752","Marsh harrier","Circus aeruginosus","Harriers",2022,131,2022-05-11,"Coast",19,0,19
"3753","Marsh harrier","Circus aeruginosus","Harriers",2022,131,2022-05-11,"Foothills",4,0,4
"3754","Marsh harrier","Circus aeruginosus","Harriers",2022,131,2022-05-11,"Interior",2,0,2
"3755","Marsh harrier","Circus aeruginosus","Harriers",2022,132,2022-05-12,"Coast",20,0,20
"3756","Marsh harrier","Circus aeruginosus","Harriers",2022,132,2022-05-12,"Foothills",1,0,1
"3757","Marsh harrier","Circus aeruginosus","Harriers",2022,134,2022-05-14,"Coast",4,0,4
"3758","Marsh harrier","Circus aeruginosus","Harriers",2022,134,2022-05-14,"Foothills",2,0,2
"3759","Marsh harrier","Circus aeruginosus","Harriers",2022,134,2022-05-14,"Interior",3,0,3
"3760","Marsh harrier","Circus aeruginosus","Harriers",2022,135,2022-05-15,"Coast",9,0,9
"3761","Marsh harrier","Circus aeruginosus","Harriers",2022,135,2022-05-15,"Foothills",1,0,1
"3762","Marsh harrier","Circus aeruginosus","Harriers",2022,135,2022-05-15,"Interior",2,0,2
"3763","Marsh harrier","Circus aeruginosus","Harriers",2022,136,2022-05-16,"Foothills",1,0,1
"3764","Marsh harrier","Circus aeruginosus","Harriers",2022,137,2022-05-17,"Interior",1,0,1
"3765","Marsh harrier","Circus aeruginosus","Harriers",2022,138,2022-05-18,"Coast",2,0,2
"3766","Marsh harrier","Circus aeruginosus","Harriers",2022,138,2022-05-18,"Interior",2,0,2
"3767","Marsh harrier","Circus aeruginosus","Harriers",2022,141,2022-05-21,"Coast",2,0,2
"3768","Marsh harrier","Circus aeruginosus","Harriers",2022,141,2022-05-21,"Foothills",2,0,2
"3769","Marsh harrier","Circus aeruginosus","Harriers",2022,141,2022-05-21,"Interior",1,0,1
"3770","Marsh harrier","Circus aeruginosus","Harriers",2022,145,2022-05-25,"Coast",1,0,1
"3771","Marsh harrier","Circus aeruginosus","Harriers",2022,145,2022-05-25,"Foothills",1,0,1
"3772","Marsh harrier","Circus aeruginosus","Harriers",2022,145,2022-05-25,"Interior",1,0,1
"3773","Marsh harrier","Circus aeruginosus","Harriers",2022,146,2022-05-26,"Foothills",1,0,1
"3774","Merlin","Falco columbarius","Falcons",2019,95,2019-04-05,"Foothills",1,0,1
"3775","Merlin","Falco columbarius","Falcons",2019,110,2019-04-20,"Coast",1,0,1
"3776","Merlin","Falco columbarius","Falcons",2019,114,2019-04-24,"Coast",1,0,1
"3777","Merlin","Falco columbarius","Falcons",2019,115,2019-04-25,"Coast",1,0,1
"3778","Merlin","Falco columbarius","Falcons",2019,116,2019-04-26,"Foothills",1,0,1
"3779","Merlin","Falco columbarius","Falcons",2019,129,2019-05-09,"Coast",1,0,1
"3780","Merlin","Falco columbarius","Falcons",2019,133,2019-05-13,"Coast",1,0,1
"3781","Merlin","Falco columbarius","Falcons",2019,140,2019-05-20,"Coast",1,0,1
"3782","Merlin","Falco columbarius","Falcons",2020,70,2020-03-10,"Coast",1,0,1
"3783","Merlin","Falco columbarius","Falcons",2020,83,2020-03-23,"Coast",1,0,1
"3784","Merlin","Falco columbarius","Falcons",2020,95,2020-04-04,"Coast",1,0,1
"3785","Merlin","Falco columbarius","Falcons",2020,114,2020-04-23,"Coast",1,0,1
"3786","Merlin","Falco columbarius","Falcons",2020,115,2020-04-24,"Coast",1,0,1
"3787","Merlin","Falco columbarius","Falcons",2022,98,2022-04-08,"Coast",1,0,1
"3788","Merlin","Falco columbarius","Falcons",2022,113,2022-04-23,"Foothills",1,0,1
"3789","Merlin","Falco columbarius","Falcons",2022,115,2022-04-25,"Coast",1,0,1
"3790","Merlin","Falco columbarius","Falcons",2022,128,2022-05-08,"Coast",1,0,1
"3791","Montagu's harrier","Circus pygargus","Harriers",2019,95,2019-04-05,"Coast",1,0,1
"3792","Montagu's harrier","Circus pygargus","Harriers",2019,102,2019-04-12,"Coast",1,0,1
"3793","Montagu's harrier","Circus pygargus","Harriers",2019,104,2019-04-14,"Coast",1,0,1
"3794","Montagu's harrier","Circus pygargus","Harriers",2019,105,2019-04-15,"Coast",3,0,3
"3795","Montagu's harrier","Circus pygargus","Harriers",2019,108,2019-04-18,"Coast",8,0,8
"3796","Montagu's harrier","Circus pygargus","Harriers",2019,110,2019-04-20,"Coast",10,0,10
"3797","Montagu's harrier","Circus pygargus","Harriers",2019,110,2019-04-20,"Foothills",1,0,1
"3798","Montagu's harrier","Circus pygargus","Harriers",2019,111,2019-04-21,"Coast",1,0,1
"3799","Montagu's harrier","Circus pygargus","Harriers",2019,112,2019-04-22,"Foothills",1,0,1
"3800","Montagu's harrier","Circus pygargus","Harriers",2019,113,2019-04-23,"Coast",5,0,5
"3801","Montagu's harrier","Circus pygargus","Harriers",2019,114,2019-04-24,"Coast",5,0,5
"3802","Montagu's harrier","Circus pygargus","Harriers",2019,114,2019-04-24,"Foothills",5,0,5
"3803","Montagu's harrier","Circus pygargus","Harriers",2019,115,2019-04-25,"Coast",6,0,6
"3804","Montagu's harrier","Circus pygargus","Harriers",2019,115,2019-04-25,"Foothills",1,0,1
"3805","Montagu's harrier","Circus pygargus","Harriers",2019,118,2019-04-28,"Coast",1,0,1
"3806","Montagu's harrier","Circus pygargus","Harriers",2019,120,2019-04-30,"Foothills",2,0,2
"3807","Montagu's harrier","Circus pygargus","Harriers",2019,121,2019-05-01,"Coast",2,0,2
"3808","Montagu's harrier","Circus pygargus","Harriers",2019,130,2019-05-10,"Foothills",1,0,1
"3809","Montagu's harrier","Circus pygargus","Harriers",2019,131,2019-05-11,"Coast",1,0,1
"3810","Montagu's harrier","Circus pygargus","Harriers",2020,94,2020-04-03,"Coast",1,0,1
"3811","Montagu's harrier","Circus pygargus","Harriers",2020,97,2020-04-06,"Coast",2,0,2
"3812","Montagu's harrier","Circus pygargus","Harriers",2020,97,2020-04-06,"Foothills",1,0,1
"3813","Montagu's harrier","Circus pygargus","Harriers",2020,99,2020-04-08,"Coast",3,0,3
"3814","Montagu's harrier","Circus pygargus","Harriers",2020,101,2020-04-10,"Coast",3,0,3
"3815","Montagu's harrier","Circus pygargus","Harriers",2020,102,2020-04-11,"Coast",13,1,12
"3816","Montagu's harrier","Circus pygargus","Harriers",2020,102,2020-04-11,"Foothills",2,0,2
"3817","Montagu's harrier","Circus pygargus","Harriers",2020,102,2020-04-11,"Interior",1,0,1
"3818","Montagu's harrier","Circus pygargus","Harriers",2020,104,2020-04-13,"Coast",3,0,3
"3819","Montagu's harrier","Circus pygargus","Harriers",2020,108,2020-04-17,"Coast",2,0,2
"3820","Montagu's harrier","Circus pygargus","Harriers",2020,108,2020-04-17,"Foothills",1,0,1
"3821","Montagu's harrier","Circus pygargus","Harriers",2020,109,2020-04-18,"Coast",1,0,1
"3822","Montagu's harrier","Circus pygargus","Harriers",2020,110,2020-04-19,"Coast",1,0,1
"3823","Montagu's harrier","Circus pygargus","Harriers",2020,111,2020-04-20,"Coast",1,0,1
"3824","Montagu's harrier","Circus pygargus","Harriers",2020,114,2020-04-23,"Coast",76,0,76
"3825","Montagu's harrier","Circus pygargus","Harriers",2020,114,2020-04-23,"Foothills",2,0,2
"3826","Montagu's harrier","Circus pygargus","Harriers",2020,115,2020-04-24,"Coast",27,0,27
"3827","Montagu's harrier","Circus pygargus","Harriers",2020,116,2020-04-25,"Coast",1,0,1
"3828","Montagu's harrier","Circus pygargus","Harriers",2020,117,2020-04-26,"Coast",3,0,3
"3829","Montagu's harrier","Circus pygargus","Harriers",2020,118,2020-04-27,"Coast",2,0,2
"3830","Montagu's harrier","Circus pygargus","Harriers",2020,119,2020-04-28,"Coast",2,0,2
"3831","Montagu's harrier","Circus pygargus","Harriers",2020,119,2020-04-28,"Foothills",1,0,1
"3832","Montagu's harrier","Circus pygargus","Harriers",2020,120,2020-04-29,"Coast",3,0,3
"3833","Montagu's harrier","Circus pygargus","Harriers",2020,121,2020-04-30,"Coast",2,0,2
"3834","Montagu's harrier","Circus pygargus","Harriers",2020,121,2020-04-30,"Foothills",1,0,1
"3835","Montagu's harrier","Circus pygargus","Harriers",2020,123,2020-05-02,"Coast",1,0,1
"3836","Montagu's harrier","Circus pygargus","Harriers",2020,124,2020-05-03,"Coast",3,0,3
"3837","Montagu's harrier","Circus pygargus","Harriers",2020,124,2020-05-03,"Foothills",1,0,1
"3838","Montagu's harrier","Circus pygargus","Harriers",2020,130,2020-05-09,"Coast",4,0,4
"3839","Montagu's harrier","Circus pygargus","Harriers",2020,130,2020-05-09,"Foothills",1,0,1
"3840","Montagu's harrier","Circus pygargus","Harriers",2020,131,2020-05-10,"Coast",1,0,1
"3841","Montagu's harrier","Circus pygargus","Harriers",2020,131,2020-05-10,"Foothills",0,1,-1
"3842","Montagu's harrier","Circus pygargus","Harriers",2022,91,2022-04-01,"Foothills",1,0,1
"3843","Montagu's harrier","Circus pygargus","Harriers",2022,94,2022-04-04,"Coast",1,0,1
"3844","Montagu's harrier","Circus pygargus","Harriers",2022,96,2022-04-06,"Coast",1,0,1
"3845","Montagu's harrier","Circus pygargus","Harriers",2022,99,2022-04-09,"Coast",1,0,1
"3846","Montagu's harrier","Circus pygargus","Harriers",2022,104,2022-04-14,"Coast",1,0,1
"3847","Montagu's harrier","Circus pygargus","Harriers",2022,108,2022-04-18,"Coast",2,0,2
"3848","Montagu's harrier","Circus pygargus","Harriers",2022,111,2022-04-21,"Coast",6,0,6
"3849","Montagu's harrier","Circus pygargus","Harriers",2022,113,2022-04-23,"Coast",1,0,1
"3850","Montagu's harrier","Circus pygargus","Harriers",2022,115,2022-04-25,"Coast",6,0,6
"3851","Montagu's harrier","Circus pygargus","Harriers",2022,115,2022-04-25,"Foothills",1,0,1
"3852","Montagu's harrier","Circus pygargus","Harriers",2022,116,2022-04-26,"Coast",1,0,1
"3853","Montagu's harrier","Circus pygargus","Harriers",2022,117,2022-04-27,"Coast",7,0,7
"3854","Montagu's harrier","Circus pygargus","Harriers",2022,117,2022-04-27,"Foothills",3,0,3
"3855","Montagu's harrier","Circus pygargus","Harriers",2022,118,2022-04-28,"Coast",4,0,4
"3856","Montagu's harrier","Circus pygargus","Harriers",2022,119,2022-04-29,"Coast",3,0,3
"3857","Montagu's harrier","Circus pygargus","Harriers",2022,119,2022-04-29,"Foothills",1,0,1
"3858","Montagu's harrier","Circus pygargus","Harriers",2022,123,2022-05-03,"Coast",2,1,1
"3859","Montagu's harrier","Circus pygargus","Harriers",2022,126,2022-05-06,"Coast",11,0,11
"3860","Montagu's harrier","Circus pygargus","Harriers",2022,127,2022-05-07,"Coast",1,0,1
"3861","Montagu's harrier","Circus pygargus","Harriers",2022,128,2022-05-08,"Coast",7,0,7
"3862","Montagu's harrier","Circus pygargus","Harriers",2022,128,2022-05-08,"Foothills",3,0,3
"3863","Montagu's harrier","Circus pygargus","Harriers",2022,129,2022-05-09,"Coast",2,0,2
"3864","Montagu's harrier","Circus pygargus","Harriers",2022,130,2022-05-10,"Coast",4,0,4
"3865","Montagu's harrier","Circus pygargus","Harriers",2022,131,2022-05-11,"Coast",8,0,8
"3866","Montagu's harrier","Circus pygargus","Harriers",2022,132,2022-05-12,"Coast",2,0,2
"3867","Montagu's harrier","Circus pygargus","Harriers",2022,135,2022-05-15,"Coast",1,0,1
"3868","Montagu's harrier","Circus pygargus","Harriers",2022,135,2022-05-15,"Foothills",1,0,1
"3869","Montagu's harrier","Circus pygargus","Harriers",2022,141,2022-05-21,"Coast",1,0,1
"3870","Osprey","Pandion haliaetus","Eagles",2019,93,2019-04-03,"Coast",4,0,4
"3871","Osprey","Pandion haliaetus","Eagles",2019,95,2019-04-05,"Coast",1,0,1
"3872","Osprey","Pandion haliaetus","Eagles",2019,97,2019-04-07,"Coast",1,0,1
"3873","Osprey","Pandion haliaetus","Eagles",2019,101,2019-04-11,"Coast",2,0,2
"3874","Osprey","Pandion haliaetus","Eagles",2019,108,2019-04-18,"Coast",1,0,1
"3875","Osprey","Pandion haliaetus","Eagles",2019,108,2019-04-18,"Foothills",1,0,1
"3876","Osprey","Pandion haliaetus","Eagles",2019,112,2019-04-22,"Coast",1,0,1
"3877","Osprey","Pandion haliaetus","Eagles",2019,113,2019-04-23,"Coast",2,0,2
"3878","Osprey","Pandion haliaetus","Eagles",2019,114,2019-04-24,"Coast",2,0,2
"3879","Osprey","Pandion haliaetus","Eagles",2019,114,2019-04-24,"Foothills",2,0,2
"3880","Osprey","Pandion haliaetus","Eagles",2019,115,2019-04-25,"Coast",1,0,1
"3881","Osprey","Pandion haliaetus","Eagles",2019,117,2019-04-27,"Coast",2,0,2
"3882","Osprey","Pandion haliaetus","Eagles",2019,121,2019-05-01,"Coast",1,0,1
"3883","Osprey","Pandion haliaetus","Eagles",2019,121,2019-05-01,"Foothills",1,0,1
"3884","Osprey","Pandion haliaetus","Eagles",2020,80,2020-03-20,"Coast",1,0,1
"3885","Osprey","Pandion haliaetus","Eagles",2020,82,2020-03-22,"Coast",1,0,1
"3886","Osprey","Pandion haliaetus","Eagles",2020,83,2020-03-23,"Coast",1,0,1
"3887","Osprey","Pandion haliaetus","Eagles",2020,91,2020-03-31,"Coast",4,0,4
"3888","Osprey","Pandion haliaetus","Eagles",2020,91,2020-03-31,"Foothills",2,0,2
"3889","Osprey","Pandion haliaetus","Eagles",2020,91,2020-03-31,"Interior",3,0,3
"3890","Osprey","Pandion haliaetus","Eagles",2020,92,2020-04-01,"Coast",2,0,2
"3891","Osprey","Pandion haliaetus","Eagles",2020,93,2020-04-02,"Coast",1,0,1
"3892","Osprey","Pandion haliaetus","Eagles",2020,94,2020-04-03,"Coast",1,0,1
"3893","Osprey","Pandion haliaetus","Eagles",2020,94,2020-04-03,"Foothills",1,0,1
"3894","Osprey","Pandion haliaetus","Eagles",2020,95,2020-04-04,"Interior",2,0,2
"3895","Osprey","Pandion haliaetus","Eagles",2020,99,2020-04-08,"Coast",2,0,2
"3896","Osprey","Pandion haliaetus","Eagles",2020,100,2020-04-09,"Coast",1,0,1
"3897","Osprey","Pandion haliaetus","Eagles",2020,102,2020-04-11,"Foothills",0,1,-1
"3898","Osprey","Pandion haliaetus","Eagles",2020,104,2020-04-13,"Coast",2,0,2
"3899","Osprey","Pandion haliaetus","Eagles",2020,104,2020-04-13,"Foothills",1,0,1
"3900","Osprey","Pandion haliaetus","Eagles",2020,104,2020-04-13,"Interior",2,0,2
"3901","Osprey","Pandion haliaetus","Eagles",2020,105,2020-04-14,"Interior",2,0,2
"3902","Osprey","Pandion haliaetus","Eagles",2020,108,2020-04-17,"Coast",1,0,1
"3903","Osprey","Pandion haliaetus","Eagles",2020,108,2020-04-17,"Interior",1,0,1
"3904","Osprey","Pandion haliaetus","Eagles",2020,111,2020-04-20,"Coast",1,0,1
"3905","Osprey","Pandion haliaetus","Eagles",2020,115,2020-04-24,"Coast",5,0,5
"3906","Osprey","Pandion haliaetus","Eagles",2020,118,2020-04-27,"Coast",1,0,1
"3907","Osprey","Pandion haliaetus","Eagles",2020,122,2020-05-01,"Interior",1,0,1
"3908","Osprey","Pandion haliaetus","Eagles",2020,140,2020-05-19,"Coast",1,0,1
"3909","Osprey","Pandion haliaetus","Eagles",2022,81,2022-03-22,"Interior",1,0,1
"3910","Osprey","Pandion haliaetus","Eagles",2022,84,2022-03-25,"Coast",1,0,1
"3911","Osprey","Pandion haliaetus","Eagles",2022,86,2022-03-27,"Coast",1,0,1
"3912","Osprey","Pandion haliaetus","Eagles",2022,88,2022-03-29,"Interior",1,0,1
"3913","Osprey","Pandion haliaetus","Eagles",2022,89,2022-03-30,"Foothills",1,0,1
"3914","Osprey","Pandion haliaetus","Eagles",2022,90,2022-03-31,"Coast",1,0,1
"3915","Osprey","Pandion haliaetus","Eagles",2022,91,2022-04-01,"Coast",1,0,1
"3916","Osprey","Pandion haliaetus","Eagles",2022,92,2022-04-02,"Coast",2,0,2
"3917","Osprey","Pandion haliaetus","Eagles",2022,93,2022-04-03,"Interior",1,0,1
"3918","Osprey","Pandion haliaetus","Eagles",2022,94,2022-04-04,"Coast",2,0,2
"3919","Osprey","Pandion haliaetus","Eagles",2022,94,2022-04-04,"Foothills",2,0,2
"3920","Osprey","Pandion haliaetus","Eagles",2022,94,2022-04-04,"Interior",2,0,2
"3921","Osprey","Pandion haliaetus","Eagles",2022,96,2022-04-06,"Coast",2,0,2
"3922","Osprey","Pandion haliaetus","Eagles",2022,96,2022-04-06,"Interior",2,0,2
"3923","Osprey","Pandion haliaetus","Eagles",2022,97,2022-04-07,"Coast",1,0,1
"3924","Osprey","Pandion haliaetus","Eagles",2022,98,2022-04-08,"Foothills",1,0,1
"3925","Osprey","Pandion haliaetus","Eagles",2022,99,2022-04-09,"Coast",3,0,3
"3926","Osprey","Pandion haliaetus","Eagles",2022,99,2022-04-09,"Interior",2,0,2
"3927","Osprey","Pandion haliaetus","Eagles",2022,101,2022-04-11,"Interior",1,0,1
"3928","Osprey","Pandion haliaetus","Eagles",2022,104,2022-04-14,"Coast",1,0,1
"3929","Osprey","Pandion haliaetus","Eagles",2022,105,2022-04-15,"Coast",2,0,2
"3930","Osprey","Pandion haliaetus","Eagles",2022,106,2022-04-16,"Coast",1,0,1
"3931","Osprey","Pandion haliaetus","Eagles",2022,108,2022-04-18,"Foothills",1,0,1
"3932","Osprey","Pandion haliaetus","Eagles",2022,111,2022-04-21,"Foothills",1,0,1
"3933","Osprey","Pandion haliaetus","Eagles",2022,113,2022-04-23,"Coast",1,0,1
"3934","Osprey","Pandion haliaetus","Eagles",2022,116,2022-04-26,"Coast",1,0,1
"3935","Osprey","Pandion haliaetus","Eagles",2022,117,2022-04-27,"Coast",1,0,1
"3936","Osprey","Pandion haliaetus","Eagles",2022,130,2022-05-10,"Coast",1,0,1
"3937","Osprey","Pandion haliaetus","Eagles",2022,132,2022-05-12,"Coast",1,0,1
"3938","Pallid harrier","Circus macrourus","Harriers",2019,82,2019-03-23,"Coast",7,0,7
"3939","Pallid harrier","Circus macrourus","Harriers",2019,82,2019-03-23,"Foothills",2,0,2
"3940","Pallid harrier","Circus macrourus","Harriers",2019,83,2019-03-24,"Coast",1,0,1
"3941","Pallid harrier","Circus macrourus","Harriers",2019,84,2019-03-25,"Coast",1,0,1
"3942","Pallid harrier","Circus macrourus","Harriers",2019,88,2019-03-29,"Coast",8,0,8
"3943","Pallid harrier","Circus macrourus","Harriers",2019,88,2019-03-29,"Foothills",1,0,1
"3944","Pallid harrier","Circus macrourus","Harriers",2019,93,2019-04-03,"Coast",14,0,14
"3945","Pallid harrier","Circus macrourus","Harriers",2019,93,2019-04-03,"Foothills",7,0,7
"3946","Pallid harrier","Circus macrourus","Harriers",2019,93,2019-04-03,"Interior",3,0,3
"3947","Pallid harrier","Circus macrourus","Harriers",2019,94,2019-04-04,"Coast",1,0,1
"3948","Pallid harrier","Circus macrourus","Harriers",2019,95,2019-04-05,"Coast",8,0,8
"3949","Pallid harrier","Circus macrourus","Harriers",2019,95,2019-04-05,"Interior",2,0,2
"3950","Pallid harrier","Circus macrourus","Harriers",2019,96,2019-04-06,"Coast",2,0,2
"3951","Pallid harrier","Circus macrourus","Harriers",2019,97,2019-04-07,"Coast",2,0,2
"3952","Pallid harrier","Circus macrourus","Harriers",2019,98,2019-04-08,"Coast",1,0,1
"3953","Pallid harrier","Circus macrourus","Harriers",2019,101,2019-04-11,"Coast",1,0,1
"3954","Pallid harrier","Circus macrourus","Harriers",2019,101,2019-04-11,"Foothills",1,0,1
"3955","Pallid harrier","Circus macrourus","Harriers",2019,103,2019-04-13,"Coast",1,0,1
"3956","Pallid harrier","Circus macrourus","Harriers",2019,104,2019-04-14,"Coast",1,0,1
"3957","Pallid harrier","Circus macrourus","Harriers",2019,105,2019-04-15,"Coast",4,0,4
"3958","Pallid harrier","Circus macrourus","Harriers",2019,105,2019-04-15,"Foothills",2,0,2
"3959","Pallid harrier","Circus macrourus","Harriers",2019,108,2019-04-18,"Coast",3,1,2
"3960","Pallid harrier","Circus macrourus","Harriers",2019,108,2019-04-18,"Foothills",2,0,2
"3961","Pallid harrier","Circus macrourus","Harriers",2019,110,2019-04-20,"Coast",12,0,12
"3962","Pallid harrier","Circus macrourus","Harriers",2019,111,2019-04-21,"Coast",1,0,1
"3963","Pallid harrier","Circus macrourus","Harriers",2019,112,2019-04-22,"Coast",1,0,1
"3964","Pallid harrier","Circus macrourus","Harriers",2019,113,2019-04-23,"Coast",1,0,1
"3965","Pallid harrier","Circus macrourus","Harriers",2019,113,2019-04-23,"Foothills",1,0,1
"3966","Pallid harrier","Circus macrourus","Harriers",2019,114,2019-04-24,"Coast",3,0,3
"3967","Pallid harrier","Circus macrourus","Harriers",2019,115,2019-04-25,"Coast",2,0,2
"3968","Pallid harrier","Circus macrourus","Harriers",2019,116,2019-04-26,"Foothills",1,0,1
"3969","Pallid harrier","Circus macrourus","Harriers",2019,121,2019-05-01,"Coast",1,0,1
"3970","Pallid harrier","Circus macrourus","Harriers",2019,137,2019-05-17,"Coast",1,0,1
"3971","Pallid harrier","Circus macrourus","Harriers",2020,73,2020-03-13,"Foothills",1,0,1
"3972","Pallid harrier","Circus macrourus","Harriers",2020,73,2020-03-13,"Interior",1,0,1
"3973","Pallid harrier","Circus macrourus","Harriers",2020,80,2020-03-20,"Coast",5,0,5
"3974","Pallid harrier","Circus macrourus","Harriers",2020,81,2020-03-21,"Coast",7,0,7
"3975","Pallid harrier","Circus macrourus","Harriers",2020,82,2020-03-22,"Coast",6,0,6
"3976","Pallid harrier","Circus macrourus","Harriers",2020,82,2020-03-22,"Foothills",2,0,2
"3977","Pallid harrier","Circus macrourus","Harriers",2020,82,2020-03-22,"Interior",5,0,5
"3978","Pallid harrier","Circus macrourus","Harriers",2020,83,2020-03-23,"Interior",1,0,1
"3979","Pallid harrier","Circus macrourus","Harriers",2020,84,2020-03-24,"Coast",1,0,1
"3980","Pallid harrier","Circus macrourus","Harriers",2020,86,2020-03-26,"Coast",2,0,2
"3981","Pallid harrier","Circus macrourus","Harriers",2020,87,2020-03-27,"Coast",5,0,5
"3982","Pallid harrier","Circus macrourus","Harriers",2020,87,2020-03-27,"Foothills",4,0,4
"3983","Pallid harrier","Circus macrourus","Harriers",2020,87,2020-03-27,"Interior",2,0,2
"3984","Pallid harrier","Circus macrourus","Harriers",2020,89,2020-03-29,"Coast",2,0,2
"3985","Pallid harrier","Circus macrourus","Harriers",2020,91,2020-03-31,"Coast",12,0,12
"3986","Pallid harrier","Circus macrourus","Harriers",2020,91,2020-03-31,"Foothills",13,0,13
"3987","Pallid harrier","Circus macrourus","Harriers",2020,91,2020-03-31,"Interior",4,0,4
"3988","Pallid harrier","Circus macrourus","Harriers",2020,92,2020-04-01,"Interior",1,0,1
"3989","Pallid harrier","Circus macrourus","Harriers",2020,93,2020-04-02,"Coast",1,0,1
"3990","Pallid harrier","Circus macrourus","Harriers",2020,94,2020-04-03,"Coast",7,0,7
"3991","Pallid harrier","Circus macrourus","Harriers",2020,95,2020-04-04,"Coast",5,0,5
"3992","Pallid harrier","Circus macrourus","Harriers",2020,95,2020-04-04,"Foothills",1,0,1
"3993","Pallid harrier","Circus macrourus","Harriers",2020,96,2020-04-05,"Coast",2,0,2
"3994","Pallid harrier","Circus macrourus","Harriers",2020,97,2020-04-06,"Coast",5,1,4
"3995","Pallid harrier","Circus macrourus","Harriers",2020,99,2020-04-08,"Coast",5,0,5
"3996","Pallid harrier","Circus macrourus","Harriers",2020,99,2020-04-08,"Foothills",2,0,2
"3997","Pallid harrier","Circus macrourus","Harriers",2020,99,2020-04-08,"Interior",1,0,1
"3998","Pallid harrier","Circus macrourus","Harriers",2020,100,2020-04-09,"Coast",3,0,3
"3999","Pallid harrier","Circus macrourus","Harriers",2020,101,2020-04-10,"Coast",6,0,6
"4000","Pallid harrier","Circus macrourus","Harriers",2020,102,2020-04-11,"Coast",4,1,3
"4001","Pallid harrier","Circus macrourus","Harriers",2020,102,2020-04-11,"Foothills",2,0,2
"4002","Pallid harrier","Circus macrourus","Harriers",2020,104,2020-04-13,"Coast",5,0,5
"4003","Pallid harrier","Circus macrourus","Harriers",2020,104,2020-04-13,"Foothills",2,0,2
"4004","Pallid harrier","Circus macrourus","Harriers",2020,105,2020-04-14,"Coast",1,0,1
"4005","Pallid harrier","Circus macrourus","Harriers",2020,108,2020-04-17,"Coast",5,0,5
"4006","Pallid harrier","Circus macrourus","Harriers",2020,111,2020-04-20,"Coast",1,0,1
"4007","Pallid harrier","Circus macrourus","Harriers",2020,114,2020-04-23,"Coast",3,0,3
"4008","Pallid harrier","Circus macrourus","Harriers",2020,114,2020-04-23,"Foothills",1,0,1
"4009","Pallid harrier","Circus macrourus","Harriers",2020,115,2020-04-24,"Coast",2,0,2
"4010","Pallid harrier","Circus macrourus","Harriers",2020,116,2020-04-25,"Coast",1,0,1
"4011","Pallid harrier","Circus macrourus","Harriers",2020,117,2020-04-26,"Coast",1,0,1
"4012","Pallid harrier","Circus macrourus","Harriers",2020,130,2020-05-09,"Coast",3,0,3
"4013","Pallid harrier","Circus macrourus","Harriers",2020,131,2020-05-10,"Coast",1,0,1
"4014","Pallid harrier","Circus macrourus","Harriers",2022,80,2022-03-21,"Coast",1,0,1
"4015","Pallid harrier","Circus macrourus","Harriers",2022,84,2022-03-25,"Coast",4,0,4
"4016","Pallid harrier","Circus macrourus","Harriers",2022,84,2022-03-25,"Foothills",1,0,1
"4017","Pallid harrier","Circus macrourus","Harriers",2022,86,2022-03-27,"Coast",5,0,5
"4018","Pallid harrier","Circus macrourus","Harriers",2022,87,2022-03-28,"Coast",1,0,1
"4019","Pallid harrier","Circus macrourus","Harriers",2022,89,2022-03-30,"Interior",1,0,1
"4020","Pallid harrier","Circus macrourus","Harriers",2022,90,2022-03-31,"Coast",2,0,2
"4021","Pallid harrier","Circus macrourus","Harriers",2022,90,2022-03-31,"Foothills",1,0,1
"4022","Pallid harrier","Circus macrourus","Harriers",2022,90,2022-03-31,"Interior",2,0,2
"4023","Pallid harrier","Circus macrourus","Harriers",2022,91,2022-04-01,"Coast",5,0,5
"4024","Pallid harrier","Circus macrourus","Harriers",2022,91,2022-04-01,"Foothills",3,0,3
"4025","Pallid harrier","Circus macrourus","Harriers",2022,91,2022-04-01,"Interior",5,0,5
"4026","Pallid harrier","Circus macrourus","Harriers",2022,92,2022-04-02,"Coast",1,0,1
"4027","Pallid harrier","Circus macrourus","Harriers",2022,93,2022-04-03,"Coast",3,0,3
"4028","Pallid harrier","Circus macrourus","Harriers",2022,94,2022-04-04,"Coast",1,0,1
"4029","Pallid harrier","Circus macrourus","Harriers",2022,96,2022-04-06,"Coast",6,0,6
"4030","Pallid harrier","Circus macrourus","Harriers",2022,97,2022-04-07,"Coast",2,1,1
"4031","Pallid harrier","Circus macrourus","Harriers",2022,98,2022-04-08,"Coast",1,0,1
"4032","Pallid harrier","Circus macrourus","Harriers",2022,99,2022-04-09,"Coast",2,0,2
"4033","Pallid harrier","Circus macrourus","Harriers",2022,99,2022-04-09,"Interior",2,0,2
"4034","Pallid harrier","Circus macrourus","Harriers",2022,100,2022-04-10,"Coast",1,0,1
"4035","Pallid harrier","Circus macrourus","Harriers",2022,100,2022-04-10,"Interior",1,0,1
"4036","Pallid harrier","Circus macrourus","Harriers",2022,101,2022-04-11,"Coast",1,0,1
"4037","Pallid harrier","Circus macrourus","Harriers",2022,104,2022-04-14,"Coast",5,0,5
"4038","Pallid harrier","Circus macrourus","Harriers",2022,104,2022-04-14,"Foothills",2,0,2
"4039","Pallid harrier","Circus macrourus","Harriers",2022,104,2022-04-14,"Interior",2,0,2
"4040","Pallid harrier","Circus macrourus","Harriers",2022,105,2022-04-15,"Coast",3,3,0
"4041","Pallid harrier","Circus macrourus","Harriers",2022,106,2022-04-16,"Coast",2,0,2
"4042","Pallid harrier","Circus macrourus","Harriers",2022,107,2022-04-17,"Coast",1,0,1
"4043","Pallid harrier","Circus macrourus","Harriers",2022,108,2022-04-18,"Coast",4,2,2
"4044","Pallid harrier","Circus macrourus","Harriers",2022,109,2022-04-19,"Coast",1,0,1
"4045","Pallid harrier","Circus macrourus","Harriers",2022,111,2022-04-21,"Coast",6,0,6
"4046","Pallid harrier","Circus macrourus","Harriers",2022,111,2022-04-21,"Foothills",2,0,2
"4047","Pallid harrier","Circus macrourus","Harriers",2022,113,2022-04-23,"Coast",2,0,2
"4048","Pallid harrier","Circus macrourus","Harriers",2022,114,2022-04-24,"Coast",4,0,4
"4049","Pallid harrier","Circus macrourus","Harriers",2022,115,2022-04-25,"Coast",5,0,5
"4050","Pallid harrier","Circus macrourus","Harriers",2022,115,2022-04-25,"Foothills",2,0,2
"4051","Pallid harrier","Circus macrourus","Harriers",2022,115,2022-04-25,"Interior",1,0,1
"4052","Pallid harrier","Circus macrourus","Harriers",2022,116,2022-04-26,"Coast",1,0,1
"4053","Pallid harrier","Circus macrourus","Harriers",2022,118,2022-04-28,"Coast",3,0,3
"4054","Pallid harrier","Circus macrourus","Harriers",2022,126,2022-05-06,"Coast",5,0,5
"4055","Pallid harrier","Circus macrourus","Harriers",2022,128,2022-05-08,"Coast",2,0,2
"4056","Pallid harrier","Circus macrourus","Harriers",2022,141,2022-05-21,"Coast",1,0,1
"4057","Peregrine falcon","Falco peregrinus","Falcons",2019,133,2019-05-13,"Coast",1,0,1
"4058","Peregrine falcon","Falco peregrinus","Falcons",2019,140,2019-05-20,"Coast",1,0,1
"4059","Peregrine falcon","Falco peregrinus","Falcons",2020,65,2020-03-05,"Coast",1,0,1
"4060","Peregrine falcon","Falco peregrinus","Falcons",2020,70,2020-03-10,"Coast",0,1,-1
"4061","Peregrine falcon","Falco peregrinus","Falcons",2020,75,2020-03-15,"Coast",1,0,1
"4062","Peregrine falcon","Falco peregrinus","Falcons",2020,79,2020-03-19,"Coast",1,1,0
"4063","Peregrine falcon","Falco peregrinus","Falcons",2020,82,2020-03-22,"Coast",1,0,1
"4064","Peregrine falcon","Falco peregrinus","Falcons",2020,114,2020-04-23,"Coast",1,0,1
"4065","Peregrine falcon","Falco peregrinus","Falcons",2020,115,2020-04-24,"Coast",2,0,2
"4066","Peregrine falcon","Falco peregrinus","Falcons",2020,120,2020-04-29,"Coast",1,0,1
"4067","Peregrine falcon","Falco peregrinus","Falcons",2020,131,2020-05-10,"Coast",1,0,1
"4068","Peregrine falcon","Falco peregrinus","Falcons",2020,141,2020-05-20,"Coast",0,1,-1
"4069","Peregrine falcon","Falco peregrinus","Falcons",2022,80,2022-03-21,"Coast",1,0,1
"4070","Peregrine falcon","Falco peregrinus","Falcons",2022,126,2022-05-06,"Coast",1,0,1
"4071","raptor spec","raptor spec","",2019,90,2019-03-31,"Coast",1,0,1
"4072","raptor spec","raptor spec","",2019,95,2019-04-05,"Coast",1,0,1
"4073","raptor spec","raptor spec","",2019,95,2019-04-05,"Foothills",2,0,2
"4074","raptor spec","raptor spec","",2019,95,2019-04-05,"Interior",555,0,555
"4075","raptor spec","raptor spec","",2019,96,2019-04-06,"Interior",78,0,78
"4076","raptor spec","raptor spec","",2019,97,2019-04-07,"Interior",2014,0,2014
"4077","raptor spec","raptor spec","",2019,98,2019-04-08,"Interior",329,0,329
"4078","raptor spec","raptor spec","",2019,137,2019-05-17,"Interior",1,0,1
"4079","raptor spec","raptor spec","",2020,71,2020-03-11,"Interior",1,0,1
"4080","raptor spec","raptor spec","",2020,83,2020-03-23,"Interior",93,0,93
"4081","raptor spec","raptor spec","",2020,87,2020-03-27,"Interior",1,0,1
"4082","raptor spec","raptor spec","",2020,96,2020-04-05,"Interior",2,0,2
"4083","raptor spec","raptor spec","",2020,128,2020-05-07,"Interior",272,0,272
"4084","raptor spec","raptor spec","",2020,139,2020-05-18,"Coast",1,0,1
"4085","raptor spec","raptor spec","",2022,85,2022-03-26,"Coast",2,0,2
"4086","raptor spec","raptor spec","",2022,88,2022-03-29,"Interior",22,0,22
"4087","raptor spec","raptor spec","",2022,106,2022-04-16,"Coast",1,0,1
"4088","raptor spec","raptor spec","",2022,117,2022-04-27,"Coast",1,0,1
"4089","raptor spec","raptor spec","",2022,117,2022-04-27,"Interior",1,0,1
"4090","raptor spec","raptor spec","",2022,118,2022-04-28,"Coast",3,0,3
"4091","raptor spec","raptor spec","",2022,126,2022-05-06,"Interior",1,0,1
"4092","raptor spec","raptor spec","",2022,127,2022-05-07,"Coast",1,0,1
"4093","raptor spec","raptor spec","",2022,128,2022-05-08,"Coast",1,0,1
"4094","raptor spec","raptor spec","",2022,137,2022-05-17,"Foothills",1,0,1
"4095","raptor spec (medium)","Buteo/Pernis/Milvus","Buzzards & Kites",2019,80,2019-03-21,"Coast",2,0,2
"4096","raptor spec (medium)","Buteo/Pernis/Milvus","Buzzards & Kites",2019,82,2019-03-23,"Coast",108,0,108
"4097","raptor spec (medium)","Buteo/Pernis/Milvus","Buzzards & Kites",2019,82,2019-03-23,"Foothills",17,0,17
"4098","raptor spec (medium)","Buteo/Pernis/Milvus","Buzzards & Kites",2019,82,2019-03-23,"Interior",2,0,2
"4099","raptor spec (medium)","Buteo/Pernis/Milvus","Buzzards & Kites",2019,84,2019-03-25,"Coast",93,0,93
"4100","raptor spec (medium)","Buteo/Pernis/Milvus","Buzzards & Kites",2019,84,2019-03-25,"Interior",16,0,16
"4101","raptor spec (medium)","Buteo/Pernis/Milvus","Buzzards & Kites",2019,88,2019-03-29,"Coast",1,0,1
"4102","raptor spec (medium)","Buteo/Pernis/Milvus","Buzzards & Kites",2019,88,2019-03-29,"Interior",1,0,1
"4103","raptor spec (medium)","Buteo/Pernis/Milvus","Buzzards & Kites",2019,90,2019-03-31,"Coast",175,0,175
"4104","raptor spec (medium)","Buteo/Pernis/Milvus","Buzzards & Kites",2019,93,2019-04-03,"Coast",124,0,124
"4105","raptor spec (medium)","Buteo/Pernis/Milvus","Buzzards & Kites",2019,93,2019-04-03,"Interior",529,0,529
"4106","raptor spec (medium)","Buteo/Pernis/Milvus","Buzzards & Kites",2019,94,2019-04-04,"Interior",72,0,72
"4107","raptor spec (medium)","Buteo/Pernis/Milvus","Buzzards & Kites",2019,95,2019-04-05,"Interior",89,0,89
"4108","raptor spec (medium)","Buteo/Pernis/Milvus","Buzzards & Kites",2019,96,2019-04-06,"Foothills",7,0,7
"4109","raptor spec (medium)","Buteo/Pernis/Milvus","Buzzards & Kites",2019,96,2019-04-06,"Interior",265,0,265
"4110","raptor spec (medium)","Buteo/Pernis/Milvus","Buzzards & Kites",2019,97,2019-04-07,"Coast",138,0,138
"4111","raptor spec (medium)","Buteo/Pernis/Milvus","Buzzards & Kites",2019,97,2019-04-07,"Interior",59,0,59
"4112","raptor spec (medium)","Buteo/Pernis/Milvus","Buzzards & Kites",2019,98,2019-04-08,"Coast",21,0,21
"4113","raptor spec (medium)","Buteo/Pernis/Milvus","Buzzards & Kites",2019,98,2019-04-08,"Foothills",166,0,166
"4114","raptor spec (medium)","Buteo/Pernis/Milvus","Buzzards & Kites",2019,98,2019-04-08,"Interior",973,0,973
"4115","raptor spec (medium)","Buteo/Pernis/Milvus","Buzzards & Kites",2019,101,2019-04-11,"Coast",18,0,18
"4116","raptor spec (medium)","Buteo/Pernis/Milvus","Buzzards & Kites",2019,101,2019-04-11,"Interior",405,0,405
"4117","raptor spec (medium)","Buteo/Pernis/Milvus","Buzzards & Kites",2019,102,2019-04-12,"Coast",262,0,262
"4118","raptor spec (medium)","Buteo/Pernis/Milvus","Buzzards & Kites",2019,102,2019-04-12,"Foothills",199,0,199
"4119","raptor spec (medium)","Buteo/Pernis/Milvus","Buzzards & Kites",2019,102,2019-04-12,"Interior",1708,0,1708
"4120","raptor spec (medium)","Buteo/Pernis/Milvus","Buzzards & Kites",2019,103,2019-04-13,"Foothills",46,0,46
"4121","raptor spec (medium)","Buteo/Pernis/Milvus","Buzzards & Kites",2019,103,2019-04-13,"Interior",221,0,221
"4122","raptor spec (medium)","Buteo/Pernis/Milvus","Buzzards & Kites",2019,104,2019-04-14,"Interior",337,0,337
"4123","raptor spec (medium)","Buteo/Pernis/Milvus","Buzzards & Kites",2019,105,2019-04-15,"Coast",29,0,29
"4124","raptor spec (medium)","Buteo/Pernis/Milvus","Buzzards & Kites",2019,105,2019-04-15,"Interior",1427,0,1427
"4125","raptor spec (medium)","Buteo/Pernis/Milvus","Buzzards & Kites",2019,108,2019-04-18,"Coast",34,0,34
"4126","raptor spec (medium)","Buteo/Pernis/Milvus","Buzzards & Kites",2019,108,2019-04-18,"Interior",124,0,124
"4127","raptor spec (medium)","Buteo/Pernis/Milvus","Buzzards & Kites",2019,110,2019-04-20,"Coast",50,0,50
"4128","raptor spec (medium)","Buteo/Pernis/Milvus","Buzzards & Kites",2019,110,2019-04-20,"Foothills",6,0,6
"4129","raptor spec (medium)","Buteo/Pernis/Milvus","Buzzards & Kites",2019,114,2019-04-24,"Coast",1,0,1
"4130","raptor spec (medium)","Buteo/Pernis/Milvus","Buzzards & Kites",2019,114,2019-04-24,"Foothills",64,0,64
"4131","raptor spec (medium)","Buteo/Pernis/Milvus","Buzzards & Kites",2019,114,2019-04-24,"Interior",1099,0,1099
"4132","raptor spec (medium)","Buteo/Pernis/Milvus","Buzzards & Kites",2019,115,2019-04-25,"Interior",698,0,698
"4133","raptor spec (medium)","Buteo/Pernis/Milvus","Buzzards & Kites",2019,116,2019-04-26,"Interior",19,0,19
"4134","raptor spec (medium)","Buteo/Pernis/Milvus","Buzzards & Kites",2019,117,2019-04-27,"Coast",13,0,13
"4135","raptor spec (medium)","Buteo/Pernis/Milvus","Buzzards & Kites",2019,117,2019-04-27,"Interior",392,0,392
"4136","raptor spec (medium)","Buteo/Pernis/Milvus","Buzzards & Kites",2019,118,2019-04-28,"Interior",636,0,636
"4137","raptor spec (medium)","Buteo/Pernis/Milvus","Buzzards & Kites",2019,120,2019-04-30,"Foothills",174,0,174
"4138","raptor spec (medium)","Buteo/Pernis/Milvus","Buzzards & Kites",2019,120,2019-04-30,"Interior",71,0,71
"4139","raptor spec (medium)","Buteo/Pernis/Milvus","Buzzards & Kites",2019,121,2019-05-01,"Coast",5,0,5
"4140","raptor spec (medium)","Buteo/Pernis/Milvus","Buzzards & Kites",2019,121,2019-05-01,"Foothills",541,0,541
"4141","raptor spec (medium)","Buteo/Pernis/Milvus","Buzzards & Kites",2019,121,2019-05-01,"Interior",370,0,370
"4142","raptor spec (medium)","Buteo/Pernis/Milvus","Buzzards & Kites",2019,122,2019-05-02,"Coast",62,0,62
"4143","raptor spec (medium)","Buteo/Pernis/Milvus","Buzzards & Kites",2019,122,2019-05-02,"Foothills",122,0,122
"4144","raptor spec (medium)","Buteo/Pernis/Milvus","Buzzards & Kites",2019,122,2019-05-02,"Interior",236,0,236
"4145","raptor spec (medium)","Buteo/Pernis/Milvus","Buzzards & Kites",2019,125,2019-05-05,"Interior",1901,0,1901
"4146","raptor spec (medium)","Buteo/Pernis/Milvus","Buzzards & Kites",2019,126,2019-05-06,"Interior",501,0,501
"4147","raptor spec (medium)","Buteo/Pernis/Milvus","Buzzards & Kites",2019,127,2019-05-07,"Interior",48,0,48
"4148","raptor spec (medium)","Buteo/Pernis/Milvus","Buzzards & Kites",2019,128,2019-05-08,"Interior",22,0,22
"4149","raptor spec (medium)","Buteo/Pernis/Milvus","Buzzards & Kites",2019,131,2019-05-11,"Interior",40,0,40
"4150","raptor spec (medium)","Buteo/Pernis/Milvus","Buzzards & Kites",2019,132,2019-05-12,"Interior",1,0,1
"4151","raptor spec (medium)","Buteo/Pernis/Milvus","Buzzards & Kites",2019,133,2019-05-13,"Coast",150,0,150
"4152","raptor spec (medium)","Buteo/Pernis/Milvus","Buzzards & Kites",2019,134,2019-05-14,"Coast",1,0,1
"4153","raptor spec (medium)","Buteo/Pernis/Milvus","Buzzards & Kites",2019,134,2019-05-14,"Foothills",11,0,11
"4154","raptor spec (medium)","Buteo/Pernis/Milvus","Buzzards & Kites",2019,134,2019-05-14,"Interior",4,0,4
"4155","raptor spec (medium)","Buteo/Pernis/Milvus","Buzzards & Kites",2019,135,2019-05-15,"Interior",254,0,254
"4156","raptor spec (medium)","Buteo/Pernis/Milvus","Buzzards & Kites",2019,137,2019-05-17,"Interior",22,0,22
"4157","raptor spec (medium)","Buteo/Pernis/Milvus","Buzzards & Kites",2019,138,2019-05-18,"Interior",6,0,6
"4158","raptor spec (medium)","Buteo/Pernis/Milvus","Buzzards & Kites",2019,139,2019-05-19,"Foothills",24,0,24
"4159","raptor spec (medium)","Buteo/Pernis/Milvus","Buzzards & Kites",2019,139,2019-05-19,"Interior",481,0,481
"4160","raptor spec (medium)","Buteo/Pernis/Milvus","Buzzards & Kites",2019,140,2019-05-20,"Interior",14,0,14
"4161","raptor spec (medium)","Buteo/Pernis/Milvus","Buzzards & Kites",2019,141,2019-05-21,"Coast",4,0,4
"4162","raptor spec (medium)","Buteo/Pernis/Milvus","Buzzards & Kites",2019,141,2019-05-21,"Interior",59,0,59
"4163","raptor spec (medium)","Buteo/Pernis/Milvus","Buzzards & Kites",2019,147,2019-05-27,"Interior",2,0,2
"4164","raptor spec (medium)","Buteo/Pernis/Milvus","Buzzards & Kites",2020,63,2020-03-03,"Coast",1,0,1
"4165","raptor spec (medium)","Buteo/Pernis/Milvus","Buzzards & Kites",2020,67,2020-03-07,"Interior",1,0,1
"4166","raptor spec (medium)","Buteo/Pernis/Milvus","Buzzards & Kites",2020,72,2020-03-12,"Coast",1,0,1
"4167","raptor spec (medium)","Buteo/Pernis/Milvus","Buzzards & Kites",2020,75,2020-03-15,"Coast",1,0,1
"4168","raptor spec (medium)","Buteo/Pernis/Milvus","Buzzards & Kites",2020,83,2020-03-23,"Interior",300,0,300
"4169","raptor spec (medium)","Buteo/Pernis/Milvus","Buzzards & Kites",2020,87,2020-03-27,"Interior",11,0,11
"4170","raptor spec (medium)","Buteo/Pernis/Milvus","Buzzards & Kites",2020,91,2020-03-31,"Coast",120,0,120
"4171","raptor spec (medium)","Buteo/Pernis/Milvus","Buzzards & Kites",2020,91,2020-03-31,"Foothills",381,0,381
"4172","raptor spec (medium)","Buteo/Pernis/Milvus","Buzzards & Kites",2020,91,2020-03-31,"Interior",864,0,864
"4173","raptor spec (medium)","Buteo/Pernis/Milvus","Buzzards & Kites",2020,92,2020-04-01,"Foothills",120,0,120
"4174","raptor spec (medium)","Buteo/Pernis/Milvus","Buzzards & Kites",2020,106,2020-04-15,"Interior",5,0,5
"4175","raptor spec (medium)","Buteo/Pernis/Milvus","Buzzards & Kites",2020,110,2020-04-19,"Interior",36,0,36
"4176","raptor spec (medium)","Buteo/Pernis/Milvus","Buzzards & Kites",2020,111,2020-04-20,"Interior",7,0,7
"4177","raptor spec (medium)","Buteo/Pernis/Milvus","Buzzards & Kites",2020,116,2020-04-25,"Coast",2,0,2
"4178","raptor spec (medium)","Buteo/Pernis/Milvus","Buzzards & Kites",2020,117,2020-04-26,"Interior",56,0,56
"4179","raptor spec (medium)","Buteo/Pernis/Milvus","Buzzards & Kites",2020,118,2020-04-27,"Interior",345,0,345
"4180","raptor spec (medium)","Buteo/Pernis/Milvus","Buzzards & Kites",2020,121,2020-04-30,"Interior",159,0,159
"4181","raptor spec (medium)","Buteo/Pernis/Milvus","Buzzards & Kites",2020,124,2020-05-03,"Interior",32,0,32
"4182","raptor spec (medium)","Buteo/Pernis/Milvus","Buzzards & Kites",2020,132,2020-05-11,"Interior",22,0,22
"4183","raptor spec (medium)","Buteo/Pernis/Milvus","Buzzards & Kites",2020,134,2020-05-13,"Foothills",1,0,1
"4184","raptor spec (medium)","Buteo/Pernis/Milvus","Buzzards & Kites",2022,84,2022-03-25,"Coast",1,0,1
"4185","raptor spec (medium)","Buteo/Pernis/Milvus","Buzzards & Kites",2022,87,2022-03-28,"Coast",1106,0,1106
"4186","raptor spec (medium)","Buteo/Pernis/Milvus","Buzzards & Kites",2022,88,2022-03-29,"Foothills",31,0,31
"4187","raptor spec (medium)","Buteo/Pernis/Milvus","Buzzards & Kites",2022,89,2022-03-30,"Interior",125,0,125
"4188","raptor spec (medium)","Buteo/Pernis/Milvus","Buzzards & Kites",2022,90,2022-03-31,"Coast",1764,0,1764
"4189","raptor spec (medium)","Buteo/Pernis/Milvus","Buzzards & Kites",2022,90,2022-03-31,"Foothills",175,0,175
"4190","raptor spec (medium)","Buteo/Pernis/Milvus","Buzzards & Kites",2022,90,2022-03-31,"Interior",336,0,336
"4191","raptor spec (medium)","Buteo/Pernis/Milvus","Buzzards & Kites",2022,91,2022-04-01,"Coast",63,0,63
"4192","raptor spec (medium)","Buteo/Pernis/Milvus","Buzzards & Kites",2022,91,2022-04-01,"Foothills",1039,0,1039
"4193","raptor spec (medium)","Buteo/Pernis/Milvus","Buzzards & Kites",2022,91,2022-04-01,"Interior",18797,0,18797
"4194","raptor spec (medium)","Buteo/Pernis/Milvus","Buzzards & Kites",2022,92,2022-04-02,"Coast",104,0,104
"4195","raptor spec (medium)","Buteo/Pernis/Milvus","Buzzards & Kites",2022,92,2022-04-02,"Foothills",269,0,269
"4196","raptor spec (medium)","Buteo/Pernis/Milvus","Buzzards & Kites",2022,92,2022-04-02,"Interior",1615,0,1615
"4197","raptor spec (medium)","Buteo/Pernis/Milvus","Buzzards & Kites",2022,93,2022-04-03,"Foothills",11,0,11
"4198","raptor spec (medium)","Buteo/Pernis/Milvus","Buzzards & Kites",2022,93,2022-04-03,"Interior",1755,0,1755
"4199","raptor spec (medium)","Buteo/Pernis/Milvus","Buzzards & Kites",2022,94,2022-04-04,"Foothills",481,0,481
"4200","raptor spec (medium)","Buteo/Pernis/Milvus","Buzzards & Kites",2022,94,2022-04-04,"Interior",6997,0,6997
"4201","raptor spec (medium)","Buteo/Pernis/Milvus","Buzzards & Kites",2022,95,2022-04-05,"Coast",8,0,8
"4202","raptor spec (medium)","Buteo/Pernis/Milvus","Buzzards & Kites",2022,95,2022-04-05,"Foothills",28,0,28
"4203","raptor spec (medium)","Buteo/Pernis/Milvus","Buzzards & Kites",2022,95,2022-04-05,"Interior",275,0,275
"4204","raptor spec (medium)","Buteo/Pernis/Milvus","Buzzards & Kites",2022,96,2022-04-06,"Coast",444,0,444
"4205","raptor spec (medium)","Buteo/Pernis/Milvus","Buzzards & Kites",2022,96,2022-04-06,"Interior",601,0,601
"4206","raptor spec (medium)","Buteo/Pernis/Milvus","Buzzards & Kites",2022,97,2022-04-07,"Coast",40,0,40
"4207","raptor spec (medium)","Buteo/Pernis/Milvus","Buzzards & Kites",2022,98,2022-04-08,"Foothills",2,0,2
"4208","raptor spec (medium)","Buteo/Pernis/Milvus","Buzzards & Kites",2022,98,2022-04-08,"Interior",213,0,213
"4209","raptor spec (medium)","Buteo/Pernis/Milvus","Buzzards & Kites",2022,99,2022-04-09,"Interior",2923,0,2923
"4210","raptor spec (medium)","Buteo/Pernis/Milvus","Buzzards & Kites",2022,100,2022-04-10,"Foothills",7,0,7
"4211","raptor spec (medium)","Buteo/Pernis/Milvus","Buzzards & Kites",2022,100,2022-04-10,"Interior",1750,0,1750
"4212","raptor spec (medium)","Buteo/Pernis/Milvus","Buzzards & Kites",2022,101,2022-04-11,"Coast",314,0,314
"4213","raptor spec (medium)","Buteo/Pernis/Milvus","Buzzards & Kites",2022,101,2022-04-11,"Foothills",164,0,164
"4214","raptor spec (medium)","Buteo/Pernis/Milvus","Buzzards & Kites",2022,101,2022-04-11,"Interior",2478,0,2478
"4215","raptor spec (medium)","Buteo/Pernis/Milvus","Buzzards & Kites",2022,104,2022-04-14,"Foothills",16,0,16
"4216","raptor spec (medium)","Buteo/Pernis/Milvus","Buzzards & Kites",2022,104,2022-04-14,"Interior",812,0,812
"4217","raptor spec (medium)","Buteo/Pernis/Milvus","Buzzards & Kites",2022,105,2022-04-15,"Coast",162,0,162
"4218","raptor spec (medium)","Buteo/Pernis/Milvus","Buzzards & Kites",2022,105,2022-04-15,"Foothills",67,0,67
"4219","raptor spec (medium)","Buteo/Pernis/Milvus","Buzzards & Kites",2022,105,2022-04-15,"Interior",397,0,397
"4220","raptor spec (medium)","Buteo/Pernis/Milvus","Buzzards & Kites",2022,106,2022-04-16,"Interior",133,0,133
"4221","raptor spec (medium)","Buteo/Pernis/Milvus","Buzzards & Kites",2022,107,2022-04-17,"Foothills",121,0,121
"4222","raptor spec (medium)","Buteo/Pernis/Milvus","Buzzards & Kites",2022,107,2022-04-17,"Interior",607,0,607
"4223","raptor spec (medium)","Buteo/Pernis/Milvus","Buzzards & Kites",2022,108,2022-04-18,"Coast",77,0,77
"4224","raptor spec (medium)","Buteo/Pernis/Milvus","Buzzards & Kites",2022,108,2022-04-18,"Foothills",17,0,17
"4225","raptor spec (medium)","Buteo/Pernis/Milvus","Buzzards & Kites",2022,108,2022-04-18,"Interior",892,0,892
"4226","raptor spec (medium)","Buteo/Pernis/Milvus","Buzzards & Kites",2022,109,2022-04-19,"Coast",163,0,163
"4227","raptor spec (medium)","Buteo/Pernis/Milvus","Buzzards & Kites",2022,109,2022-04-19,"Foothills",1,0,1
"4228","raptor spec (medium)","Buteo/Pernis/Milvus","Buzzards & Kites",2022,109,2022-04-19,"Interior",11,0,11
"4229","raptor spec (medium)","Buteo/Pernis/Milvus","Buzzards & Kites",2022,111,2022-04-21,"Foothills",5,0,5
"4230","raptor spec (medium)","Buteo/Pernis/Milvus","Buzzards & Kites",2022,111,2022-04-21,"Interior",1892,0,1892
"4231","raptor spec (medium)","Buteo/Pernis/Milvus","Buzzards & Kites",2022,113,2022-04-23,"Foothills",47,0,47
"4232","raptor spec (medium)","Buteo/Pernis/Milvus","Buzzards & Kites",2022,113,2022-04-23,"Interior",672,0,672
"4233","raptor spec (medium)","Buteo/Pernis/Milvus","Buzzards & Kites",2022,114,2022-04-24,"Coast",6,0,6
"4234","raptor spec (medium)","Buteo/Pernis/Milvus","Buzzards & Kites",2022,114,2022-04-24,"Interior",470,0,470
"4235","raptor spec (medium)","Buteo/Pernis/Milvus","Buzzards & Kites",2022,115,2022-04-25,"Interior",140,0,140
"4236","raptor spec (medium)","Buteo/Pernis/Milvus","Buzzards & Kites",2022,116,2022-04-26,"Coast",24,0,24
"4237","raptor spec (medium)","Buteo/Pernis/Milvus","Buzzards & Kites",2022,116,2022-04-26,"Foothills",2,0,2
"4238","raptor spec (medium)","Buteo/Pernis/Milvus","Buzzards & Kites",2022,116,2022-04-26,"Interior",826,0,826
"4239","raptor spec (medium)","Buteo/Pernis/Milvus","Buzzards & Kites",2022,117,2022-04-27,"Coast",7,0,7
"4240","raptor spec (medium)","Buteo/Pernis/Milvus","Buzzards & Kites",2022,117,2022-04-27,"Foothills",2,0,2
"4241","raptor spec (medium)","Buteo/Pernis/Milvus","Buzzards & Kites",2022,117,2022-04-27,"Interior",776,0,776
"4242","raptor spec (medium)","Buteo/Pernis/Milvus","Buzzards & Kites",2022,118,2022-04-28,"Coast",64,0,64
"4243","raptor spec (medium)","Buteo/Pernis/Milvus","Buzzards & Kites",2022,118,2022-04-28,"Interior",1363,0,1363
"4244","raptor spec (medium)","Buteo/Pernis/Milvus","Buzzards & Kites",2022,119,2022-04-29,"Coast",11,0,11
"4245","raptor spec (medium)","Buteo/Pernis/Milvus","Buzzards & Kites",2022,119,2022-04-29,"Interior",2,0,2
"4246","raptor spec (medium)","Buteo/Pernis/Milvus","Buzzards & Kites",2022,123,2022-05-03,"Coast",2377,0,2377
"4247","raptor spec (medium)","Buteo/Pernis/Milvus","Buzzards & Kites",2022,123,2022-05-03,"Foothills",11,0,11
"4248","raptor spec (medium)","Buteo/Pernis/Milvus","Buzzards & Kites",2022,123,2022-05-03,"Interior",515,0,515
"4249","raptor spec (medium)","Buteo/Pernis/Milvus","Buzzards & Kites",2022,124,2022-05-04,"Coast",375,0,375
"4250","raptor spec (medium)","Buteo/Pernis/Milvus","Buzzards & Kites",2022,124,2022-05-04,"Interior",8,0,8
"4251","raptor spec (medium)","Buteo/Pernis/Milvus","Buzzards & Kites",2022,126,2022-05-06,"Coast",3,0,3
"4252","raptor spec (medium)","Buteo/Pernis/Milvus","Buzzards & Kites",2022,126,2022-05-06,"Interior",1,0,1
"4253","raptor spec (medium)","Buteo/Pernis/Milvus","Buzzards & Kites",2022,127,2022-05-07,"Coast",25,0,25
"4254","raptor spec (medium)","Buteo/Pernis/Milvus","Buzzards & Kites",2022,127,2022-05-07,"Foothills",5,0,5
"4255","raptor spec (medium)","Buteo/Pernis/Milvus","Buzzards & Kites",2022,128,2022-05-08,"Coast",563,0,563
"4256","raptor spec (medium)","Buteo/Pernis/Milvus","Buzzards & Kites",2022,128,2022-05-08,"Foothills",88,0,88
"4257","raptor spec (medium)","Buteo/Pernis/Milvus","Buzzards & Kites",2022,128,2022-05-08,"Interior",31,0,31
"4258","raptor spec (medium)","Buteo/Pernis/Milvus","Buzzards & Kites",2022,129,2022-05-09,"Coast",26,0,26
"4259","raptor spec (medium)","Buteo/Pernis/Milvus","Buzzards & Kites",2022,130,2022-05-10,"Coast",1839,0,1839
"4260","raptor spec (medium)","Buteo/Pernis/Milvus","Buzzards & Kites",2022,130,2022-05-10,"Foothills",2367,0,2367
"4261","raptor spec (medium)","Buteo/Pernis/Milvus","Buzzards & Kites",2022,131,2022-05-11,"Coast",44,0,44
"4262","raptor spec (medium)","Buteo/Pernis/Milvus","Buzzards & Kites",2022,131,2022-05-11,"Foothills",77,0,77
"4263","raptor spec (medium)","Buteo/Pernis/Milvus","Buzzards & Kites",2022,131,2022-05-11,"Interior",4916,0,4916
"4264","raptor spec (medium)","Buteo/Pernis/Milvus","Buzzards & Kites",2022,132,2022-05-12,"Coast",1225,0,1225
"4265","raptor spec (medium)","Buteo/Pernis/Milvus","Buzzards & Kites",2022,132,2022-05-12,"Foothills",215,0,215
"4266","raptor spec (medium)","Buteo/Pernis/Milvus","Buzzards & Kites",2022,132,2022-05-12,"Interior",174,0,174
"4267","raptor spec (medium)","Buteo/Pernis/Milvus","Buzzards & Kites",2022,134,2022-05-14,"Coast",2,0,2
"4268","raptor spec (medium)","Buteo/Pernis/Milvus","Buzzards & Kites",2022,134,2022-05-14,"Foothills",22,0,22
"4269","raptor spec (medium)","Buteo/Pernis/Milvus","Buzzards & Kites",2022,134,2022-05-14,"Interior",71,0,71
"4270","raptor spec (medium)","Buteo/Pernis/Milvus","Buzzards & Kites",2022,135,2022-05-15,"Coast",4,0,4
"4271","raptor spec (medium)","Buteo/Pernis/Milvus","Buzzards & Kites",2022,135,2022-05-15,"Foothills",5,0,5
"4272","raptor spec (medium)","Buteo/Pernis/Milvus","Buzzards & Kites",2022,135,2022-05-15,"Interior",434,0,434
"4273","raptor spec (medium)","Buteo/Pernis/Milvus","Buzzards & Kites",2022,136,2022-05-16,"Coast",1,0,1
"4274","raptor spec (medium)","Buteo/Pernis/Milvus","Buzzards & Kites",2022,136,2022-05-16,"Interior",15,0,15
"4275","raptor spec (medium)","Buteo/Pernis/Milvus","Buzzards & Kites",2022,137,2022-05-17,"Interior",1371,0,1371
"4276","raptor spec (medium)","Buteo/Pernis/Milvus","Buzzards & Kites",2022,138,2022-05-18,"Interior",113,0,113
"4277","raptor spec (medium)","Buteo/Pernis/Milvus","Buzzards & Kites",2022,141,2022-05-21,"Coast",1,0,1
"4278","raptor spec (medium)","Buteo/Pernis/Milvus","Buzzards & Kites",2022,141,2022-05-21,"Foothills",77,0,77
"4279","raptor spec (medium)","Buteo/Pernis/Milvus","Buzzards & Kites",2022,141,2022-05-21,"Interior",76,0,76
"4280","raptor spec (medium)","Buteo/Pernis/Milvus","Buzzards & Kites",2022,145,2022-05-25,"Coast",1,0,1
"4281","raptor spec (medium)","Buteo/Pernis/Milvus","Buzzards & Kites",2022,145,2022-05-25,"Interior",26,0,26
"4282","Red-footed falcon","Falco vespertinus","Falcons",2019,118,2019-04-28,"Coast",1,0,1
"4283","Red-footed falcon","Falco vespertinus","Falcons",2019,125,2019-05-05,"Coast",1,0,1
"4284","Red-footed falcon","Falco vespertinus","Falcons",2020,108,2020-04-17,"Coast",2,0,2
"4285","Red-footed falcon","Falco vespertinus","Falcons",2020,109,2020-04-18,"Coast",1,0,1
"4286","Red-footed falcon","Falco vespertinus","Falcons",2020,110,2020-04-19,"Coast",2,1,1
"4287","Red-footed falcon","Falco vespertinus","Falcons",2020,114,2020-04-23,"Coast",2,0,2
"4288","Red-footed falcon","Falco vespertinus","Falcons",2020,115,2020-04-24,"Coast",1,0,1
"4289","Red-footed falcon","Falco vespertinus","Falcons",2020,116,2020-04-25,"Coast",1,0,1
"4290","Red-footed falcon","Falco vespertinus","Falcons",2020,117,2020-04-26,"Coast",1,0,1
"4291","Red-footed falcon","Falco vespertinus","Falcons",2020,119,2020-04-28,"Coast",1,0,1
"4292","Red-footed falcon","Falco vespertinus","Falcons",2020,122,2020-05-01,"Coast",1,0,1
"4293","Red-footed falcon","Falco vespertinus","Falcons",2020,125,2020-05-04,"Coast",1,0,1
"4294","Red-footed falcon","Falco vespertinus","Falcons",2020,131,2020-05-10,"Foothills",1,0,1
"4295","Red-footed falcon","Falco vespertinus","Falcons",2022,108,2022-04-18,"Coast",1,0,1
"4296","Red-footed falcon","Falco vespertinus","Falcons",2022,111,2022-04-21,"Coast",1,0,1
"4297","Red-footed falcon","Falco vespertinus","Falcons",2022,111,2022-04-21,"Foothills",1,0,1
"4298","Red-footed falcon","Falco vespertinus","Falcons",2022,116,2022-04-26,"Coast",1,0,1
"4299","Red-footed falcon","Falco vespertinus","Falcons",2022,117,2022-04-27,"Coast",1,0,1
"4300","Red-footed falcon","Falco vespertinus","Falcons",2022,123,2022-05-03,"Coast",2,0,2
"4301","Red-footed falcon","Falco vespertinus","Falcons",2022,126,2022-05-06,"Coast",1,0,1
"4302","Red-footed falcon","Falco vespertinus","Falcons",2022,134,2022-05-14,"Coast",1,0,1
"4303","Ringtail harriers","Circus spec","Harriers",2019,82,2019-03-23,"Coast",2,0,2
"4304","Ringtail harriers","Circus spec","Harriers",2019,84,2019-03-25,"Coast",1,0,1
"4305","Ringtail harriers","Circus spec","Harriers",2019,89,2019-03-30,"Coast",1,0,1
"4306","Ringtail harriers","Circus spec","Harriers",2019,93,2019-04-03,"Coast",9,0,9
"4307","Ringtail harriers","Circus spec","Harriers",2019,93,2019-04-03,"Foothills",2,0,2
"4308","Ringtail harriers","Circus spec","Harriers",2019,93,2019-04-03,"Interior",3,0,3
"4309","Ringtail harriers","Circus spec","Harriers",2019,94,2019-04-04,"Coast",1,0,1
"4310","Ringtail harriers","Circus spec","Harriers",2019,95,2019-04-05,"Interior",3,0,3
"4311","Ringtail harriers","Circus spec","Harriers",2019,96,2019-04-06,"Foothills",1,0,1
"4312","Ringtail harriers","Circus spec","Harriers",2019,96,2019-04-06,"Interior",1,0,1
"4313","Ringtail harriers","Circus spec","Harriers",2019,97,2019-04-07,"Coast",2,0,2
"4314","Ringtail harriers","Circus spec","Harriers",2019,97,2019-04-07,"Interior",2,0,2
"4315","Ringtail harriers","Circus spec","Harriers",2019,98,2019-04-08,"Interior",2,0,2
"4316","Ringtail harriers","Circus spec","Harriers",2019,99,2019-04-09,"Foothills",3,0,3
"4317","Ringtail harriers","Circus spec","Harriers",2019,101,2019-04-11,"Coast",2,0,2
"4318","Ringtail harriers","Circus spec","Harriers",2019,101,2019-04-11,"Interior",1,0,1
"4319","Ringtail harriers","Circus spec","Harriers",2019,102,2019-04-12,"Foothills",2,0,2
"4320","Ringtail harriers","Circus spec","Harriers",2019,103,2019-04-13,"Foothills",1,0,1
"4321","Ringtail harriers","Circus spec","Harriers",2019,105,2019-04-15,"Coast",1,0,1
"4322","Ringtail harriers","Circus spec","Harriers",2019,105,2019-04-15,"Foothills",1,0,1
"4323","Ringtail harriers","Circus spec","Harriers",2019,108,2019-04-18,"Coast",5,0,5
"4324","Ringtail harriers","Circus spec","Harriers",2019,108,2019-04-18,"Foothills",1,0,1
"4325","Ringtail harriers","Circus spec","Harriers",2019,108,2019-04-18,"Interior",1,0,1
"4326","Ringtail harriers","Circus spec","Harriers",2019,110,2019-04-20,"Coast",16,0,16
"4327","Ringtail harriers","Circus spec","Harriers",2019,110,2019-04-20,"Foothills",1,0,1
"4328","Ringtail harriers","Circus spec","Harriers",2019,113,2019-04-23,"Coast",4,0,4
"4329","Ringtail harriers","Circus spec","Harriers",2019,114,2019-04-24,"Foothills",5,0,5
"4330","Ringtail harriers","Circus spec","Harriers",2019,114,2019-04-24,"Interior",2,0,2
"4331","Ringtail harriers","Circus spec","Harriers",2019,115,2019-04-25,"Coast",2,0,2
"4332","Ringtail harriers","Circus spec","Harriers",2019,116,2019-04-26,"Interior",1,0,1
"4333","Ringtail harriers","Circus spec","Harriers",2019,118,2019-04-28,"Foothills",1,0,1
"4334","Ringtail harriers","Circus spec","Harriers",2019,120,2019-04-30,"Foothills",1,0,1
"4335","Ringtail harriers","Circus spec","Harriers",2019,121,2019-05-01,"Coast",1,0,1
"4336","Ringtail harriers","Circus spec","Harriers",2019,122,2019-05-02,"Coast",1,0,1
"4337","Ringtail harriers","Circus spec","Harriers",2019,126,2019-05-06,"Foothills",1,0,1
"4338","Ringtail harriers","Circus spec","Harriers",2019,129,2019-05-09,"Coast",3,0,3
"4339","Ringtail harriers","Circus spec","Harriers",2019,129,2019-05-09,"Foothills",1,0,1
"4340","Ringtail harriers","Circus spec","Harriers",2019,133,2019-05-13,"Coast",1,0,1
"4341","Ringtail harriers","Circus spec","Harriers",2019,134,2019-05-14,"Foothills",1,0,1
"4342","Ringtail harriers","Circus spec","Harriers",2019,138,2019-05-18,"Foothills",1,0,1
"4343","Ringtail harriers","Circus spec","Harriers",2019,140,2019-05-20,"Coast",2,0,2
"4344","Ringtail harriers","Circus spec","Harriers",2020,77,2020-03-17,"Coast",1,0,1
"4345","Ringtail harriers","Circus spec","Harriers",2020,80,2020-03-20,"Foothills",1,0,1
"4346","Ringtail harriers","Circus spec","Harriers",2020,81,2020-03-21,"Coast",1,0,1
"4347","Ringtail harriers","Circus spec","Harriers",2020,82,2020-03-22,"Coast",4,0,4
"4348","Ringtail harriers","Circus spec","Harriers",2020,82,2020-03-22,"Interior",6,0,6
"4349","Ringtail harriers","Circus spec","Harriers",2020,83,2020-03-23,"Coast",1,0,1
"4350","Ringtail harriers","Circus spec","Harriers",2020,83,2020-03-23,"Interior",3,0,3
"4351","Ringtail harriers","Circus spec","Harriers",2020,84,2020-03-24,"Coast",1,0,1
"4352","Ringtail harriers","Circus spec","Harriers",2020,86,2020-03-26,"Coast",2,0,2
"4353","Ringtail harriers","Circus spec","Harriers",2020,91,2020-03-31,"Coast",3,0,3
"4354","Ringtail harriers","Circus spec","Harriers",2020,91,2020-03-31,"Foothills",1,0,1
"4355","Ringtail harriers","Circus spec","Harriers",2020,91,2020-03-31,"Interior",5,0,5
"4356","Ringtail harriers","Circus spec","Harriers",2020,93,2020-04-02,"Coast",1,0,1
"4357","Ringtail harriers","Circus spec","Harriers",2020,94,2020-04-03,"Coast",2,0,2
"4358","Ringtail harriers","Circus spec","Harriers",2020,94,2020-04-03,"Foothills",1,0,1
"4359","Ringtail harriers","Circus spec","Harriers",2020,94,2020-04-03,"Interior",1,0,1
"4360","Ringtail harriers","Circus spec","Harriers",2020,95,2020-04-04,"Foothills",1,0,1
"4361","Ringtail harriers","Circus spec","Harriers",2020,96,2020-04-05,"Coast",1,0,1
"4362","Ringtail harriers","Circus spec","Harriers",2020,96,2020-04-05,"Interior",1,0,1
"4363","Ringtail harriers","Circus spec","Harriers",2020,97,2020-04-06,"Coast",1,0,1
"4364","Ringtail harriers","Circus spec","Harriers",2020,99,2020-04-08,"Coast",3,0,3
"4365","Ringtail harriers","Circus spec","Harriers",2020,99,2020-04-08,"Foothills",4,0,4
"4366","Ringtail harriers","Circus spec","Harriers",2020,100,2020-04-09,"Coast",6,0,6
"4367","Ringtail harriers","Circus spec","Harriers",2020,100,2020-04-09,"Interior",2,0,2
"4368","Ringtail harriers","Circus spec","Harriers",2020,101,2020-04-10,"Coast",4,0,4
"4369","Ringtail harriers","Circus spec","Harriers",2020,102,2020-04-11,"Coast",8,0,8
"4370","Ringtail harriers","Circus spec","Harriers",2020,102,2020-04-11,"Foothills",2,0,2
"4371","Ringtail harriers","Circus spec","Harriers",2020,102,2020-04-11,"Interior",2,0,2
"4372","Ringtail harriers","Circus spec","Harriers",2020,104,2020-04-13,"Foothills",2,0,2
"4373","Ringtail harriers","Circus spec","Harriers",2020,106,2020-04-15,"Coast",1,0,1
"4374","Ringtail harriers","Circus spec","Harriers",2020,106,2020-04-15,"Foothills",4,0,4
"4375","Ringtail harriers","Circus spec","Harriers",2020,106,2020-04-15,"Interior",2,0,2
"4376","Ringtail harriers","Circus spec","Harriers",2020,108,2020-04-17,"Coast",3,0,3
"4377","Ringtail harriers","Circus spec","Harriers",2020,108,2020-04-17,"Interior",1,0,1
"4378","Ringtail harriers","Circus spec","Harriers",2020,110,2020-04-19,"Coast",1,0,1
"4379","Ringtail harriers","Circus spec","Harriers",2020,110,2020-04-19,"Foothills",1,0,1
"4380","Ringtail harriers","Circus spec","Harriers",2020,110,2020-04-19,"Interior",1,0,1
"4381","Ringtail harriers","Circus spec","Harriers",2020,114,2020-04-23,"Coast",6,0,6
"4382","Ringtail harriers","Circus spec","Harriers",2020,114,2020-04-23,"Foothills",8,0,8
"4383","Ringtail harriers","Circus spec","Harriers",2020,114,2020-04-23,"Interior",1,0,1
"4384","Ringtail harriers","Circus spec","Harriers",2020,115,2020-04-24,"Coast",9,1,8
"4385","Ringtail harriers","Circus spec","Harriers",2020,115,2020-04-24,"Foothills",1,0,1
"4386","Ringtail harriers","Circus spec","Harriers",2020,115,2020-04-24,"Interior",1,0,1
"4387","Ringtail harriers","Circus spec","Harriers",2020,116,2020-04-25,"Coast",2,0,2
"4388","Ringtail harriers","Circus spec","Harriers",2020,118,2020-04-27,"Coast",1,0,1
"4389","Ringtail harriers","Circus spec","Harriers",2020,118,2020-04-27,"Interior",1,0,1
"4390","Ringtail harriers","Circus spec","Harriers",2020,119,2020-04-28,"Coast",1,0,1
"4391","Ringtail harriers","Circus spec","Harriers",2020,119,2020-04-28,"Foothills",1,0,1
"4392","Ringtail harriers","Circus spec","Harriers",2020,119,2020-04-28,"Interior",1,0,1
"4393","Ringtail harriers","Circus spec","Harriers",2020,121,2020-04-30,"Foothills",1,0,1
"4394","Ringtail harriers","Circus spec","Harriers",2020,122,2020-05-01,"Coast",1,0,1
"4395","Ringtail harriers","Circus spec","Harriers",2020,124,2020-05-03,"Foothills",1,0,1
"4396","Ringtail harriers","Circus spec","Harriers",2020,124,2020-05-03,"Interior",2,0,2
"4397","Ringtail harriers","Circus spec","Harriers",2020,130,2020-05-09,"Coast",1,0,1
"4398","Ringtail harriers","Circus spec","Harriers",2020,132,2020-05-11,"Foothills",0,1,-1
"4399","Ringtail harriers","Circus spec","Harriers",2020,134,2020-05-13,"Coast",1,0,1
"4400","Ringtail harriers","Circus spec","Harriers",2022,83,2022-03-24,"Coast",1,0,1
"4401","Ringtail harriers","Circus spec","Harriers",2022,84,2022-03-25,"Coast",2,0,2
"4402","Ringtail harriers","Circus spec","Harriers",2022,86,2022-03-27,"Coast",6,0,6
"4403","Ringtail harriers","Circus spec","Harriers",2022,86,2022-03-27,"Foothills",1,0,1
"4404","Ringtail harriers","Circus spec","Harriers",2022,87,2022-03-28,"Coast",10,0,10
"4405","Ringtail harriers","Circus spec","Harriers",2022,87,2022-03-28,"Foothills",3,0,3
"4406","Ringtail harriers","Circus spec","Harriers",2022,88,2022-03-29,"Interior",1,0,1
"4407","Ringtail harriers","Circus spec","Harriers",2022,89,2022-03-30,"Foothills",2,0,2
"4408","Ringtail harriers","Circus spec","Harriers",2022,89,2022-03-30,"Interior",2,0,2
"4409","Ringtail harriers","Circus spec","Harriers",2022,90,2022-03-31,"Foothills",5,0,5
"4410","Ringtail harriers","Circus spec","Harriers",2022,90,2022-03-31,"Interior",2,0,2
"4411","Ringtail harriers","Circus spec","Harriers",2022,91,2022-04-01,"Coast",3,0,3
"4412","Ringtail harriers","Circus spec","Harriers",2022,91,2022-04-01,"Foothills",3,0,3
"4413","Ringtail harriers","Circus spec","Harriers",2022,91,2022-04-01,"Interior",14,0,14
"4414","Ringtail harriers","Circus spec","Harriers",2022,92,2022-04-02,"Coast",2,0,2
"4415","Ringtail harriers","Circus spec","Harriers",2022,92,2022-04-02,"Foothills",2,0,2
"4416","Ringtail harriers","Circus spec","Harriers",2022,93,2022-04-03,"Interior",8,0,8
"4417","Ringtail harriers","Circus spec","Harriers",2022,94,2022-04-04,"Coast",1,0,1
"4418","Ringtail harriers","Circus spec","Harriers",2022,94,2022-04-04,"Interior",3,0,3
"4419","Ringtail harriers","Circus spec","Harriers",2022,96,2022-04-06,"Coast",2,0,2
"4420","Ringtail harriers","Circus spec","Harriers",2022,96,2022-04-06,"Interior",1,0,1
"4421","Ringtail harriers","Circus spec","Harriers",2022,97,2022-04-07,"Coast",3,1,2
"4422","Ringtail harriers","Circus spec","Harriers",2022,98,2022-04-08,"Coast",2,0,2
"4423","Ringtail harriers","Circus spec","Harriers",2022,98,2022-04-08,"Interior",5,0,5
"4424","Ringtail harriers","Circus spec","Harriers",2022,99,2022-04-09,"Foothills",1,0,1
"4425","Ringtail harriers","Circus spec","Harriers",2022,99,2022-04-09,"Interior",2,0,2
"4426","Ringtail harriers","Circus spec","Harriers",2022,100,2022-04-10,"Coast",1,0,1
"4427","Ringtail harriers","Circus spec","Harriers",2022,100,2022-04-10,"Interior",3,0,3
"4428","Ringtail harriers","Circus spec","Harriers",2022,101,2022-04-11,"Coast",5,0,5
"4429","Ringtail harriers","Circus spec","Harriers",2022,101,2022-04-11,"Foothills",1,0,1
"4430","Ringtail harriers","Circus spec","Harriers",2022,101,2022-04-11,"Interior",2,0,2
"4431","Ringtail harriers","Circus spec","Harriers",2022,103,2022-04-13,"Coast",3,0,3
"4432","Ringtail harriers","Circus spec","Harriers",2022,104,2022-04-14,"Coast",2,0,2
"4433","Ringtail harriers","Circus spec","Harriers",2022,104,2022-04-14,"Foothills",1,0,1
"4434","Ringtail harriers","Circus spec","Harriers",2022,104,2022-04-14,"Interior",1,0,1
"4435","Ringtail harriers","Circus spec","Harriers",2022,105,2022-04-15,"Coast",2,2,0
"4436","Ringtail harriers","Circus spec","Harriers",2022,105,2022-04-15,"Foothills",2,0,2
"4437","Ringtail harriers","Circus spec","Harriers",2022,105,2022-04-15,"Interior",1,0,1
"4438","Ringtail harriers","Circus spec","Harriers",2022,106,2022-04-16,"Coast",1,0,1
"4439","Ringtail harriers","Circus spec","Harriers",2022,107,2022-04-17,"Coast",1,0,1
"4440","Ringtail harriers","Circus spec","Harriers",2022,107,2022-04-17,"Foothills",3,0,3
"4441","Ringtail harriers","Circus spec","Harriers",2022,107,2022-04-17,"Interior",1,0,1
"4442","Ringtail harriers","Circus spec","Harriers",2022,108,2022-04-18,"Coast",5,0,5
"4443","Ringtail harriers","Circus spec","Harriers",2022,108,2022-04-18,"Foothills",4,0,4
"4444","Ringtail harriers","Circus spec","Harriers",2022,108,2022-04-18,"Interior",8,0,8
"4445","Ringtail harriers","Circus spec","Harriers",2022,109,2022-04-19,"Coast",5,0,5
"4446","Ringtail harriers","Circus spec","Harriers",2022,109,2022-04-19,"Foothills",1,0,1
"4447","Ringtail harriers","Circus spec","Harriers",2022,111,2022-04-21,"Coast",3,0,3
"4448","Ringtail harriers","Circus spec","Harriers",2022,111,2022-04-21,"Foothills",10,0,10
"4449","Ringtail harriers","Circus spec","Harriers",2022,111,2022-04-21,"Interior",10,0,10
"4450","Ringtail harriers","Circus spec","Harriers",2022,113,2022-04-23,"Coast",1,0,1
"4451","Ringtail harriers","Circus spec","Harriers",2022,113,2022-04-23,"Foothills",1,0,1
"4452","Ringtail harriers","Circus spec","Harriers",2022,113,2022-04-23,"Interior",6,0,6
"4453","Ringtail harriers","Circus spec","Harriers",2022,114,2022-04-24,"Coast",8,0,8
"4454","Ringtail harriers","Circus spec","Harriers",2022,114,2022-04-24,"Foothills",1,0,1
"4455","Ringtail harriers","Circus spec","Harriers",2022,114,2022-04-24,"Interior",6,0,6
"4456","Ringtail harriers","Circus spec","Harriers",2022,115,2022-04-25,"Coast",6,0,6
"4457","Ringtail harriers","Circus spec","Harriers",2022,115,2022-04-25,"Foothills",1,0,1
"4458","Ringtail harriers","Circus spec","Harriers",2022,115,2022-04-25,"Interior",4,0,4
"4459","Ringtail harriers","Circus spec","Harriers",2022,116,2022-04-26,"Coast",2,0,2
"4460","Ringtail harriers","Circus spec","Harriers",2022,116,2022-04-26,"Foothills",2,0,2
"4461","Ringtail harriers","Circus spec","Harriers",2022,116,2022-04-26,"Interior",3,0,3
"4462","Ringtail harriers","Circus spec","Harriers",2022,117,2022-04-27,"Coast",2,0,2
"4463","Ringtail harriers","Circus spec","Harriers",2022,117,2022-04-27,"Foothills",3,0,3
"4464","Ringtail harriers","Circus spec","Harriers",2022,117,2022-04-27,"Interior",6,0,6
"4465","Ringtail harriers","Circus spec","Harriers",2022,118,2022-04-28,"Coast",5,0,5
"4466","Ringtail harriers","Circus spec","Harriers",2022,118,2022-04-28,"Foothills",1,0,1
"4467","Ringtail harriers","Circus spec","Harriers",2022,118,2022-04-28,"Interior",8,0,8
"4468","Ringtail harriers","Circus spec","Harriers",2022,123,2022-05-03,"Coast",8,1,7
"4469","Ringtail harriers","Circus spec","Harriers",2022,123,2022-05-03,"Foothills",4,0,4
"4470","Ringtail harriers","Circus spec","Harriers",2022,123,2022-05-03,"Interior",5,0,5
"4471","Ringtail harriers","Circus spec","Harriers",2022,126,2022-05-06,"Coast",19,0,19
"4472","Ringtail harriers","Circus spec","Harriers",2022,126,2022-05-06,"Foothills",5,0,5
"4473","Ringtail harriers","Circus spec","Harriers",2022,126,2022-05-06,"Interior",1,0,1
"4474","Ringtail harriers","Circus spec","Harriers",2022,127,2022-05-07,"Coast",1,0,1
"4475","Ringtail harriers","Circus spec","Harriers",2022,128,2022-05-08,"Coast",31,0,31
"4476","Ringtail harriers","Circus spec","Harriers",2022,128,2022-05-08,"Foothills",13,0,13
"4477","Ringtail harriers","Circus spec","Harriers",2022,128,2022-05-08,"Interior",2,0,2
"4478","Ringtail harriers","Circus spec","Harriers",2022,129,2022-05-09,"Coast",8,0,8
"4479","Ringtail harriers","Circus spec","Harriers",2022,130,2022-05-10,"Coast",9,0,9
"4480","Ringtail harriers","Circus spec","Harriers",2022,130,2022-05-10,"Foothills",13,0,13
"4481","Ringtail harriers","Circus spec","Harriers",2022,130,2022-05-10,"Interior",3,0,3
"4482","Ringtail harriers","Circus spec","Harriers",2022,131,2022-05-11,"Coast",4,1,3
"4483","Ringtail harriers","Circus spec","Harriers",2022,131,2022-05-11,"Foothills",3,0,3
"4484","Ringtail harriers","Circus spec","Harriers",2022,131,2022-05-11,"Interior",12,0,12
"4485","Ringtail harriers","Circus spec","Harriers",2022,132,2022-05-12,"Coast",3,1,2
"4486","Ringtail harriers","Circus spec","Harriers",2022,132,2022-05-12,"Foothills",1,0,1
"4487","Ringtail harriers","Circus spec","Harriers",2022,134,2022-05-14,"Foothills",1,0,1
"4488","Ringtail harriers","Circus spec","Harriers",2022,134,2022-05-14,"Interior",1,0,1
"4489","Ringtail harriers","Circus spec","Harriers",2022,135,2022-05-15,"Coast",2,0,2
"4490","Ringtail harriers","Circus spec","Harriers",2022,135,2022-05-15,"Interior",1,0,1
"4491","Ringtail harriers","Circus spec","Harriers",2022,137,2022-05-17,"Interior",1,0,1
"4492","Ringtail harriers","Circus spec","Harriers",2022,138,2022-05-18,"Interior",1,0,1
"4493","Rough-legged buzzard","Buteo lagopus","Buzzards & Kites",2022,84,2022-03-25,"Coast",1,0,1
"4494","Rough-legged buzzard","Buteo lagopus","Buzzards & Kites",2022,96,2022-04-06,"Coast",1,0,1
"4495","Rough-legged buzzard","Buteo lagopus","Buzzards & Kites",2022,99,2022-04-09,"Coast",2,0,2
"4496","Short-toed eagle","Circaetus gallicus","Eagles",2019,80,2019-03-21,"Coast",14,0,14
"4497","Short-toed eagle","Circaetus gallicus","Eagles",2019,80,2019-03-21,"Foothills",1,0,1
"4498","Short-toed eagle","Circaetus gallicus","Eagles",2019,82,2019-03-23,"Coast",106,0,106
"4499","Short-toed eagle","Circaetus gallicus","Eagles",2019,82,2019-03-23,"Foothills",10,0,10
"4500","Short-toed eagle","Circaetus gallicus","Eagles",2019,83,2019-03-24,"Coast",31,0,31
"4501","Short-toed eagle","Circaetus gallicus","Eagles",2019,84,2019-03-25,"Coast",137,0,137
"4502","Short-toed eagle","Circaetus gallicus","Eagles",2019,84,2019-03-25,"Foothills",22,0,22
"4503","Short-toed eagle","Circaetus gallicus","Eagles",2019,84,2019-03-25,"Interior",1,0,1
"4504","Short-toed eagle","Circaetus gallicus","Eagles",2019,85,2019-03-26,"Coast",52,0,52
"4505","Short-toed eagle","Circaetus gallicus","Eagles",2019,85,2019-03-26,"Foothills",6,0,6
"4506","Short-toed eagle","Circaetus gallicus","Eagles",2019,88,2019-03-29,"Coast",16,0,16
"4507","Short-toed eagle","Circaetus gallicus","Eagles",2019,88,2019-03-29,"Foothills",9,0,9
"4508","Short-toed eagle","Circaetus gallicus","Eagles",2019,89,2019-03-30,"Coast",42,0,42
"4509","Short-toed eagle","Circaetus gallicus","Eagles",2019,89,2019-03-30,"Foothills",1,0,1
"4510","Short-toed eagle","Circaetus gallicus","Eagles",2019,90,2019-03-31,"Coast",21,0,21
"4511","Short-toed eagle","Circaetus gallicus","Eagles",2019,93,2019-04-03,"Coast",152,0,152
"4512","Short-toed eagle","Circaetus gallicus","Eagles",2019,93,2019-04-03,"Foothills",24,0,24
"4513","Short-toed eagle","Circaetus gallicus","Eagles",2019,93,2019-04-03,"Interior",5,0,5
"4514","Short-toed eagle","Circaetus gallicus","Eagles",2019,94,2019-04-04,"Coast",13,0,13
"4515","Short-toed eagle","Circaetus gallicus","Eagles",2019,94,2019-04-04,"Foothills",1,0,1
"4516","Short-toed eagle","Circaetus gallicus","Eagles",2019,95,2019-04-05,"Coast",24,0,24
"4517","Short-toed eagle","Circaetus gallicus","Eagles",2019,95,2019-04-05,"Foothills",5,0,5
"4518","Short-toed eagle","Circaetus gallicus","Eagles",2019,95,2019-04-05,"Interior",4,0,4
"4519","Short-toed eagle","Circaetus gallicus","Eagles",2019,96,2019-04-06,"Coast",14,0,14
"4520","Short-toed eagle","Circaetus gallicus","Eagles",2019,96,2019-04-06,"Foothills",2,0,2
"4521","Short-toed eagle","Circaetus gallicus","Eagles",2019,96,2019-04-06,"Interior",1,0,1
"4522","Short-toed eagle","Circaetus gallicus","Eagles",2019,97,2019-04-07,"Coast",2,0,2
"4523","Short-toed eagle","Circaetus gallicus","Eagles",2019,97,2019-04-07,"Interior",16,0,16
"4524","Short-toed eagle","Circaetus gallicus","Eagles",2019,98,2019-04-08,"Coast",6,0,6
"4525","Short-toed eagle","Circaetus gallicus","Eagles",2019,98,2019-04-08,"Foothills",2,0,2
"4526","Short-toed eagle","Circaetus gallicus","Eagles",2019,99,2019-04-09,"Foothills",1,0,1
"4527","Short-toed eagle","Circaetus gallicus","Eagles",2019,101,2019-04-11,"Coast",33,0,33
"4528","Short-toed eagle","Circaetus gallicus","Eagles",2019,101,2019-04-11,"Foothills",2,0,2
"4529","Short-toed eagle","Circaetus gallicus","Eagles",2019,101,2019-04-11,"Interior",1,0,1
"4530","Short-toed eagle","Circaetus gallicus","Eagles",2019,102,2019-04-12,"Coast",4,0,4
"4531","Short-toed eagle","Circaetus gallicus","Eagles",2019,103,2019-04-13,"Coast",3,0,3
"4532","Short-toed eagle","Circaetus gallicus","Eagles",2019,103,2019-04-13,"Foothills",3,0,3
"4533","Short-toed eagle","Circaetus gallicus","Eagles",2019,104,2019-04-14,"Coast",1,0,1
"4534","Short-toed eagle","Circaetus gallicus","Eagles",2019,104,2019-04-14,"Foothills",3,0,3
"4535","Short-toed eagle","Circaetus gallicus","Eagles",2019,105,2019-04-15,"Interior",1,0,1
"4536","Short-toed eagle","Circaetus gallicus","Eagles",2019,108,2019-04-18,"Coast",4,0,4
"4537","Short-toed eagle","Circaetus gallicus","Eagles",2019,110,2019-04-20,"Coast",1,0,1
"4538","Short-toed eagle","Circaetus gallicus","Eagles",2019,110,2019-04-20,"Foothills",1,0,1
"4539","Short-toed eagle","Circaetus gallicus","Eagles",2019,113,2019-04-23,"Coast",7,0,7
"4540","Short-toed eagle","Circaetus gallicus","Eagles",2019,114,2019-04-24,"Coast",3,0,3
"4541","Short-toed eagle","Circaetus gallicus","Eagles",2019,114,2019-04-24,"Foothills",1,0,1
"4542","Short-toed eagle","Circaetus gallicus","Eagles",2019,115,2019-04-25,"Coast",2,0,2
"4543","Short-toed eagle","Circaetus gallicus","Eagles",2019,115,2019-04-25,"Interior",1,0,1
"4544","Short-toed eagle","Circaetus gallicus","Eagles",2019,116,2019-04-26,"Foothills",2,0,2
"4545","Short-toed eagle","Circaetus gallicus","Eagles",2019,116,2019-04-26,"Interior",2,0,2
"4546","Short-toed eagle","Circaetus gallicus","Eagles",2019,117,2019-04-27,"Coast",2,0,2
"4547","Short-toed eagle","Circaetus gallicus","Eagles",2019,117,2019-04-27,"Foothills",3,0,3
"4548","Short-toed eagle","Circaetus gallicus","Eagles",2019,120,2019-04-30,"Coast",1,0,1
"4549","Short-toed eagle","Circaetus gallicus","Eagles",2019,120,2019-04-30,"Foothills",1,0,1
"4550","Short-toed eagle","Circaetus gallicus","Eagles",2019,121,2019-05-01,"Coast",3,0,3
"4551","Short-toed eagle","Circaetus gallicus","Eagles",2019,122,2019-05-02,"Coast",1,0,1
"4552","Short-toed eagle","Circaetus gallicus","Eagles",2019,125,2019-05-05,"Coast",4,0,4
"4553","Short-toed eagle","Circaetus gallicus","Eagles",2019,125,2019-05-05,"Foothills",2,0,2
"4554","Short-toed eagle","Circaetus gallicus","Eagles",2019,125,2019-05-05,"Interior",1,0,1
"4555","Short-toed eagle","Circaetus gallicus","Eagles",2019,126,2019-05-06,"Interior",1,0,1
"4556","Short-toed eagle","Circaetus gallicus","Eagles",2019,128,2019-05-08,"Coast",2,0,2
"4557","Short-toed eagle","Circaetus gallicus","Eagles",2019,130,2019-05-10,"Coast",1,0,1
"4558","Short-toed eagle","Circaetus gallicus","Eagles",2019,133,2019-05-13,"Coast",6,0,6
"4559","Short-toed eagle","Circaetus gallicus","Eagles",2019,134,2019-05-14,"Coast",1,0,1
"4560","Short-toed eagle","Circaetus gallicus","Eagles",2019,139,2019-05-19,"Coast",1,0,1
"4561","Short-toed eagle","Circaetus gallicus","Eagles",2019,139,2019-05-19,"Foothills",2,0,2
"4562","Short-toed eagle","Circaetus gallicus","Eagles",2019,140,2019-05-20,"Coast",12,0,12
"4563","Short-toed eagle","Circaetus gallicus","Eagles",2019,140,2019-05-20,"Foothills",2,0,2
"4564","Short-toed eagle","Circaetus gallicus","Eagles",2019,141,2019-05-21,"Foothills",1,0,1
"4565","Short-toed eagle","Circaetus gallicus","Eagles",2019,141,2019-05-21,"Interior",3,0,3
"4566","Short-toed eagle","Circaetus gallicus","Eagles",2019,147,2019-05-27,"Foothills",1,0,1
"4567","Short-toed eagle","Circaetus gallicus","Eagles",2020,71,2020-03-11,"Foothills",1,0,1
"4568","Short-toed eagle","Circaetus gallicus","Eagles",2020,72,2020-03-12,"Coast",2,0,2
"4569","Short-toed eagle","Circaetus gallicus","Eagles",2020,72,2020-03-12,"Foothills",1,0,1
"4570","Short-toed eagle","Circaetus gallicus","Eagles",2020,75,2020-03-15,"Foothills",2,0,2
"4571","Short-toed eagle","Circaetus gallicus","Eagles",2020,77,2020-03-17,"Coast",2,0,2
"4572","Short-toed eagle","Circaetus gallicus","Eagles",2020,77,2020-03-17,"Foothills",1,0,1
"4573","Short-toed eagle","Circaetus gallicus","Eagles",2020,79,2020-03-19,"Coast",4,0,4
"4574","Short-toed eagle","Circaetus gallicus","Eagles",2020,79,2020-03-19,"Foothills",1,0,1
"4575","Short-toed eagle","Circaetus gallicus","Eagles",2020,80,2020-03-20,"Coast",10,0,10
"4576","Short-toed eagle","Circaetus gallicus","Eagles",2020,80,2020-03-20,"Foothills",0,1,-1
"4577","Short-toed eagle","Circaetus gallicus","Eagles",2020,81,2020-03-21,"Coast",4,0,4
"4578","Short-toed eagle","Circaetus gallicus","Eagles",2020,82,2020-03-22,"Coast",11,0,11
"4579","Short-toed eagle","Circaetus gallicus","Eagles",2020,82,2020-03-22,"Foothills",7,0,7
"4580","Short-toed eagle","Circaetus gallicus","Eagles",2020,82,2020-03-22,"Interior",6,0,6
"4581","Short-toed eagle","Circaetus gallicus","Eagles",2020,83,2020-03-23,"Coast",10,0,10
"4582","Short-toed eagle","Circaetus gallicus","Eagles",2020,83,2020-03-23,"Foothills",10,0,10
"4583","Short-toed eagle","Circaetus gallicus","Eagles",2020,83,2020-03-23,"Interior",41,0,41
"4584","Short-toed eagle","Circaetus gallicus","Eagles",2020,84,2020-03-24,"Coast",217,0,217
"4585","Short-toed eagle","Circaetus gallicus","Eagles",2020,84,2020-03-24,"Foothills",45,0,45
"4586","Short-toed eagle","Circaetus gallicus","Eagles",2020,84,2020-03-24,"Interior",1,0,1
"4587","Short-toed eagle","Circaetus gallicus","Eagles",2020,86,2020-03-26,"Coast",2,0,2
"4588","Short-toed eagle","Circaetus gallicus","Eagles",2020,86,2020-03-26,"Foothills",1,0,1
"4589","Short-toed eagle","Circaetus gallicus","Eagles",2020,87,2020-03-27,"Coast",12,0,12
"4590","Short-toed eagle","Circaetus gallicus","Eagles",2020,87,2020-03-27,"Foothills",25,0,25
"4591","Short-toed eagle","Circaetus gallicus","Eagles",2020,87,2020-03-27,"Interior",9,0,9
"4592","Short-toed eagle","Circaetus gallicus","Eagles",2020,88,2020-03-28,"Coast",10,0,10
"4593","Short-toed eagle","Circaetus gallicus","Eagles",2020,88,2020-03-28,"Foothills",7,0,7
"4594","Short-toed eagle","Circaetus gallicus","Eagles",2020,89,2020-03-29,"Coast",7,0,7
"4595","Short-toed eagle","Circaetus gallicus","Eagles",2020,91,2020-03-31,"Coast",63,0,63
"4596","Short-toed eagle","Circaetus gallicus","Eagles",2020,91,2020-03-31,"Foothills",33,0,33
"4597","Short-toed eagle","Circaetus gallicus","Eagles",2020,91,2020-03-31,"Interior",24,0,24
"4598","Short-toed eagle","Circaetus gallicus","Eagles",2020,92,2020-04-01,"Coast",68,0,68
"4599","Short-toed eagle","Circaetus gallicus","Eagles",2020,92,2020-04-01,"Foothills",18,0,18
"4600","Short-toed eagle","Circaetus gallicus","Eagles",2020,92,2020-04-01,"Interior",6,0,6
"4601","Short-toed eagle","Circaetus gallicus","Eagles",2020,93,2020-04-02,"Coast",15,0,15
"4602","Short-toed eagle","Circaetus gallicus","Eagles",2020,94,2020-04-03,"Coast",3,0,3
"4603","Short-toed eagle","Circaetus gallicus","Eagles",2020,94,2020-04-03,"Foothills",6,0,6
"4604","Short-toed eagle","Circaetus gallicus","Eagles",2020,94,2020-04-03,"Interior",1,0,1
"4605","Short-toed eagle","Circaetus gallicus","Eagles",2020,95,2020-04-04,"Coast",36,0,36
"4606","Short-toed eagle","Circaetus gallicus","Eagles",2020,95,2020-04-04,"Foothills",4,0,4
"4607","Short-toed eagle","Circaetus gallicus","Eagles",2020,95,2020-04-04,"Interior",4,0,4
"4608","Short-toed eagle","Circaetus gallicus","Eagles",2020,96,2020-04-05,"Coast",2,0,2
"4609","Short-toed eagle","Circaetus gallicus","Eagles",2020,96,2020-04-05,"Foothills",1,0,1
"4610","Short-toed eagle","Circaetus gallicus","Eagles",2020,96,2020-04-05,"Interior",9,0,9
"4611","Short-toed eagle","Circaetus gallicus","Eagles",2020,97,2020-04-06,"Coast",16,0,16
"4612","Short-toed eagle","Circaetus gallicus","Eagles",2020,97,2020-04-06,"Foothills",2,0,2
"4613","Short-toed eagle","Circaetus gallicus","Eagles",2020,99,2020-04-08,"Coast",81,0,81
"4614","Short-toed eagle","Circaetus gallicus","Eagles",2020,99,2020-04-08,"Foothills",12,0,12
"4615","Short-toed eagle","Circaetus gallicus","Eagles",2020,99,2020-04-08,"Interior",4,0,4
"4616","Short-toed eagle","Circaetus gallicus","Eagles",2020,100,2020-04-09,"Coast",4,0,4
"4617","Short-toed eagle","Circaetus gallicus","Eagles",2020,100,2020-04-09,"Foothills",2,0,2
"4618","Short-toed eagle","Circaetus gallicus","Eagles",2020,101,2020-04-10,"Coast",11,0,11
"4619","Short-toed eagle","Circaetus gallicus","Eagles",2020,102,2020-04-11,"Coast",29,1,28
"4620","Short-toed eagle","Circaetus gallicus","Eagles",2020,102,2020-04-11,"Foothills",6,0,6
"4621","Short-toed eagle","Circaetus gallicus","Eagles",2020,102,2020-04-11,"Interior",2,0,2
"4622","Short-toed eagle","Circaetus gallicus","Eagles",2020,104,2020-04-13,"Coast",2,0,2
"4623","Short-toed eagle","Circaetus gallicus","Eagles",2020,104,2020-04-13,"Interior",3,0,3
"4624","Short-toed eagle","Circaetus gallicus","Eagles",2020,105,2020-04-14,"Coast",4,0,4
"4625","Short-toed eagle","Circaetus gallicus","Eagles",2020,105,2020-04-14,"Foothills",1,0,1
"4626","Short-toed eagle","Circaetus gallicus","Eagles",2020,105,2020-04-14,"Interior",2,0,2
"4627","Short-toed eagle","Circaetus gallicus","Eagles",2020,108,2020-04-17,"Coast",7,0,7
"4628","Short-toed eagle","Circaetus gallicus","Eagles",2020,109,2020-04-18,"Coast",1,0,1
"4629","Short-toed eagle","Circaetus gallicus","Eagles",2020,109,2020-04-18,"Foothills",1,0,1
"4630","Short-toed eagle","Circaetus gallicus","Eagles",2020,110,2020-04-19,"Foothills",3,0,3
"4631","Short-toed eagle","Circaetus gallicus","Eagles",2020,114,2020-04-23,"Coast",6,0,6
"4632","Short-toed eagle","Circaetus gallicus","Eagles",2020,114,2020-04-23,"Foothills",2,0,2
"4633","Short-toed eagle","Circaetus gallicus","Eagles",2020,115,2020-04-24,"Coast",4,0,4
"4634","Short-toed eagle","Circaetus gallicus","Eagles",2020,115,2020-04-24,"Foothills",0,1,-1
"4635","Short-toed eagle","Circaetus gallicus","Eagles",2020,116,2020-04-25,"Coast",6,0,6
"4636","Short-toed eagle","Circaetus gallicus","Eagles",2020,117,2020-04-26,"Coast",13,0,13
"4637","Short-toed eagle","Circaetus gallicus","Eagles",2020,117,2020-04-26,"Interior",1,0,1
"4638","Short-toed eagle","Circaetus gallicus","Eagles",2020,118,2020-04-27,"Coast",2,0,2
"4639","Short-toed eagle","Circaetus gallicus","Eagles",2020,118,2020-04-27,"Foothills",4,0,4
"4640","Short-toed eagle","Circaetus gallicus","Eagles",2020,120,2020-04-29,"Coast",2,0,2
"4641","Short-toed eagle","Circaetus gallicus","Eagles",2020,121,2020-04-30,"Interior",2,0,2
"4642","Short-toed eagle","Circaetus gallicus","Eagles",2020,122,2020-05-01,"Foothills",1,0,1
"4643","Short-toed eagle","Circaetus gallicus","Eagles",2020,125,2020-05-04,"Coast",1,0,1
"4644","Short-toed eagle","Circaetus gallicus","Eagles",2020,130,2020-05-09,"Coast",5,0,5
"4645","Short-toed eagle","Circaetus gallicus","Eagles",2020,130,2020-05-09,"Foothills",3,0,3
"4646","Short-toed eagle","Circaetus gallicus","Eagles",2020,131,2020-05-10,"Coast",4,0,4
"4647","Short-toed eagle","Circaetus gallicus","Eagles",2020,131,2020-05-10,"Foothills",7,0,7
"4648","Short-toed eagle","Circaetus gallicus","Eagles",2020,132,2020-05-11,"Coast",2,0,2
"4649","Short-toed eagle","Circaetus gallicus","Eagles",2020,132,2020-05-11,"Foothills",1,0,1
"4650","Short-toed eagle","Circaetus gallicus","Eagles",2020,132,2020-05-11,"Interior",1,0,1
"4651","Short-toed eagle","Circaetus gallicus","Eagles",2020,133,2020-05-12,"Foothills",1,0,1
"4652","Short-toed eagle","Circaetus gallicus","Eagles",2020,134,2020-05-13,"Coast",1,0,1
"4653","Short-toed eagle","Circaetus gallicus","Eagles",2020,134,2020-05-13,"Foothills",1,0,1
"4654","Short-toed eagle","Circaetus gallicus","Eagles",2020,134,2020-05-13,"Interior",1,0,1
"4655","Short-toed eagle","Circaetus gallicus","Eagles",2020,135,2020-05-14,"Coast",2,0,2
"4656","Short-toed eagle","Circaetus gallicus","Eagles",2020,136,2020-05-15,"Interior",1,0,1
"4657","Short-toed eagle","Circaetus gallicus","Eagles",2020,138,2020-05-17,"Coast",4,0,4
"4658","Short-toed eagle","Circaetus gallicus","Eagles",2020,138,2020-05-17,"Foothills",1,0,1
"4659","Short-toed eagle","Circaetus gallicus","Eagles",2020,139,2020-05-18,"Coast",3,0,3
"4660","Short-toed eagle","Circaetus gallicus","Eagles",2020,140,2020-05-19,"Coast",2,0,2
"4661","Short-toed eagle","Circaetus gallicus","Eagles",2020,141,2020-05-20,"Coast",1,0,1
"4662","Short-toed eagle","Circaetus gallicus","Eagles",2020,143,2020-05-22,"Foothills",2,0,2
"4663","Short-toed eagle","Circaetus gallicus","Eagles",2022,73,2022-03-14,"Coast",1,0,1
"4664","Short-toed eagle","Circaetus gallicus","Eagles",2022,79,2022-03-20,"Coast",1,0,1
"4665","Short-toed eagle","Circaetus gallicus","Eagles",2022,80,2022-03-21,"Coast",2,0,2
"4666","Short-toed eagle","Circaetus gallicus","Eagles",2022,82,2022-03-23,"Coast",44,0,44
"4667","Short-toed eagle","Circaetus gallicus","Eagles",2022,83,2022-03-24,"Coast",24,0,24
"4668","Short-toed eagle","Circaetus gallicus","Eagles",2022,84,2022-03-25,"Coast",189,0,189
"4669","Short-toed eagle","Circaetus gallicus","Eagles",2022,84,2022-03-25,"Foothills",1,0,1
"4670","Short-toed eagle","Circaetus gallicus","Eagles",2022,85,2022-03-26,"Coast",61,0,61
"4671","Short-toed eagle","Circaetus gallicus","Eagles",2022,85,2022-03-26,"Foothills",3,0,3
"4672","Short-toed eagle","Circaetus gallicus","Eagles",2022,85,2022-03-26,"Interior",1,0,1
"4673","Short-toed eagle","Circaetus gallicus","Eagles",2022,86,2022-03-27,"Coast",63,0,63
"4674","Short-toed eagle","Circaetus gallicus","Eagles",2022,86,2022-03-27,"Foothills",6,0,6
"4675","Short-toed eagle","Circaetus gallicus","Eagles",2022,86,2022-03-27,"Interior",6,0,6
"4676","Short-toed eagle","Circaetus gallicus","Eagles",2022,87,2022-03-28,"Coast",235,0,235
"4677","Short-toed eagle","Circaetus gallicus","Eagles",2022,87,2022-03-28,"Foothills",57,0,57
"4678","Short-toed eagle","Circaetus gallicus","Eagles",2022,87,2022-03-28,"Interior",2,0,2
"4679","Short-toed eagle","Circaetus gallicus","Eagles",2022,88,2022-03-29,"Coast",25,0,25
"4680","Short-toed eagle","Circaetus gallicus","Eagles",2022,88,2022-03-29,"Foothills",30,0,30
"4681","Short-toed eagle","Circaetus gallicus","Eagles",2022,88,2022-03-29,"Interior",52,0,52
"4682","Short-toed eagle","Circaetus gallicus","Eagles",2022,89,2022-03-30,"Coast",34,0,34
"4683","Short-toed eagle","Circaetus gallicus","Eagles",2022,89,2022-03-30,"Foothills",44,0,44
"4684","Short-toed eagle","Circaetus gallicus","Eagles",2022,89,2022-03-30,"Interior",51,0,51
"4685","Short-toed eagle","Circaetus gallicus","Eagles",2022,90,2022-03-31,"Coast",64,0,64
"4686","Short-toed eagle","Circaetus gallicus","Eagles",2022,90,2022-03-31,"Foothills",32,0,32
"4687","Short-toed eagle","Circaetus gallicus","Eagles",2022,90,2022-03-31,"Interior",73,0,73
"4688","Short-toed eagle","Circaetus gallicus","Eagles",2022,91,2022-04-01,"Coast",1,0,1
"4689","Short-toed eagle","Circaetus gallicus","Eagles",2022,91,2022-04-01,"Foothills",1,0,1
"4690","Short-toed eagle","Circaetus gallicus","Eagles",2022,91,2022-04-01,"Interior",16,0,16
"4691","Short-toed eagle","Circaetus gallicus","Eagles",2022,92,2022-04-02,"Coast",3,0,3
"4692","Short-toed eagle","Circaetus gallicus","Eagles",2022,92,2022-04-02,"Foothills",2,0,2
"4693","Short-toed eagle","Circaetus gallicus","Eagles",2022,92,2022-04-02,"Interior",8,0,8
"4694","Short-toed eagle","Circaetus gallicus","Eagles",2022,93,2022-04-03,"Coast",13,0,13
"4695","Short-toed eagle","Circaetus gallicus","Eagles",2022,93,2022-04-03,"Interior",2,0,2
"4696","Short-toed eagle","Circaetus gallicus","Eagles",2022,94,2022-04-04,"Coast",8,0,8
"4697","Short-toed eagle","Circaetus gallicus","Eagles",2022,94,2022-04-04,"Foothills",9,0,9
"4698","Short-toed eagle","Circaetus gallicus","Eagles",2022,94,2022-04-04,"Interior",11,0,11
"4699","Short-toed eagle","Circaetus gallicus","Eagles",2022,95,2022-04-05,"Coast",5,0,5
"4700","Short-toed eagle","Circaetus gallicus","Eagles",2022,97,2022-04-07,"Coast",13,0,13
"4701","Short-toed eagle","Circaetus gallicus","Eagles",2022,98,2022-04-08,"Coast",8,0,8
"4702","Short-toed eagle","Circaetus gallicus","Eagles",2022,98,2022-04-08,"Foothills",3,0,3
"4703","Short-toed eagle","Circaetus gallicus","Eagles",2022,98,2022-04-08,"Interior",4,0,4
"4704","Short-toed eagle","Circaetus gallicus","Eagles",2022,99,2022-04-09,"Coast",21,0,21
"4705","Short-toed eagle","Circaetus gallicus","Eagles",2022,99,2022-04-09,"Foothills",2,0,2
"4706","Short-toed eagle","Circaetus gallicus","Eagles",2022,99,2022-04-09,"Interior",4,0,4
"4707","Short-toed eagle","Circaetus gallicus","Eagles",2022,100,2022-04-10,"Coast",2,0,2
"4708","Short-toed eagle","Circaetus gallicus","Eagles",2022,100,2022-04-10,"Interior",9,0,9
"4709","Short-toed eagle","Circaetus gallicus","Eagles",2022,101,2022-04-11,"Coast",7,0,7
"4710","Short-toed eagle","Circaetus gallicus","Eagles",2022,101,2022-04-11,"Foothills",2,0,2
"4711","Short-toed eagle","Circaetus gallicus","Eagles",2022,101,2022-04-11,"Interior",6,0,6
"4712","Short-toed eagle","Circaetus gallicus","Eagles",2022,103,2022-04-13,"Coast",1,0,1
"4713","Short-toed eagle","Circaetus gallicus","Eagles",2022,104,2022-04-14,"Coast",6,0,6
"4714","Short-toed eagle","Circaetus gallicus","Eagles",2022,104,2022-04-14,"Foothills",2,0,2
"4715","Short-toed eagle","Circaetus gallicus","Eagles",2022,104,2022-04-14,"Interior",9,0,9
"4716","Short-toed eagle","Circaetus gallicus","Eagles",2022,105,2022-04-15,"Coast",3,0,3
"4717","Short-toed eagle","Circaetus gallicus","Eagles",2022,105,2022-04-15,"Foothills",3,0,3
"4718","Short-toed eagle","Circaetus gallicus","Eagles",2022,106,2022-04-16,"Coast",3,0,3
"4719","Short-toed eagle","Circaetus gallicus","Eagles",2022,106,2022-04-16,"Foothills",2,0,2
"4720","Short-toed eagle","Circaetus gallicus","Eagles",2022,106,2022-04-16,"Interior",2,0,2
"4721","Short-toed eagle","Circaetus gallicus","Eagles",2022,107,2022-04-17,"Coast",2,0,2
"4722","Short-toed eagle","Circaetus gallicus","Eagles",2022,107,2022-04-17,"Foothills",1,0,1
"4723","Short-toed eagle","Circaetus gallicus","Eagles",2022,107,2022-04-17,"Interior",4,0,4
"4724","Short-toed eagle","Circaetus gallicus","Eagles",2022,108,2022-04-18,"Coast",2,0,2
"4725","Short-toed eagle","Circaetus gallicus","Eagles",2022,108,2022-04-18,"Interior",3,0,3
"4726","Short-toed eagle","Circaetus gallicus","Eagles",2022,109,2022-04-19,"Coast",1,0,1
"4727","Short-toed eagle","Circaetus gallicus","Eagles",2022,111,2022-04-21,"Coast",5,0,5
"4728","Short-toed eagle","Circaetus gallicus","Eagles",2022,111,2022-04-21,"Foothills",2,0,2
"4729","Short-toed eagle","Circaetus gallicus","Eagles",2022,111,2022-04-21,"Interior",5,0,5
"4730","Short-toed eagle","Circaetus gallicus","Eagles",2022,113,2022-04-23,"Coast",1,0,1
"4731","Short-toed eagle","Circaetus gallicus","Eagles",2022,113,2022-04-23,"Foothills",1,0,1
"4732","Short-toed eagle","Circaetus gallicus","Eagles",2022,113,2022-04-23,"Interior",1,0,1
"4733","Short-toed eagle","Circaetus gallicus","Eagles",2022,114,2022-04-24,"Coast",6,0,6
"4734","Short-toed eagle","Circaetus gallicus","Eagles",2022,114,2022-04-24,"Interior",3,0,3
"4735","Short-toed eagle","Circaetus gallicus","Eagles",2022,115,2022-04-25,"Coast",1,0,1
"4736","Short-toed eagle","Circaetus gallicus","Eagles",2022,115,2022-04-25,"Interior",3,0,3
"4737","Short-toed eagle","Circaetus gallicus","Eagles",2022,116,2022-04-26,"Coast",2,0,2
"4738","Short-toed eagle","Circaetus gallicus","Eagles",2022,116,2022-04-26,"Interior",5,0,5
"4739","Short-toed eagle","Circaetus gallicus","Eagles",2022,117,2022-04-27,"Coast",3,0,3
"4740","Short-toed eagle","Circaetus gallicus","Eagles",2022,117,2022-04-27,"Interior",1,0,1
"4741","Short-toed eagle","Circaetus gallicus","Eagles",2022,118,2022-04-28,"Interior",1,0,1
"4742","Short-toed eagle","Circaetus gallicus","Eagles",2022,123,2022-05-03,"Coast",8,0,8
"4743","Short-toed eagle","Circaetus gallicus","Eagles",2022,126,2022-05-06,"Coast",3,0,3
"4744","Short-toed eagle","Circaetus gallicus","Eagles",2022,128,2022-05-08,"Coast",0,1,-1
"4745","Short-toed eagle","Circaetus gallicus","Eagles",2022,130,2022-05-10,"Coast",2,0,2
"4746","Short-toed eagle","Circaetus gallicus","Eagles",2022,130,2022-05-10,"Foothills",1,0,1
"4747","Short-toed eagle","Circaetus gallicus","Eagles",2022,132,2022-05-12,"Coast",8,0,8
"4748","Short-toed eagle","Circaetus gallicus","Eagles",2022,132,2022-05-12,"Foothills",1,0,1
"4749","Short-toed eagle","Circaetus gallicus","Eagles",2022,135,2022-05-15,"Foothills",1,0,1
"4750","Short-toed eagle","Circaetus gallicus","Eagles",2022,135,2022-05-15,"Interior",2,0,2
"4751","Short-toed eagle","Circaetus gallicus","Eagles",2022,136,2022-05-16,"Foothills",2,0,2
"4752","Short-toed eagle","Circaetus gallicus","Eagles",2022,136,2022-05-16,"Interior",1,0,1
"4753","Short-toed eagle","Circaetus gallicus","Eagles",2022,137,2022-05-17,"Interior",1,0,1
"4754","Short-toed eagle","Circaetus gallicus","Eagles",2022,138,2022-05-18,"Interior",1,0,1
"4755","Short-toed eagle","Circaetus gallicus","Eagles",2022,141,2022-05-21,"Coast",6,0,6
"4756","Short-toed eagle","Circaetus gallicus","Eagles",2022,141,2022-05-21,"Foothills",13,0,13
"4757","Short-toed eagle","Circaetus gallicus","Eagles",2022,145,2022-05-25,"Coast",3,0,3
"4758","Short-toed eagle","Circaetus gallicus","Eagles",2022,145,2022-05-25,"Foothills",8,0,8
"4759","Steppe buzzard","Buteo b. vulpinus","Buzzards & Kites",2019,80,2019-03-21,"Coast",454,0,454
"4760","Steppe buzzard","Buteo b. vulpinus","Buzzards & Kites",2019,80,2019-03-21,"Foothills",52,0,52
"4761","Steppe buzzard","Buteo b. vulpinus","Buzzards & Kites",2019,80,2019-03-21,"Interior",7,0,7
"4762","Steppe buzzard","Buteo b. vulpinus","Buzzards & Kites",2019,82,2019-03-23,"Coast",3087,0,3087
"4763","Steppe buzzard","Buteo b. vulpinus","Buzzards & Kites",2019,82,2019-03-23,"Foothills",665,0,665
"4764","Steppe buzzard","Buteo b. vulpinus","Buzzards & Kites",2019,82,2019-03-23,"Interior",48,0,48
"4765","Steppe buzzard","Buteo b. vulpinus","Buzzards & Kites",2019,83,2019-03-24,"Coast",600,0,600
"4766","Steppe buzzard","Buteo b. vulpinus","Buzzards & Kites",2019,83,2019-03-24,"Foothills",54,0,54
"4767","Steppe buzzard","Buteo b. vulpinus","Buzzards & Kites",2019,84,2019-03-25,"Coast",2205,0,2205
"4768","Steppe buzzard","Buteo b. vulpinus","Buzzards & Kites",2019,84,2019-03-25,"Foothills",1216,0,1216
"4769","Steppe buzzard","Buteo b. vulpinus","Buzzards & Kites",2019,84,2019-03-25,"Interior",227,0,227
"4770","Steppe buzzard","Buteo b. vulpinus","Buzzards & Kites",2019,85,2019-03-26,"Coast",756,0,756
"4771","Steppe buzzard","Buteo b. vulpinus","Buzzards & Kites",2019,85,2019-03-26,"Foothills",221,0,221
"4772","Steppe buzzard","Buteo b. vulpinus","Buzzards & Kites",2019,85,2019-03-26,"Interior",15,0,15
"4773","Steppe buzzard","Buteo b. vulpinus","Buzzards & Kites",2019,88,2019-03-29,"Coast",1653,0,1653
"4774","Steppe buzzard","Buteo b. vulpinus","Buzzards & Kites",2019,88,2019-03-29,"Foothills",1191,0,1191
"4775","Steppe buzzard","Buteo b. vulpinus","Buzzards & Kites",2019,88,2019-03-29,"Interior",4,0,4
"4776","Steppe buzzard","Buteo b. vulpinus","Buzzards & Kites",2019,89,2019-03-30,"Coast",1586,0,1586
"4777","Steppe buzzard","Buteo b. vulpinus","Buzzards & Kites",2019,89,2019-03-30,"Foothills",43,0,43
"4778","Steppe buzzard","Buteo b. vulpinus","Buzzards & Kites",2019,89,2019-03-30,"Interior",17,0,17
"4779","Steppe buzzard","Buteo b. vulpinus","Buzzards & Kites",2019,90,2019-03-31,"Coast",623,0,623
"4780","Steppe buzzard","Buteo b. vulpinus","Buzzards & Kites",2019,90,2019-03-31,"Foothills",29,0,29
"4781","Steppe buzzard","Buteo b. vulpinus","Buzzards & Kites",2019,90,2019-03-31,"Interior",1,0,1
"4782","Steppe buzzard","Buteo b. vulpinus","Buzzards & Kites",2019,93,2019-04-03,"Coast",4645,0,4645
"4783","Steppe buzzard","Buteo b. vulpinus","Buzzards & Kites",2019,93,2019-04-03,"Foothills",1711,0,1711
"4784","Steppe buzzard","Buteo b. vulpinus","Buzzards & Kites",2019,93,2019-04-03,"Interior",1637,0,1637
"4785","Steppe buzzard","Buteo b. vulpinus","Buzzards & Kites",2019,94,2019-04-04,"Coast",1930,0,1930
"4786","Steppe buzzard","Buteo b. vulpinus","Buzzards & Kites",2019,94,2019-04-04,"Foothills",1,0,1
"4787","Steppe buzzard","Buteo b. vulpinus","Buzzards & Kites",2019,95,2019-04-05,"Coast",2949,0,2949
"4788","Steppe buzzard","Buteo b. vulpinus","Buzzards & Kites",2019,95,2019-04-05,"Foothills",2266,0,2266
"4789","Steppe buzzard","Buteo b. vulpinus","Buzzards & Kites",2019,95,2019-04-05,"Interior",2525,0,2525
"4790","Steppe buzzard","Buteo b. vulpinus","Buzzards & Kites",2019,96,2019-04-06,"Coast",2362,0,2362
"4791","Steppe buzzard","Buteo b. vulpinus","Buzzards & Kites",2019,96,2019-04-06,"Foothills",677,0,677
"4792","Steppe buzzard","Buteo b. vulpinus","Buzzards & Kites",2019,96,2019-04-06,"Interior",9130,0,9130
"4793","Steppe buzzard","Buteo b. vulpinus","Buzzards & Kites",2019,97,2019-04-07,"Coast",2364,0,2364
"4794","Steppe buzzard","Buteo b. vulpinus","Buzzards & Kites",2019,97,2019-04-07,"Foothills",603,0,603
"4795","Steppe buzzard","Buteo b. vulpinus","Buzzards & Kites",2019,97,2019-04-07,"Interior",21060,0,21060
"4796","Steppe buzzard","Buteo b. vulpinus","Buzzards & Kites",2019,98,2019-04-08,"Coast",1791,0,1791
"4797","Steppe buzzard","Buteo b. vulpinus","Buzzards & Kites",2019,98,2019-04-08,"Foothills",2027,0,2027
"4798","Steppe buzzard","Buteo b. vulpinus","Buzzards & Kites",2019,98,2019-04-08,"Interior",2453,0,2453
"4799","Steppe buzzard","Buteo b. vulpinus","Buzzards & Kites",2019,99,2019-04-09,"Coast",67,0,67
"4800","Steppe buzzard","Buteo b. vulpinus","Buzzards & Kites",2019,99,2019-04-09,"Foothills",93,0,93
"4801","Steppe buzzard","Buteo b. vulpinus","Buzzards & Kites",2019,99,2019-04-09,"Interior",968,0,968
"4802","Steppe buzzard","Buteo b. vulpinus","Buzzards & Kites",2019,101,2019-04-11,"Coast",642,0,642
"4803","Steppe buzzard","Buteo b. vulpinus","Buzzards & Kites",2019,101,2019-04-11,"Foothills",1671,0,1671
"4804","Steppe buzzard","Buteo b. vulpinus","Buzzards & Kites",2019,101,2019-04-11,"Interior",6137,0,6137
"4805","Steppe buzzard","Buteo b. vulpinus","Buzzards & Kites",2019,102,2019-04-12,"Coast",2422,0,2422
"4806","Steppe buzzard","Buteo b. vulpinus","Buzzards & Kites",2019,102,2019-04-12,"Foothills",1206,0,1206
"4807","Steppe buzzard","Buteo b. vulpinus","Buzzards & Kites",2019,102,2019-04-12,"Interior",338,0,338
"4808","Steppe buzzard","Buteo b. vulpinus","Buzzards & Kites",2019,103,2019-04-13,"Coast",512,0,512
"4809","Steppe buzzard","Buteo b. vulpinus","Buzzards & Kites",2019,103,2019-04-13,"Foothills",884,0,884
"4810","Steppe buzzard","Buteo b. vulpinus","Buzzards & Kites",2019,103,2019-04-13,"Interior",77,0,77
"4811","Steppe buzzard","Buteo b. vulpinus","Buzzards & Kites",2019,104,2019-04-14,"Coast",563,0,563
"4812","Steppe buzzard","Buteo b. vulpinus","Buzzards & Kites",2019,104,2019-04-14,"Foothills",523,0,523
"4813","Steppe buzzard","Buteo b. vulpinus","Buzzards & Kites",2019,104,2019-04-14,"Interior",316,0,316
"4814","Steppe buzzard","Buteo b. vulpinus","Buzzards & Kites",2019,105,2019-04-15,"Coast",300,0,300
"4815","Steppe buzzard","Buteo b. vulpinus","Buzzards & Kites",2019,105,2019-04-15,"Foothills",205,0,205
"4816","Steppe buzzard","Buteo b. vulpinus","Buzzards & Kites",2019,105,2019-04-15,"Interior",255,0,255
"4817","Steppe buzzard","Buteo b. vulpinus","Buzzards & Kites",2019,108,2019-04-18,"Coast",3655,0,3655
"4818","Steppe buzzard","Buteo b. vulpinus","Buzzards & Kites",2019,108,2019-04-18,"Foothills",1158,0,1158
"4819","Steppe buzzard","Buteo b. vulpinus","Buzzards & Kites",2019,108,2019-04-18,"Interior",138,0,138
"4820","Steppe buzzard","Buteo b. vulpinus","Buzzards & Kites",2019,110,2019-04-20,"Coast",3496,0,3496
"4821","Steppe buzzard","Buteo b. vulpinus","Buzzards & Kites",2019,110,2019-04-20,"Foothills",450,0,450
"4822","Steppe buzzard","Buteo b. vulpinus","Buzzards & Kites",2019,110,2019-04-20,"Interior",298,0,298
"4823","Steppe buzzard","Buteo b. vulpinus","Buzzards & Kites",2019,112,2019-04-22,"Coast",683,0,683
"4824","Steppe buzzard","Buteo b. vulpinus","Buzzards & Kites",2019,112,2019-04-22,"Foothills",167,0,167
"4825","Steppe buzzard","Buteo b. vulpinus","Buzzards & Kites",2019,113,2019-04-23,"Coast",1158,0,1158
"4826","Steppe buzzard","Buteo b. vulpinus","Buzzards & Kites",2019,114,2019-04-24,"Coast",1340,0,1340
"4827","Steppe buzzard","Buteo b. vulpinus","Buzzards & Kites",2019,114,2019-04-24,"Foothills",667,0,667
"4828","Steppe buzzard","Buteo b. vulpinus","Buzzards & Kites",2019,114,2019-04-24,"Interior",510,0,510
"4829","Steppe buzzard","Buteo b. vulpinus","Buzzards & Kites",2019,115,2019-04-25,"Coast",346,0,346
"4830","Steppe buzzard","Buteo b. vulpinus","Buzzards & Kites",2019,115,2019-04-25,"Foothills",151,0,151
"4831","Steppe buzzard","Buteo b. vulpinus","Buzzards & Kites",2019,116,2019-04-26,"Coast",243,0,243
"4832","Steppe buzzard","Buteo b. vulpinus","Buzzards & Kites",2019,116,2019-04-26,"Foothills",372,0,372
"4833","Steppe buzzard","Buteo b. vulpinus","Buzzards & Kites",2019,116,2019-04-26,"Interior",1674,0,1674
"4834","Steppe buzzard","Buteo b. vulpinus","Buzzards & Kites",2019,117,2019-04-27,"Coast",1024,0,1024
"4835","Steppe buzzard","Buteo b. vulpinus","Buzzards & Kites",2019,117,2019-04-27,"Foothills",33,0,33
"4836","Steppe buzzard","Buteo b. vulpinus","Buzzards & Kites",2019,118,2019-04-28,"Coast",164,0,164
"4837","Steppe buzzard","Buteo b. vulpinus","Buzzards & Kites",2019,118,2019-04-28,"Foothills",85,0,85
"4838","Steppe buzzard","Buteo b. vulpinus","Buzzards & Kites",2019,119,2019-04-29,"Coast",15,0,15
"4839","Steppe buzzard","Buteo b. vulpinus","Buzzards & Kites",2019,119,2019-04-29,"Foothills",36,0,36
"4840","Steppe buzzard","Buteo b. vulpinus","Buzzards & Kites",2019,120,2019-04-30,"Coast",109,0,109
"4841","Steppe buzzard","Buteo b. vulpinus","Buzzards & Kites",2019,120,2019-04-30,"Foothills",282,0,282
"4842","Steppe buzzard","Buteo b. vulpinus","Buzzards & Kites",2019,120,2019-04-30,"Interior",53,0,53
"4843","Steppe buzzard","Buteo b. vulpinus","Buzzards & Kites",2019,121,2019-05-01,"Coast",111,0,111
"4844","Steppe buzzard","Buteo b. vulpinus","Buzzards & Kites",2019,121,2019-05-01,"Foothills",185,0,185
"4845","Steppe buzzard","Buteo b. vulpinus","Buzzards & Kites",2019,122,2019-05-02,"Coast",75,0,75
"4846","Steppe buzzard","Buteo b. vulpinus","Buzzards & Kites",2019,122,2019-05-02,"Foothills",17,0,17
"4847","Steppe buzzard","Buteo b. vulpinus","Buzzards & Kites",2019,122,2019-05-02,"Interior",18,0,18
"4848","Steppe buzzard","Buteo b. vulpinus","Buzzards & Kites",2019,125,2019-05-05,"Coast",603,0,603
"4849","Steppe buzzard","Buteo b. vulpinus","Buzzards & Kites",2019,125,2019-05-05,"Foothills",210,0,210
"4850","Steppe buzzard","Buteo b. vulpinus","Buzzards & Kites",2019,125,2019-05-05,"Interior",284,0,284
"4851","Steppe buzzard","Buteo b. vulpinus","Buzzards & Kites",2019,126,2019-05-06,"Coast",180,0,180
"4852","Steppe buzzard","Buteo b. vulpinus","Buzzards & Kites",2019,126,2019-05-06,"Foothills",66,0,66
"4853","Steppe buzzard","Buteo b. vulpinus","Buzzards & Kites",2019,126,2019-05-06,"Interior",18,0,18
"4854","Steppe buzzard","Buteo b. vulpinus","Buzzards & Kites",2019,127,2019-05-07,"Coast",50,0,50
"4855","Steppe buzzard","Buteo b. vulpinus","Buzzards & Kites",2019,127,2019-05-07,"Foothills",106,0,106
"4856","Steppe buzzard","Buteo b. vulpinus","Buzzards & Kites",2019,127,2019-05-07,"Interior",24,0,24
"4857","Steppe buzzard","Buteo b. vulpinus","Buzzards & Kites",2019,128,2019-05-08,"Coast",319,0,319
"4858","Steppe buzzard","Buteo b. vulpinus","Buzzards & Kites",2019,128,2019-05-08,"Foothills",30,0,30
"4859","Steppe buzzard","Buteo b. vulpinus","Buzzards & Kites",2019,129,2019-05-09,"Coast",189,0,189
"4860","Steppe buzzard","Buteo b. vulpinus","Buzzards & Kites",2019,130,2019-05-10,"Coast",99,0,99
"4861","Steppe buzzard","Buteo b. vulpinus","Buzzards & Kites",2019,130,2019-05-10,"Foothills",86,0,86
"4862","Steppe buzzard","Buteo b. vulpinus","Buzzards & Kites",2019,130,2019-05-10,"Interior",7,0,7
"4863","Steppe buzzard","Buteo b. vulpinus","Buzzards & Kites",2019,131,2019-05-11,"Coast",71,0,71
"4864","Steppe buzzard","Buteo b. vulpinus","Buzzards & Kites",2019,131,2019-05-11,"Foothills",101,0,101
"4865","Steppe buzzard","Buteo b. vulpinus","Buzzards & Kites",2019,131,2019-05-11,"Interior",20,0,20
"4866","Steppe buzzard","Buteo b. vulpinus","Buzzards & Kites",2019,132,2019-05-12,"Coast",37,0,37
"4867","Steppe buzzard","Buteo b. vulpinus","Buzzards & Kites",2019,132,2019-05-12,"Foothills",6,0,6
"4868","Steppe buzzard","Buteo b. vulpinus","Buzzards & Kites",2019,132,2019-05-12,"Interior",2,0,2
"4869","Steppe buzzard","Buteo b. vulpinus","Buzzards & Kites",2019,133,2019-05-13,"Coast",686,0,686
"4870","Steppe buzzard","Buteo b. vulpinus","Buzzards & Kites",2019,133,2019-05-13,"Foothills",106,0,106
"4871","Steppe buzzard","Buteo b. vulpinus","Buzzards & Kites",2019,134,2019-05-14,"Coast",176,0,176
"4872","Steppe buzzard","Buteo b. vulpinus","Buzzards & Kites",2019,134,2019-05-14,"Foothills",69,0,69
"4873","Steppe buzzard","Buteo b. vulpinus","Buzzards & Kites",2019,134,2019-05-14,"Interior",43,0,43
"4874","Steppe buzzard","Buteo b. vulpinus","Buzzards & Kites",2019,135,2019-05-15,"Coast",29,0,29
"4875","Steppe buzzard","Buteo b. vulpinus","Buzzards & Kites",2019,135,2019-05-15,"Foothills",21,0,21
"4876","Steppe buzzard","Buteo b. vulpinus","Buzzards & Kites",2019,137,2019-05-17,"Foothills",16,0,16
"4877","Steppe buzzard","Buteo b. vulpinus","Buzzards & Kites",2019,137,2019-05-17,"Interior",4,0,4
"4878","Steppe buzzard","Buteo b. vulpinus","Buzzards & Kites",2019,138,2019-05-18,"Coast",3,0,3
"4879","Steppe buzzard","Buteo b. vulpinus","Buzzards & Kites",2019,138,2019-05-18,"Foothills",19,0,19
"4880","Steppe buzzard","Buteo b. vulpinus","Buzzards & Kites",2019,139,2019-05-19,"Coast",55,0,55
"4881","Steppe buzzard","Buteo b. vulpinus","Buzzards & Kites",2019,139,2019-05-19,"Foothills",146,0,146
"4882","Steppe buzzard","Buteo b. vulpinus","Buzzards & Kites",2019,139,2019-05-19,"Interior",22,0,22
"4883","Steppe buzzard","Buteo b. vulpinus","Buzzards & Kites",2019,140,2019-05-20,"Coast",258,0,258
"4884","Steppe buzzard","Buteo b. vulpinus","Buzzards & Kites",2019,140,2019-05-20,"Foothills",93,0,93
"4885","Steppe buzzard","Buteo b. vulpinus","Buzzards & Kites",2019,141,2019-05-21,"Coast",5,0,5
"4886","Steppe buzzard","Buteo b. vulpinus","Buzzards & Kites",2019,141,2019-05-21,"Foothills",6,0,6
"4887","Steppe buzzard","Buteo b. vulpinus","Buzzards & Kites",2019,141,2019-05-21,"Interior",27,0,27
"4888","Steppe buzzard","Buteo b. vulpinus","Buzzards & Kites",2019,144,2019-05-24,"Coast",3,0,3
"4889","Steppe buzzard","Buteo b. vulpinus","Buzzards & Kites",2019,144,2019-05-24,"Foothills",30,0,30
"4890","Steppe buzzard","Buteo b. vulpinus","Buzzards & Kites",2019,144,2019-05-24,"Interior",12,0,12
"4891","Steppe buzzard","Buteo b. vulpinus","Buzzards & Kites",2019,145,2019-05-25,"Coast",8,0,8
"4892","Steppe buzzard","Buteo b. vulpinus","Buzzards & Kites",2019,145,2019-05-25,"Foothills",8,0,8
"4893","Steppe buzzard","Buteo b. vulpinus","Buzzards & Kites",2019,146,2019-05-26,"Coast",13,0,13
"4894","Steppe buzzard","Buteo b. vulpinus","Buzzards & Kites",2019,147,2019-05-27,"Coast",8,0,8
"4895","Steppe buzzard","Buteo b. vulpinus","Buzzards & Kites",2019,147,2019-05-27,"Foothills",25,0,25
"4896","Steppe buzzard","Buteo b. vulpinus","Buzzards & Kites",2019,147,2019-05-27,"Interior",16,0,16
"4897","Steppe buzzard","Buteo b. vulpinus","Buzzards & Kites",2019,148,2019-05-28,"Coast",5,0,5
"4898","Steppe buzzard","Buteo b. vulpinus","Buzzards & Kites",2019,148,2019-05-28,"Foothills",1,0,1
"4899","Steppe buzzard","Buteo b. vulpinus","Buzzards & Kites",2019,148,2019-05-28,"Interior",2,0,2
"4900","Steppe buzzard","Buteo b. vulpinus","Buzzards & Kites",2019,150,2019-05-30,"Foothills",0,1,-1
"4901","Steppe buzzard","Buteo b. vulpinus","Buzzards & Kites",2019,150,2019-05-30,"Interior",1,0,1
"4902","Steppe buzzard","Buteo b. vulpinus","Buzzards & Kites",2019,151,2019-05-31,"Interior",4,0,4
"4903","Steppe buzzard","Buteo b. vulpinus","Buzzards & Kites",2020,62,2020-03-02,"Coast",50,3,47
"4904","Steppe buzzard","Buteo b. vulpinus","Buzzards & Kites",2020,62,2020-03-02,"Foothills",39,0,39
"4905","Steppe buzzard","Buteo b. vulpinus","Buzzards & Kites",2020,62,2020-03-02,"Interior",5,0,5
"4906","Steppe buzzard","Buteo b. vulpinus","Buzzards & Kites",2020,63,2020-03-03,"Coast",30,0,30
"4907","Steppe buzzard","Buteo b. vulpinus","Buzzards & Kites",2020,63,2020-03-03,"Foothills",30,0,30
"4908","Steppe buzzard","Buteo b. vulpinus","Buzzards & Kites",2020,63,2020-03-03,"Interior",18,0,18
"4909","Steppe buzzard","Buteo b. vulpinus","Buzzards & Kites",2020,64,2020-03-04,"Coast",8,1,7
"4910","Steppe buzzard","Buteo b. vulpinus","Buzzards & Kites",2020,64,2020-03-04,"Foothills",6,0,6
"4911","Steppe buzzard","Buteo b. vulpinus","Buzzards & Kites",2020,64,2020-03-04,"Interior",11,0,11
"4912","Steppe buzzard","Buteo b. vulpinus","Buzzards & Kites",2020,65,2020-03-05,"Coast",11,1,10
"4913","Steppe buzzard","Buteo b. vulpinus","Buzzards & Kites",2020,65,2020-03-05,"Foothills",15,0,15
"4914","Steppe buzzard","Buteo b. vulpinus","Buzzards & Kites",2020,65,2020-03-05,"Interior",33,0,33
"4915","Steppe buzzard","Buteo b. vulpinus","Buzzards & Kites",2020,66,2020-03-06,"Coast",4,0,4
"4916","Steppe buzzard","Buteo b. vulpinus","Buzzards & Kites",2020,66,2020-03-06,"Foothills",15,0,15
"4917","Steppe buzzard","Buteo b. vulpinus","Buzzards & Kites",2020,66,2020-03-06,"Interior",5,0,5
"4918","Steppe buzzard","Buteo b. vulpinus","Buzzards & Kites",2020,67,2020-03-07,"Coast",46,1,45
"4919","Steppe buzzard","Buteo b. vulpinus","Buzzards & Kites",2020,67,2020-03-07,"Foothills",44,0,44
"4920","Steppe buzzard","Buteo b. vulpinus","Buzzards & Kites",2020,67,2020-03-07,"Interior",1,0,1
"4921","Steppe buzzard","Buteo b. vulpinus","Buzzards & Kites",2020,69,2020-03-09,"Coast",1,0,1
"4922","Steppe buzzard","Buteo b. vulpinus","Buzzards & Kites",2020,69,2020-03-09,"Foothills",30,0,30
"4923","Steppe buzzard","Buteo b. vulpinus","Buzzards & Kites",2020,69,2020-03-09,"Interior",133,0,133
"4924","Steppe buzzard","Buteo b. vulpinus","Buzzards & Kites",2020,70,2020-03-10,"Coast",30,0,30
"4925","Steppe buzzard","Buteo b. vulpinus","Buzzards & Kites",2020,70,2020-03-10,"Foothills",103,0,103
"4926","Steppe buzzard","Buteo b. vulpinus","Buzzards & Kites",2020,70,2020-03-10,"Interior",3,0,3
"4927","Steppe buzzard","Buteo b. vulpinus","Buzzards & Kites",2020,71,2020-03-11,"Coast",370,0,370
"4928","Steppe buzzard","Buteo b. vulpinus","Buzzards & Kites",2020,71,2020-03-11,"Foothills",419,0,419
"4929","Steppe buzzard","Buteo b. vulpinus","Buzzards & Kites",2020,71,2020-03-11,"Interior",274,0,274
"4930","Steppe buzzard","Buteo b. vulpinus","Buzzards & Kites",2020,72,2020-03-12,"Coast",97,0,97
"4931","Steppe buzzard","Buteo b. vulpinus","Buzzards & Kites",2020,72,2020-03-12,"Foothills",179,0,179
"4932","Steppe buzzard","Buteo b. vulpinus","Buzzards & Kites",2020,72,2020-03-12,"Interior",32,0,32
"4933","Steppe buzzard","Buteo b. vulpinus","Buzzards & Kites",2020,73,2020-03-13,"Coast",34,0,34
"4934","Steppe buzzard","Buteo b. vulpinus","Buzzards & Kites",2020,73,2020-03-13,"Foothills",25,1,24
"4935","Steppe buzzard","Buteo b. vulpinus","Buzzards & Kites",2020,73,2020-03-13,"Interior",47,0,47
"4936","Steppe buzzard","Buteo b. vulpinus","Buzzards & Kites",2020,75,2020-03-15,"Coast",139,1,138
"4937","Steppe buzzard","Buteo b. vulpinus","Buzzards & Kites",2020,75,2020-03-15,"Foothills",124,0,124
"4938","Steppe buzzard","Buteo b. vulpinus","Buzzards & Kites",2020,75,2020-03-15,"Interior",14,0,14
"4939","Steppe buzzard","Buteo b. vulpinus","Buzzards & Kites",2020,77,2020-03-17,"Coast",202,0,202
"4940","Steppe buzzard","Buteo b. vulpinus","Buzzards & Kites",2020,77,2020-03-17,"Foothills",5,0,5
"4941","Steppe buzzard","Buteo b. vulpinus","Buzzards & Kites",2020,79,2020-03-19,"Coast",114,3,111
"4942","Steppe buzzard","Buteo b. vulpinus","Buzzards & Kites",2020,79,2020-03-19,"Foothills",18,0,18
"4943","Steppe buzzard","Buteo b. vulpinus","Buzzards & Kites",2020,80,2020-03-20,"Coast",1250,1,1249
"4944","Steppe buzzard","Buteo b. vulpinus","Buzzards & Kites",2020,80,2020-03-20,"Foothills",330,1,329
"4945","Steppe buzzard","Buteo b. vulpinus","Buzzards & Kites",2020,80,2020-03-20,"Interior",10,0,10
"4946","Steppe buzzard","Buteo b. vulpinus","Buzzards & Kites",2020,81,2020-03-21,"Coast",1174,1,1173
"4947","Steppe buzzard","Buteo b. vulpinus","Buzzards & Kites",2020,81,2020-03-21,"Foothills",195,0,195
"4948","Steppe buzzard","Buteo b. vulpinus","Buzzards & Kites",2020,81,2020-03-21,"Interior",40,0,40
"4949","Steppe buzzard","Buteo b. vulpinus","Buzzards & Kites",2020,82,2020-03-22,"Coast",2931,2,2929
"4950","Steppe buzzard","Buteo b. vulpinus","Buzzards & Kites",2020,82,2020-03-22,"Foothills",637,0,637
"4951","Steppe buzzard","Buteo b. vulpinus","Buzzards & Kites",2020,82,2020-03-22,"Interior",4506,0,4506
"4952","Steppe buzzard","Buteo b. vulpinus","Buzzards & Kites",2020,83,2020-03-23,"Coast",685,1,684
"4953","Steppe buzzard","Buteo b. vulpinus","Buzzards & Kites",2020,83,2020-03-23,"Foothills",262,0,262
"4954","Steppe buzzard","Buteo b. vulpinus","Buzzards & Kites",2020,83,2020-03-23,"Interior",9387,0,9387
"4955","Steppe buzzard","Buteo b. vulpinus","Buzzards & Kites",2020,84,2020-03-24,"Coast",9001,0,9001
"4956","Steppe buzzard","Buteo b. vulpinus","Buzzards & Kites",2020,84,2020-03-24,"Foothills",2624,0,2624
"4957","Steppe buzzard","Buteo b. vulpinus","Buzzards & Kites",2020,84,2020-03-24,"Interior",34,0,34
"4958","Steppe buzzard","Buteo b. vulpinus","Buzzards & Kites",2020,86,2020-03-26,"Coast",473,1,472
"4959","Steppe buzzard","Buteo b. vulpinus","Buzzards & Kites",2020,86,2020-03-26,"Foothills",14,0,14
"4960","Steppe buzzard","Buteo b. vulpinus","Buzzards & Kites",2020,87,2020-03-27,"Coast",193,0,193
"4961","Steppe buzzard","Buteo b. vulpinus","Buzzards & Kites",2020,87,2020-03-27,"Foothills",544,0,544
"4962","Steppe buzzard","Buteo b. vulpinus","Buzzards & Kites",2020,87,2020-03-27,"Interior",1288,0,1288
"4963","Steppe buzzard","Buteo b. vulpinus","Buzzards & Kites",2020,88,2020-03-28,"Coast",658,0,658
"4964","Steppe buzzard","Buteo b. vulpinus","Buzzards & Kites",2020,88,2020-03-28,"Foothills",277,0,277
"4965","Steppe buzzard","Buteo b. vulpinus","Buzzards & Kites",2020,88,2020-03-28,"Interior",125,0,125
"4966","Steppe buzzard","Buteo b. vulpinus","Buzzards & Kites",2020,89,2020-03-29,"Coast",69,0,69
"4967","Steppe buzzard","Buteo b. vulpinus","Buzzards & Kites",2020,91,2020-03-31,"Coast",5092,0,5092
"4968","Steppe buzzard","Buteo b. vulpinus","Buzzards & Kites",2020,91,2020-03-31,"Foothills",4191,0,4191
"4969","Steppe buzzard","Buteo b. vulpinus","Buzzards & Kites",2020,91,2020-03-31,"Interior",9727,0,9727
"4970","Steppe buzzard","Buteo b. vulpinus","Buzzards & Kites",2020,92,2020-04-01,"Coast",9368,0,9368
"4971","Steppe buzzard","Buteo b. vulpinus","Buzzards & Kites",2020,92,2020-04-01,"Foothills",32487,0,32487
"4972","Steppe buzzard","Buteo b. vulpinus","Buzzards & Kites",2020,92,2020-04-01,"Interior",10198,0,10198
"4973","Steppe buzzard","Buteo b. vulpinus","Buzzards & Kites",2020,93,2020-04-02,"Coast",1752,0,1752
"4974","Steppe buzzard","Buteo b. vulpinus","Buzzards & Kites",2020,93,2020-04-02,"Foothills",190,0,190
"4975","Steppe buzzard","Buteo b. vulpinus","Buzzards & Kites",2020,94,2020-04-03,"Coast",2145,0,2145
"4976","Steppe buzzard","Buteo b. vulpinus","Buzzards & Kites",2020,94,2020-04-03,"Foothills",1411,0,1411
"4977","Steppe buzzard","Buteo b. vulpinus","Buzzards & Kites",2020,94,2020-04-03,"Interior",11811,0,11811
"4978","Steppe buzzard","Buteo b. vulpinus","Buzzards & Kites",2020,95,2020-04-04,"Coast",11171,0,11171
"4979","Steppe buzzard","Buteo b. vulpinus","Buzzards & Kites",2020,95,2020-04-04,"Foothills",1816,0,1816
"4980","Steppe buzzard","Buteo b. vulpinus","Buzzards & Kites",2020,95,2020-04-04,"Interior",2469,0,2469
"4981","Steppe buzzard","Buteo b. vulpinus","Buzzards & Kites",2020,96,2020-04-05,"Coast",3135,0,3135
"4982","Steppe buzzard","Buteo b. vulpinus","Buzzards & Kites",2020,96,2020-04-05,"Foothills",2703,0,2703
"4983","Steppe buzzard","Buteo b. vulpinus","Buzzards & Kites",2020,96,2020-04-05,"Interior",15609,0,15609
"4984","Steppe buzzard","Buteo b. vulpinus","Buzzards & Kites",2020,97,2020-04-06,"Coast",11727,0,11727
"4985","Steppe buzzard","Buteo b. vulpinus","Buzzards & Kites",2020,97,2020-04-06,"Foothills",646,0,646
"4986","Steppe buzzard","Buteo b. vulpinus","Buzzards & Kites",2020,98,2020-04-07,"Coast",17,0,17
"4987","Steppe buzzard","Buteo b. vulpinus","Buzzards & Kites",2020,98,2020-04-07,"Foothills",1,0,1
"4988","Steppe buzzard","Buteo b. vulpinus","Buzzards & Kites",2020,99,2020-04-08,"Coast",13408,0,13408
"4989","Steppe buzzard","Buteo b. vulpinus","Buzzards & Kites",2020,99,2020-04-08,"Foothills",8337,0,8337
"4990","Steppe buzzard","Buteo b. vulpinus","Buzzards & Kites",2020,99,2020-04-08,"Interior",2178,0,2178
"4991","Steppe buzzard","Buteo b. vulpinus","Buzzards & Kites",2020,100,2020-04-09,"Coast",8301,0,8301
"4992","Steppe buzzard","Buteo b. vulpinus","Buzzards & Kites",2020,100,2020-04-09,"Foothills",1059,0,1059
"4993","Steppe buzzard","Buteo b. vulpinus","Buzzards & Kites",2020,100,2020-04-09,"Interior",129,0,129
"4994","Steppe buzzard","Buteo b. vulpinus","Buzzards & Kites",2020,101,2020-04-10,"Coast",11493,0,11493
"4995","Steppe buzzard","Buteo b. vulpinus","Buzzards & Kites",2020,101,2020-04-10,"Foothills",267,0,267
"4996","Steppe buzzard","Buteo b. vulpinus","Buzzards & Kites",2020,102,2020-04-11,"Coast",18430,0,18430
"4997","Steppe buzzard","Buteo b. vulpinus","Buzzards & Kites",2020,102,2020-04-11,"Foothills",2464,0,2464
"4998","Steppe buzzard","Buteo b. vulpinus","Buzzards & Kites",2020,102,2020-04-11,"Interior",3277,0,3277
"4999","Steppe buzzard","Buteo b. vulpinus","Buzzards & Kites",2020,104,2020-04-13,"Coast",1869,0,1869
"5000","Steppe buzzard","Buteo b. vulpinus","Buzzards & Kites",2020,104,2020-04-13,"Foothills",329,0,329
"5001","Steppe buzzard","Buteo b. vulpinus","Buzzards & Kites",2020,104,2020-04-13,"Interior",2572,0,2572
"5002","Steppe buzzard","Buteo b. vulpinus","Buzzards & Kites",2020,105,2020-04-14,"Coast",2461,0,2461
"5003","Steppe buzzard","Buteo b. vulpinus","Buzzards & Kites",2020,105,2020-04-14,"Foothills",1351,0,1351
"5004","Steppe buzzard","Buteo b. vulpinus","Buzzards & Kites",2020,105,2020-04-14,"Interior",8992,0,8992
"5005","Steppe buzzard","Buteo b. vulpinus","Buzzards & Kites",2020,106,2020-04-15,"Coast",3754,0,3754
"5006","Steppe buzzard","Buteo b. vulpinus","Buzzards & Kites",2020,106,2020-04-15,"Foothills",3215,0,3215
"5007","Steppe buzzard","Buteo b. vulpinus","Buzzards & Kites",2020,106,2020-04-15,"Interior",1941,0,1941
"5008","Steppe buzzard","Buteo b. vulpinus","Buzzards & Kites",2020,107,2020-04-16,"Coast",2,0,2
"5009","Steppe buzzard","Buteo b. vulpinus","Buzzards & Kites",2020,108,2020-04-17,"Coast",3533,0,3533
"5010","Steppe buzzard","Buteo b. vulpinus","Buzzards & Kites",2020,108,2020-04-17,"Foothills",488,0,488
"5011","Steppe buzzard","Buteo b. vulpinus","Buzzards & Kites",2020,108,2020-04-17,"Interior",835,0,835
"5012","Steppe buzzard","Buteo b. vulpinus","Buzzards & Kites",2020,109,2020-04-18,"Coast",1264,0,1264
"5013","Steppe buzzard","Buteo b. vulpinus","Buzzards & Kites",2020,109,2020-04-18,"Foothills",3,0,3
"5014","Steppe buzzard","Buteo b. vulpinus","Buzzards & Kites",2020,109,2020-04-18,"Interior",3325,0,3325
"5015","Steppe buzzard","Buteo b. vulpinus","Buzzards & Kites",2020,110,2020-04-19,"Coast",1023,0,1023
"5016","Steppe buzzard","Buteo b. vulpinus","Buzzards & Kites",2020,110,2020-04-19,"Foothills",5,0,5
"5017","Steppe buzzard","Buteo b. vulpinus","Buzzards & Kites",2020,110,2020-04-19,"Interior",2685,0,2685
"5018","Steppe buzzard","Buteo b. vulpinus","Buzzards & Kites",2020,111,2020-04-20,"Coast",137,0,137
"5019","Steppe buzzard","Buteo b. vulpinus","Buzzards & Kites",2020,111,2020-04-20,"Foothills",211,0,211
"5020","Steppe buzzard","Buteo b. vulpinus","Buzzards & Kites",2020,111,2020-04-20,"Interior",799,0,799
"5021","Steppe buzzard","Buteo b. vulpinus","Buzzards & Kites",2020,113,2020-04-22,"Coast",4,0,4
"5022","Steppe buzzard","Buteo b. vulpinus","Buzzards & Kites",2020,114,2020-04-23,"Coast",1643,0,1643
"5023","Steppe buzzard","Buteo b. vulpinus","Buzzards & Kites",2020,114,2020-04-23,"Foothills",92,0,92
"5024","Steppe buzzard","Buteo b. vulpinus","Buzzards & Kites",2020,115,2020-04-24,"Coast",4604,0,4604
"5025","Steppe buzzard","Buteo b. vulpinus","Buzzards & Kites",2020,115,2020-04-24,"Foothills",191,0,191
"5026","Steppe buzzard","Buteo b. vulpinus","Buzzards & Kites",2020,115,2020-04-24,"Interior",1,0,1
"5027","Steppe buzzard","Buteo b. vulpinus","Buzzards & Kites",2020,116,2020-04-25,"Coast",3078,0,3078
"5028","Steppe buzzard","Buteo b. vulpinus","Buzzards & Kites",2020,116,2020-04-25,"Foothills",300,0,300
"5029","Steppe buzzard","Buteo b. vulpinus","Buzzards & Kites",2020,117,2020-04-26,"Coast",1432,1,1431
"5030","Steppe buzzard","Buteo b. vulpinus","Buzzards & Kites",2020,117,2020-04-26,"Foothills",371,0,371
"5031","Steppe buzzard","Buteo b. vulpinus","Buzzards & Kites",2020,117,2020-04-26,"Interior",646,0,646
"5032","Steppe buzzard","Buteo b. vulpinus","Buzzards & Kites",2020,118,2020-04-27,"Coast",694,0,694
"5033","Steppe buzzard","Buteo b. vulpinus","Buzzards & Kites",2020,118,2020-04-27,"Foothills",685,0,685
"5034","Steppe buzzard","Buteo b. vulpinus","Buzzards & Kites",2020,118,2020-04-27,"Interior",654,0,654
"5035","Steppe buzzard","Buteo b. vulpinus","Buzzards & Kites",2020,119,2020-04-28,"Foothills",43,0,43
"5036","Steppe buzzard","Buteo b. vulpinus","Buzzards & Kites",2020,119,2020-04-28,"Interior",6,0,6
"5037","Steppe buzzard","Buteo b. vulpinus","Buzzards & Kites",2020,120,2020-04-29,"Coast",1105,0,1105
"5038","Steppe buzzard","Buteo b. vulpinus","Buzzards & Kites",2020,120,2020-04-29,"Foothills",893,0,893
"5039","Steppe buzzard","Buteo b. vulpinus","Buzzards & Kites",2020,121,2020-04-30,"Coast",104,0,104
"5040","Steppe buzzard","Buteo b. vulpinus","Buzzards & Kites",2020,121,2020-04-30,"Foothills",368,0,368
"5041","Steppe buzzard","Buteo b. vulpinus","Buzzards & Kites",2020,121,2020-04-30,"Interior",21,0,21
"5042","Steppe buzzard","Buteo b. vulpinus","Buzzards & Kites",2020,122,2020-05-01,"Coast",186,0,186
"5043","Steppe buzzard","Buteo b. vulpinus","Buzzards & Kites",2020,122,2020-05-01,"Foothills",298,0,298
"5044","Steppe buzzard","Buteo b. vulpinus","Buzzards & Kites",2020,122,2020-05-01,"Interior",71,0,71
"5045","Steppe buzzard","Buteo b. vulpinus","Buzzards & Kites",2020,123,2020-05-02,"Coast",126,0,126
"5046","Steppe buzzard","Buteo b. vulpinus","Buzzards & Kites",2020,124,2020-05-03,"Coast",13,0,13
"5047","Steppe buzzard","Buteo b. vulpinus","Buzzards & Kites",2020,124,2020-05-03,"Foothills",26,0,26
"5048","Steppe buzzard","Buteo b. vulpinus","Buzzards & Kites",2020,124,2020-05-03,"Interior",35,0,35
"5049","Steppe buzzard","Buteo b. vulpinus","Buzzards & Kites",2020,125,2020-05-04,"Coast",422,0,422
"5050","Steppe buzzard","Buteo b. vulpinus","Buzzards & Kites",2020,125,2020-05-04,"Foothills",31,0,31
"5051","Steppe buzzard","Buteo b. vulpinus","Buzzards & Kites",2020,125,2020-05-04,"Interior",26,0,26
"5052","Steppe buzzard","Buteo b. vulpinus","Buzzards & Kites",2020,128,2020-05-07,"Coast",25,0,25
"5053","Steppe buzzard","Buteo b. vulpinus","Buzzards & Kites",2020,128,2020-05-07,"Foothills",55,0,55
"5054","Steppe buzzard","Buteo b. vulpinus","Buzzards & Kites",2020,128,2020-05-07,"Interior",91,0,91
"5055","Steppe buzzard","Buteo b. vulpinus","Buzzards & Kites",2020,130,2020-05-09,"Coast",1137,0,1137
"5056","Steppe buzzard","Buteo b. vulpinus","Buzzards & Kites",2020,130,2020-05-09,"Foothills",315,0,315
"5057","Steppe buzzard","Buteo b. vulpinus","Buzzards & Kites",2020,131,2020-05-10,"Coast",744,0,744
"5058","Steppe buzzard","Buteo b. vulpinus","Buzzards & Kites",2020,131,2020-05-10,"Foothills",335,0,335
"5059","Steppe buzzard","Buteo b. vulpinus","Buzzards & Kites",2020,132,2020-05-11,"Coast",25,0,25
"5060","Steppe buzzard","Buteo b. vulpinus","Buzzards & Kites",2020,132,2020-05-11,"Foothills",7,0,7
"5061","Steppe buzzard","Buteo b. vulpinus","Buzzards & Kites",2020,132,2020-05-11,"Interior",51,0,51
"5062","Steppe buzzard","Buteo b. vulpinus","Buzzards & Kites",2020,133,2020-05-12,"Coast",18,0,18
"5063","Steppe buzzard","Buteo b. vulpinus","Buzzards & Kites",2020,133,2020-05-12,"Foothills",184,0,184
"5064","Steppe buzzard","Buteo b. vulpinus","Buzzards & Kites",2020,134,2020-05-13,"Coast",620,0,620
"5065","Steppe buzzard","Buteo b. vulpinus","Buzzards & Kites",2020,134,2020-05-13,"Foothills",472,0,472
"5066","Steppe buzzard","Buteo b. vulpinus","Buzzards & Kites",2020,134,2020-05-13,"Interior",8,0,8
"5067","Steppe buzzard","Buteo b. vulpinus","Buzzards & Kites",2020,135,2020-05-14,"Coast",110,0,110
"5068","Steppe buzzard","Buteo b. vulpinus","Buzzards & Kites",2020,136,2020-05-15,"Foothills",11,0,11
"5069","Steppe buzzard","Buteo b. vulpinus","Buzzards & Kites",2020,136,2020-05-15,"Interior",44,0,44
"5070","Steppe buzzard","Buteo b. vulpinus","Buzzards & Kites",2020,137,2020-05-16,"Coast",1,0,1
"5071","Steppe buzzard","Buteo b. vulpinus","Buzzards & Kites",2020,137,2020-05-16,"Foothills",3,0,3
"5072","Steppe buzzard","Buteo b. vulpinus","Buzzards & Kites",2020,138,2020-05-17,"Coast",39,0,39
"5073","Steppe buzzard","Buteo b. vulpinus","Buzzards & Kites",2020,138,2020-05-17,"Foothills",35,0,35
"5074","Steppe buzzard","Buteo b. vulpinus","Buzzards & Kites",2020,139,2020-05-18,"Coast",18,0,18
"5075","Steppe buzzard","Buteo b. vulpinus","Buzzards & Kites",2020,140,2020-05-19,"Coast",155,0,155
"5076","Steppe buzzard","Buteo b. vulpinus","Buzzards & Kites",2020,140,2020-05-19,"Foothills",1,0,1
"5077","Steppe buzzard","Buteo b. vulpinus","Buzzards & Kites",2020,141,2020-05-20,"Coast",16,0,16
"5078","Steppe buzzard","Buteo b. vulpinus","Buzzards & Kites",2020,141,2020-05-20,"Foothills",1,0,1
"5079","Steppe buzzard","Buteo b. vulpinus","Buzzards & Kites",2020,141,2020-05-20,"Interior",44,0,44
"5080","Steppe buzzard","Buteo b. vulpinus","Buzzards & Kites",2020,143,2020-05-22,"Coast",47,0,47
"5081","Steppe buzzard","Buteo b. vulpinus","Buzzards & Kites",2020,143,2020-05-22,"Foothills",113,0,113
"5082","Steppe buzzard","Buteo b. vulpinus","Buzzards & Kites",2020,144,2020-05-23,"Foothills",5,0,5
"5083","Steppe buzzard","Buteo b. vulpinus","Buzzards & Kites",2022,61,2022-03-02,"Coast",19,6,13
"5084","Steppe buzzard","Buteo b. vulpinus","Buzzards & Kites",2022,61,2022-03-02,"Foothills",2,0,2
"5085","Steppe buzzard","Buteo b. vulpinus","Buzzards & Kites",2022,62,2022-03-03,"Coast",4,4,0
"5086","Steppe buzzard","Buteo b. vulpinus","Buzzards & Kites",2022,62,2022-03-03,"Foothills",6,0,6
"5087","Steppe buzzard","Buteo b. vulpinus","Buzzards & Kites",2022,62,2022-03-03,"Interior",1,0,1
"5088","Steppe buzzard","Buteo b. vulpinus","Buzzards & Kites",2022,64,2022-03-05,"Coast",116,2,114
"5089","Steppe buzzard","Buteo b. vulpinus","Buzzards & Kites",2022,64,2022-03-05,"Foothills",21,1,20
"5090","Steppe buzzard","Buteo b. vulpinus","Buzzards & Kites",2022,64,2022-03-05,"Interior",1,2,-1
"5091","Steppe buzzard","Buteo b. vulpinus","Buzzards & Kites",2022,65,2022-03-06,"Coast",28,5,23
"5092","Steppe buzzard","Buteo b. vulpinus","Buzzards & Kites",2022,69,2022-03-10,"Coast",12,3,9
"5093","Steppe buzzard","Buteo b. vulpinus","Buzzards & Kites",2022,69,2022-03-10,"Foothills",1,0,1
"5094","Steppe buzzard","Buteo b. vulpinus","Buzzards & Kites",2022,73,2022-03-14,"Coast",162,7,155
"5095","Steppe buzzard","Buteo b. vulpinus","Buzzards & Kites",2022,73,2022-03-14,"Foothills",9,0,9
"5096","Steppe buzzard","Buteo b. vulpinus","Buzzards & Kites",2022,77,2022-03-18,"Coast",38,19,19
"5097","Steppe buzzard","Buteo b. vulpinus","Buzzards & Kites",2022,77,2022-03-18,"Foothills",1,0,1
"5098","Steppe buzzard","Buteo b. vulpinus","Buzzards & Kites",2022,78,2022-03-19,"Coast",1,0,1
"5099","Steppe buzzard","Buteo b. vulpinus","Buzzards & Kites",2022,79,2022-03-20,"Coast",129,2,127
"5100","Steppe buzzard","Buteo b. vulpinus","Buzzards & Kites",2022,79,2022-03-20,"Foothills",1,0,1
"5101","Steppe buzzard","Buteo b. vulpinus","Buzzards & Kites",2022,79,2022-03-20,"Interior",1,0,1
"5102","Steppe buzzard","Buteo b. vulpinus","Buzzards & Kites",2022,80,2022-03-21,"Coast",308,13,295
"5103","Steppe buzzard","Buteo b. vulpinus","Buzzards & Kites",2022,80,2022-03-21,"Foothills",2,0,2
"5104","Steppe buzzard","Buteo b. vulpinus","Buzzards & Kites",2022,81,2022-03-22,"Coast",177,1,176
"5105","Steppe buzzard","Buteo b. vulpinus","Buzzards & Kites",2022,81,2022-03-22,"Foothills",15,0,15
"5106","Steppe buzzard","Buteo b. vulpinus","Buzzards & Kites",2022,81,2022-03-22,"Interior",3,1,2
"5107","Steppe buzzard","Buteo b. vulpinus","Buzzards & Kites",2022,82,2022-03-23,"Coast",515,0,515
"5108","Steppe buzzard","Buteo b. vulpinus","Buzzards & Kites",2022,82,2022-03-23,"Interior",1,0,1
"5109","Steppe buzzard","Buteo b. vulpinus","Buzzards & Kites",2022,83,2022-03-24,"Coast",426,0,426
"5110","Steppe buzzard","Buteo b. vulpinus","Buzzards & Kites",2022,84,2022-03-25,"Coast",2982,1,2981
"5111","Steppe buzzard","Buteo b. vulpinus","Buzzards & Kites",2022,84,2022-03-25,"Foothills",47,0,47
"5112","Steppe buzzard","Buteo b. vulpinus","Buzzards & Kites",2022,84,2022-03-25,"Interior",41,0,41
"5113","Steppe buzzard","Buteo b. vulpinus","Buzzards & Kites",2022,85,2022-03-26,"Coast",1482,0,1482
"5114","Steppe buzzard","Buteo b. vulpinus","Buzzards & Kites",2022,85,2022-03-26,"Foothills",5,0,5
"5115","Steppe buzzard","Buteo b. vulpinus","Buzzards & Kites",2022,86,2022-03-27,"Coast",3044,0,3044
"5116","Steppe buzzard","Buteo b. vulpinus","Buzzards & Kites",2022,86,2022-03-27,"Foothills",269,1,268
"5117","Steppe buzzard","Buteo b. vulpinus","Buzzards & Kites",2022,86,2022-03-27,"Interior",1007,0,1007
"5118","Steppe buzzard","Buteo b. vulpinus","Buzzards & Kites",2022,87,2022-03-28,"Coast",8270,0,8270
"5119","Steppe buzzard","Buteo b. vulpinus","Buzzards & Kites",2022,87,2022-03-28,"Foothills",698,0,698
"5120","Steppe buzzard","Buteo b. vulpinus","Buzzards & Kites",2022,87,2022-03-28,"Interior",76,0,76
"5121","Steppe buzzard","Buteo b. vulpinus","Buzzards & Kites",2022,88,2022-03-29,"Coast",1439,2,1437
"5122","Steppe buzzard","Buteo b. vulpinus","Buzzards & Kites",2022,88,2022-03-29,"Foothills",620,0,620
"5123","Steppe buzzard","Buteo b. vulpinus","Buzzards & Kites",2022,88,2022-03-29,"Interior",3231,0,3231
"5124","Steppe buzzard","Buteo b. vulpinus","Buzzards & Kites",2022,89,2022-03-30,"Coast",1431,0,1431
"5125","Steppe buzzard","Buteo b. vulpinus","Buzzards & Kites",2022,89,2022-03-30,"Foothills",1798,0,1798
"5126","Steppe buzzard","Buteo b. vulpinus","Buzzards & Kites",2022,89,2022-03-30,"Interior",2547,0,2547
"5127","Steppe buzzard","Buteo b. vulpinus","Buzzards & Kites",2022,90,2022-03-31,"Coast",1776,0,1776
"5128","Steppe buzzard","Buteo b. vulpinus","Buzzards & Kites",2022,90,2022-03-31,"Foothills",3121,0,3121
"5129","Steppe buzzard","Buteo b. vulpinus","Buzzards & Kites",2022,90,2022-03-31,"Interior",9268,0,9268
"5130","Steppe buzzard","Buteo b. vulpinus","Buzzards & Kites",2022,91,2022-04-01,"Coast",1829,0,1829
"5131","Steppe buzzard","Buteo b. vulpinus","Buzzards & Kites",2022,91,2022-04-01,"Foothills",1011,0,1011
"5132","Steppe buzzard","Buteo b. vulpinus","Buzzards & Kites",2022,91,2022-04-01,"Interior",5402,0,5402
"5133","Steppe buzzard","Buteo b. vulpinus","Buzzards & Kites",2022,92,2022-04-02,"Coast",3027,0,3027
"5134","Steppe buzzard","Buteo b. vulpinus","Buzzards & Kites",2022,92,2022-04-02,"Foothills",1661,0,1661
"5135","Steppe buzzard","Buteo b. vulpinus","Buzzards & Kites",2022,92,2022-04-02,"Interior",3760,0,3760
"5136","Steppe buzzard","Buteo b. vulpinus","Buzzards & Kites",2022,93,2022-04-03,"Coast",2770,1,2769
"5137","Steppe buzzard","Buteo b. vulpinus","Buzzards & Kites",2022,93,2022-04-03,"Foothills",491,0,491
"5138","Steppe buzzard","Buteo b. vulpinus","Buzzards & Kites",2022,93,2022-04-03,"Interior",3841,0,3841
"5139","Steppe buzzard","Buteo b. vulpinus","Buzzards & Kites",2022,94,2022-04-04,"Coast",2109,0,2109
"5140","Steppe buzzard","Buteo b. vulpinus","Buzzards & Kites",2022,94,2022-04-04,"Foothills",2063,0,2063
"5141","Steppe buzzard","Buteo b. vulpinus","Buzzards & Kites",2022,94,2022-04-04,"Interior",6076,0,6076
"5142","Steppe buzzard","Buteo b. vulpinus","Buzzards & Kites",2022,95,2022-04-05,"Coast",2195,0,2195
"5143","Steppe buzzard","Buteo b. vulpinus","Buzzards & Kites",2022,95,2022-04-05,"Foothills",972,0,972
"5144","Steppe buzzard","Buteo b. vulpinus","Buzzards & Kites",2022,95,2022-04-05,"Interior",612,0,612
"5145","Steppe buzzard","Buteo b. vulpinus","Buzzards & Kites",2022,96,2022-04-06,"Coast",1641,0,1641
"5146","Steppe buzzard","Buteo b. vulpinus","Buzzards & Kites",2022,96,2022-04-06,"Foothills",231,0,231
"5147","Steppe buzzard","Buteo b. vulpinus","Buzzards & Kites",2022,96,2022-04-06,"Interior",1168,0,1168
"5148","Steppe buzzard","Buteo b. vulpinus","Buzzards & Kites",2022,97,2022-04-07,"Coast",2624,0,2624
"5149","Steppe buzzard","Buteo b. vulpinus","Buzzards & Kites",2022,97,2022-04-07,"Foothills",107,0,107
"5150","Steppe buzzard","Buteo b. vulpinus","Buzzards & Kites",2022,98,2022-04-08,"Coast",2029,0,2029
"5151","Steppe buzzard","Buteo b. vulpinus","Buzzards & Kites",2022,98,2022-04-08,"Foothills",728,0,728
"5152","Steppe buzzard","Buteo b. vulpinus","Buzzards & Kites",2022,98,2022-04-08,"Interior",1234,0,1234
"5153","Steppe buzzard","Buteo b. vulpinus","Buzzards & Kites",2022,99,2022-04-09,"Coast",2930,0,2930
"5154","Steppe buzzard","Buteo b. vulpinus","Buzzards & Kites",2022,99,2022-04-09,"Foothills",959,0,959
"5155","Steppe buzzard","Buteo b. vulpinus","Buzzards & Kites",2022,99,2022-04-09,"Interior",4284,0,4284
"5156","Steppe buzzard","Buteo b. vulpinus","Buzzards & Kites",2022,100,2022-04-10,"Coast",1596,0,1596
"5157","Steppe buzzard","Buteo b. vulpinus","Buzzards & Kites",2022,100,2022-04-10,"Foothills",87,0,87
"5158","Steppe buzzard","Buteo b. vulpinus","Buzzards & Kites",2022,100,2022-04-10,"Interior",2120,0,2120
"5159","Steppe buzzard","Buteo b. vulpinus","Buzzards & Kites",2022,101,2022-04-11,"Coast",3272,0,3272
"5160","Steppe buzzard","Buteo b. vulpinus","Buzzards & Kites",2022,101,2022-04-11,"Foothills",697,0,697
"5161","Steppe buzzard","Buteo b. vulpinus","Buzzards & Kites",2022,101,2022-04-11,"Interior",1848,0,1848
"5162","Steppe buzzard","Buteo b. vulpinus","Buzzards & Kites",2022,103,2022-04-13,"Coast",373,0,373
"5163","Steppe buzzard","Buteo b. vulpinus","Buzzards & Kites",2022,104,2022-04-14,"Coast",1904,0,1904
"5164","Steppe buzzard","Buteo b. vulpinus","Buzzards & Kites",2022,104,2022-04-14,"Foothills",387,0,387
"5165","Steppe buzzard","Buteo b. vulpinus","Buzzards & Kites",2022,104,2022-04-14,"Interior",3138,0,3138
"5166","Steppe buzzard","Buteo b. vulpinus","Buzzards & Kites",2022,105,2022-04-15,"Coast",2332,0,2332
"5167","Steppe buzzard","Buteo b. vulpinus","Buzzards & Kites",2022,105,2022-04-15,"Foothills",1790,0,1790
"5168","Steppe buzzard","Buteo b. vulpinus","Buzzards & Kites",2022,105,2022-04-15,"Interior",3552,0,3552
"5169","Steppe buzzard","Buteo b. vulpinus","Buzzards & Kites",2022,106,2022-04-16,"Coast",854,0,854
"5170","Steppe buzzard","Buteo b. vulpinus","Buzzards & Kites",2022,106,2022-04-16,"Foothills",5,0,5
"5171","Steppe buzzard","Buteo b. vulpinus","Buzzards & Kites",2022,106,2022-04-16,"Interior",1639,0,1639
"5172","Steppe buzzard","Buteo b. vulpinus","Buzzards & Kites",2022,107,2022-04-17,"Coast",286,0,286
"5173","Steppe buzzard","Buteo b. vulpinus","Buzzards & Kites",2022,107,2022-04-17,"Foothills",1936,0,1936
"5174","Steppe buzzard","Buteo b. vulpinus","Buzzards & Kites",2022,107,2022-04-17,"Interior",1200,0,1200
"5175","Steppe buzzard","Buteo b. vulpinus","Buzzards & Kites",2022,108,2022-04-18,"Coast",1412,3,1409
"5176","Steppe buzzard","Buteo b. vulpinus","Buzzards & Kites",2022,108,2022-04-18,"Foothills",173,0,173
"5177","Steppe buzzard","Buteo b. vulpinus","Buzzards & Kites",2022,108,2022-04-18,"Interior",1773,0,1773
"5178","Steppe buzzard","Buteo b. vulpinus","Buzzards & Kites",2022,109,2022-04-19,"Coast",1441,0,1441
"5179","Steppe buzzard","Buteo b. vulpinus","Buzzards & Kites",2022,110,2022-04-20,"Coast",20,0,20
"5180","Steppe buzzard","Buteo b. vulpinus","Buzzards & Kites",2022,111,2022-04-21,"Coast",1286,0,1286
"5181","Steppe buzzard","Buteo b. vulpinus","Buzzards & Kites",2022,111,2022-04-21,"Foothills",573,0,573
"5182","Steppe buzzard","Buteo b. vulpinus","Buzzards & Kites",2022,111,2022-04-21,"Interior",1698,0,1698
"5183","Steppe buzzard","Buteo b. vulpinus","Buzzards & Kites",2022,113,2022-04-23,"Coast",174,0,174
"5184","Steppe buzzard","Buteo b. vulpinus","Buzzards & Kites",2022,113,2022-04-23,"Foothills",114,0,114
"5185","Steppe buzzard","Buteo b. vulpinus","Buzzards & Kites",2022,113,2022-04-23,"Interior",1401,0,1401
"5186","Steppe buzzard","Buteo b. vulpinus","Buzzards & Kites",2022,114,2022-04-24,"Coast",924,0,924
"5187","Steppe buzzard","Buteo b. vulpinus","Buzzards & Kites",2022,114,2022-04-24,"Foothills",32,0,32
"5188","Steppe buzzard","Buteo b. vulpinus","Buzzards & Kites",2022,114,2022-04-24,"Interior",1638,0,1638
"5189","Steppe buzzard","Buteo b. vulpinus","Buzzards & Kites",2022,115,2022-04-25,"Coast",94,2,92
"5190","Steppe buzzard","Buteo b. vulpinus","Buzzards & Kites",2022,115,2022-04-25,"Foothills",4,0,4
"5191","Steppe buzzard","Buteo b. vulpinus","Buzzards & Kites",2022,115,2022-04-25,"Interior",180,0,180
"5192","Steppe buzzard","Buteo b. vulpinus","Buzzards & Kites",2022,116,2022-04-26,"Coast",179,0,179
"5193","Steppe buzzard","Buteo b. vulpinus","Buzzards & Kites",2022,116,2022-04-26,"Foothills",171,0,171
"5194","Steppe buzzard","Buteo b. vulpinus","Buzzards & Kites",2022,116,2022-04-26,"Interior",562,0,562
"5195","Steppe buzzard","Buteo b. vulpinus","Buzzards & Kites",2022,117,2022-04-27,"Coast",104,0,104
"5196","Steppe buzzard","Buteo b. vulpinus","Buzzards & Kites",2022,117,2022-04-27,"Foothills",11,0,11
"5197","Steppe buzzard","Buteo b. vulpinus","Buzzards & Kites",2022,117,2022-04-27,"Interior",64,0,64
"5198","Steppe buzzard","Buteo b. vulpinus","Buzzards & Kites",2022,118,2022-04-28,"Coast",255,0,255
"5199","Steppe buzzard","Buteo b. vulpinus","Buzzards & Kites",2022,118,2022-04-28,"Foothills",24,0,24
"5200","Steppe buzzard","Buteo b. vulpinus","Buzzards & Kites",2022,118,2022-04-28,"Interior",658,0,658
"5201","Steppe buzzard","Buteo b. vulpinus","Buzzards & Kites",2022,119,2022-04-29,"Coast",2,0,2
"5202","Steppe buzzard","Buteo b. vulpinus","Buzzards & Kites",2022,119,2022-04-29,"Foothills",21,0,21
"5203","Steppe buzzard","Buteo b. vulpinus","Buzzards & Kites",2022,123,2022-05-03,"Coast",1504,2,1502
"5204","Steppe buzzard","Buteo b. vulpinus","Buzzards & Kites",2022,123,2022-05-03,"Foothills",40,0,40
"5205","Steppe buzzard","Buteo b. vulpinus","Buzzards & Kites",2022,123,2022-05-03,"Interior",158,0,158
"5206","Steppe buzzard","Buteo b. vulpinus","Buzzards & Kites",2022,124,2022-05-04,"Coast",102,0,102
"5207","Steppe buzzard","Buteo b. vulpinus","Buzzards & Kites",2022,124,2022-05-04,"Foothills",7,0,7
"5208","Steppe buzzard","Buteo b. vulpinus","Buzzards & Kites",2022,126,2022-05-06,"Coast",246,0,246
"5209","Steppe buzzard","Buteo b. vulpinus","Buzzards & Kites",2022,126,2022-05-06,"Foothills",9,0,9
"5210","Steppe buzzard","Buteo b. vulpinus","Buzzards & Kites",2022,127,2022-05-07,"Coast",109,0,109
"5211","Steppe buzzard","Buteo b. vulpinus","Buzzards & Kites",2022,127,2022-05-07,"Foothills",32,0,32
"5212","Steppe buzzard","Buteo b. vulpinus","Buzzards & Kites",2022,128,2022-05-08,"Coast",1965,0,1965
"5213","Steppe buzzard","Buteo b. vulpinus","Buzzards & Kites",2022,128,2022-05-08,"Foothills",715,0,715
"5214","Steppe buzzard","Buteo b. vulpinus","Buzzards & Kites",2022,128,2022-05-08,"Interior",90,0,90
"5215","Steppe buzzard","Buteo b. vulpinus","Buzzards & Kites",2022,129,2022-05-09,"Coast",637,0,637
"5216","Steppe buzzard","Buteo b. vulpinus","Buzzards & Kites",2022,129,2022-05-09,"Foothills",6,0,6
"5217","Steppe buzzard","Buteo b. vulpinus","Buzzards & Kites",2022,130,2022-05-10,"Coast",2176,0,2176
"5218","Steppe buzzard","Buteo b. vulpinus","Buzzards & Kites",2022,130,2022-05-10,"Foothills",562,0,562
"5219","Steppe buzzard","Buteo b. vulpinus","Buzzards & Kites",2022,131,2022-05-11,"Coast",378,0,378
"5220","Steppe buzzard","Buteo b. vulpinus","Buzzards & Kites",2022,131,2022-05-11,"Foothills",144,0,144
"5221","Steppe buzzard","Buteo b. vulpinus","Buzzards & Kites",2022,131,2022-05-11,"Interior",36,0,36
"5222","Steppe buzzard","Buteo b. vulpinus","Buzzards & Kites",2022,132,2022-05-12,"Coast",1549,1,1548
"5223","Steppe buzzard","Buteo b. vulpinus","Buzzards & Kites",2022,132,2022-05-12,"Foothills",228,0,228
"5224","Steppe buzzard","Buteo b. vulpinus","Buzzards & Kites",2022,132,2022-05-12,"Interior",2,0,2
"5225","Steppe buzzard","Buteo b. vulpinus","Buzzards & Kites",2022,134,2022-05-14,"Coast",32,0,32
"5226","Steppe buzzard","Buteo b. vulpinus","Buzzards & Kites",2022,134,2022-05-14,"Foothills",4,0,4
"5227","Steppe buzzard","Buteo b. vulpinus","Buzzards & Kites",2022,134,2022-05-14,"Interior",38,0,38
"5228","Steppe buzzard","Buteo b. vulpinus","Buzzards & Kites",2022,135,2022-05-15,"Coast",49,0,49
"5229","Steppe buzzard","Buteo b. vulpinus","Buzzards & Kites",2022,135,2022-05-15,"Foothills",12,0,12
"5230","Steppe buzzard","Buteo b. vulpinus","Buzzards & Kites",2022,135,2022-05-15,"Interior",60,0,60
"5231","Steppe buzzard","Buteo b. vulpinus","Buzzards & Kites",2022,136,2022-05-16,"Coast",25,0,25
"5232","Steppe buzzard","Buteo b. vulpinus","Buzzards & Kites",2022,136,2022-05-16,"Foothills",103,0,103
"5233","Steppe buzzard","Buteo b. vulpinus","Buzzards & Kites",2022,136,2022-05-16,"Interior",5,0,5
"5234","Steppe buzzard","Buteo b. vulpinus","Buzzards & Kites",2022,137,2022-05-17,"Coast",1,0,1
"5235","Steppe buzzard","Buteo b. vulpinus","Buzzards & Kites",2022,137,2022-05-17,"Interior",61,0,61
"5236","Steppe buzzard","Buteo b. vulpinus","Buzzards & Kites",2022,138,2022-05-18,"Coast",2,0,2
"5237","Steppe buzzard","Buteo b. vulpinus","Buzzards & Kites",2022,138,2022-05-18,"Foothills",6,0,6
"5238","Steppe buzzard","Buteo b. vulpinus","Buzzards & Kites",2022,138,2022-05-18,"Interior",10,0,10
"5239","Steppe buzzard","Buteo b. vulpinus","Buzzards & Kites",2022,141,2022-05-21,"Coast",49,0,49
"5240","Steppe buzzard","Buteo b. vulpinus","Buzzards & Kites",2022,141,2022-05-21,"Foothills",306,0,306
"5241","Steppe buzzard","Buteo b. vulpinus","Buzzards & Kites",2022,141,2022-05-21,"Interior",26,0,26
"5242","Steppe buzzard","Buteo b. vulpinus","Buzzards & Kites",2022,145,2022-05-25,"Coast",183,0,183
"5243","Steppe buzzard","Buteo b. vulpinus","Buzzards & Kites",2022,145,2022-05-25,"Foothills",89,0,89
"5244","Steppe buzzard","Buteo b. vulpinus","Buzzards & Kites",2022,145,2022-05-25,"Interior",19,0,19
"5245","Steppe buzzard","Buteo b. vulpinus","Buzzards & Kites",2022,146,2022-05-26,"Coast",6,0,6
"5246","Steppe buzzard","Buteo b. vulpinus","Buzzards & Kites",2022,146,2022-05-26,"Foothills",17,0,17
"5247","Steppe eagle","Aquila nipalensis","Eagles",2019,80,2019-03-21,"Coast",3,0,3
"5248","Steppe eagle","Aquila nipalensis","Eagles",2019,80,2019-03-21,"Foothills",1,0,1
"5249","Steppe eagle","Aquila nipalensis","Eagles",2019,82,2019-03-23,"Coast",3,0,3
"5250","Steppe eagle","Aquila nipalensis","Eagles",2019,82,2019-03-23,"Foothills",3,0,3
"5251","Steppe eagle","Aquila nipalensis","Eagles",2019,84,2019-03-25,"Coast",3,0,3
"5252","Steppe eagle","Aquila nipalensis","Eagles",2019,88,2019-03-29,"Coast",4,0,4
"5253","Steppe eagle","Aquila nipalensis","Eagles",2019,89,2019-03-30,"Coast",1,0,1
"5254","Steppe eagle","Aquila nipalensis","Eagles",2019,93,2019-04-03,"Coast",3,0,3
"5255","Steppe eagle","Aquila nipalensis","Eagles",2019,96,2019-04-06,"Coast",1,0,1
"5256","Steppe eagle","Aquila nipalensis","Eagles",2019,101,2019-04-11,"Coast",3,0,3
"5257","Steppe eagle","Aquila nipalensis","Eagles",2019,105,2019-04-15,"Coast",1,0,1
"5258","Steppe eagle","Aquila nipalensis","Eagles",2019,108,2019-04-18,"Coast",6,0,6
"5259","Steppe eagle","Aquila nipalensis","Eagles",2019,110,2019-04-20,"Coast",4,0,4
"5260","Steppe eagle","Aquila nipalensis","Eagles",2019,110,2019-04-20,"Foothills",3,0,3
"5261","Steppe eagle","Aquila nipalensis","Eagles",2019,113,2019-04-23,"Coast",4,0,4
"5262","Steppe eagle","Aquila nipalensis","Eagles",2019,114,2019-04-24,"Foothills",3,0,3
"5263","Steppe eagle","Aquila nipalensis","Eagles",2019,116,2019-04-26,"Foothills",1,0,1
"5264","Steppe eagle","Aquila nipalensis","Eagles",2019,116,2019-04-26,"Interior",2,0,2
"5265","Steppe eagle","Aquila nipalensis","Eagles",2019,120,2019-04-30,"Coast",2,0,2
"5266","Steppe eagle","Aquila nipalensis","Eagles",2019,120,2019-04-30,"Foothills",2,0,2
"5267","Steppe eagle","Aquila nipalensis","Eagles",2019,122,2019-05-02,"Coast",1,0,1
"5268","Steppe eagle","Aquila nipalensis","Eagles",2019,125,2019-05-05,"Foothills",1,0,1
"5269","Steppe eagle","Aquila nipalensis","Eagles",2019,127,2019-05-07,"Interior",1,0,1
"5270","Steppe eagle","Aquila nipalensis","Eagles",2019,129,2019-05-09,"Coast",1,0,1
"5271","Steppe eagle","Aquila nipalensis","Eagles",2019,130,2019-05-10,"Coast",5,0,5
"5272","Steppe eagle","Aquila nipalensis","Eagles",2019,130,2019-05-10,"Foothills",3,0,3
"5273","Steppe eagle","Aquila nipalensis","Eagles",2019,131,2019-05-11,"Interior",1,0,1
"5274","Steppe eagle","Aquila nipalensis","Eagles",2019,133,2019-05-13,"Foothills",1,0,1
"5275","Steppe eagle","Aquila nipalensis","Eagles",2019,134,2019-05-14,"Coast",2,0,2
"5276","Steppe eagle","Aquila nipalensis","Eagles",2019,134,2019-05-14,"Foothills",1,0,1
"5277","Steppe eagle","Aquila nipalensis","Eagles",2019,140,2019-05-20,"Foothills",1,0,1
"5278","Steppe eagle","Aquila nipalensis","Eagles",2020,62,2020-03-02,"Foothills",2,0,2
"5279","Steppe eagle","Aquila nipalensis","Eagles",2020,65,2020-03-05,"Foothills",1,0,1
"5280","Steppe eagle","Aquila nipalensis","Eagles",2020,77,2020-03-17,"Coast",1,0,1
"5281","Steppe eagle","Aquila nipalensis","Eagles",2020,80,2020-03-20,"Coast",1,0,1
"5282","Steppe eagle","Aquila nipalensis","Eagles",2020,80,2020-03-20,"Foothills",2,0,2
"5283","Steppe eagle","Aquila nipalensis","Eagles",2020,81,2020-03-21,"Coast",1,0,1
"5284","Steppe eagle","Aquila nipalensis","Eagles",2020,82,2020-03-22,"Coast",1,0,1
"5285","Steppe eagle","Aquila nipalensis","Eagles",2020,82,2020-03-22,"Foothills",2,0,2
"5286","Steppe eagle","Aquila nipalensis","Eagles",2020,84,2020-03-24,"Coast",3,0,3
"5287","Steppe eagle","Aquila nipalensis","Eagles",2020,84,2020-03-24,"Foothills",1,0,1
"5288","Steppe eagle","Aquila nipalensis","Eagles",2020,87,2020-03-27,"Foothills",1,0,1
"5289","Steppe eagle","Aquila nipalensis","Eagles",2020,93,2020-04-02,"Coast",1,0,1
"5290","Steppe eagle","Aquila nipalensis","Eagles",2020,94,2020-04-03,"Coast",1,1,0
"5291","Steppe eagle","Aquila nipalensis","Eagles",2020,94,2020-04-03,"Foothills",1,0,1
"5292","Steppe eagle","Aquila nipalensis","Eagles",2020,95,2020-04-04,"Coast",1,0,1
"5293","Steppe eagle","Aquila nipalensis","Eagles",2020,95,2020-04-04,"Foothills",1,0,1
"5294","Steppe eagle","Aquila nipalensis","Eagles",2020,97,2020-04-06,"Coast",3,0,3
"5295","Steppe eagle","Aquila nipalensis","Eagles",2020,97,2020-04-06,"Foothills",3,0,3
"5296","Steppe eagle","Aquila nipalensis","Eagles",2020,99,2020-04-08,"Coast",11,0,11
"5297","Steppe eagle","Aquila nipalensis","Eagles",2020,100,2020-04-09,"Coast",1,0,1
"5298","Steppe eagle","Aquila nipalensis","Eagles",2020,101,2020-04-10,"Coast",3,0,3
"5299","Steppe eagle","Aquila nipalensis","Eagles",2020,102,2020-04-11,"Coast",11,0,11
"5300","Steppe eagle","Aquila nipalensis","Eagles",2020,102,2020-04-11,"Foothills",4,0,4
"5301","Steppe eagle","Aquila nipalensis","Eagles",2020,102,2020-04-11,"Interior",2,0,2
"5302","Steppe eagle","Aquila nipalensis","Eagles",2020,104,2020-04-13,"Coast",1,0,1
"5303","Steppe eagle","Aquila nipalensis","Eagles",2020,105,2020-04-14,"Coast",1,0,1
"5304","Steppe eagle","Aquila nipalensis","Eagles",2020,108,2020-04-17,"Coast",2,0,2
"5305","Steppe eagle","Aquila nipalensis","Eagles",2020,110,2020-04-19,"Coast",1,0,1
"5306","Steppe eagle","Aquila nipalensis","Eagles",2020,114,2020-04-23,"Coast",2,0,2
"5307","Steppe eagle","Aquila nipalensis","Eagles",2020,115,2020-04-24,"Coast",7,0,7
"5308","Steppe eagle","Aquila nipalensis","Eagles",2020,115,2020-04-24,"Foothills",2,0,2
"5309","Steppe eagle","Aquila nipalensis","Eagles",2020,116,2020-04-25,"Coast",11,0,11
"5310","Steppe eagle","Aquila nipalensis","Eagles",2020,116,2020-04-25,"Foothills",1,0,1
"5311","Steppe eagle","Aquila nipalensis","Eagles",2020,117,2020-04-26,"Coast",3,0,3
"5312","Steppe eagle","Aquila nipalensis","Eagles",2020,118,2020-04-27,"Foothills",2,0,2
"5313","Steppe eagle","Aquila nipalensis","Eagles",2020,121,2020-04-30,"Interior",1,0,1
"5314","Steppe eagle","Aquila nipalensis","Eagles",2020,125,2020-05-04,"Interior",2,0,2
"5315","Steppe eagle","Aquila nipalensis","Eagles",2020,130,2020-05-09,"Coast",3,0,3
"5316","Steppe eagle","Aquila nipalensis","Eagles",2020,130,2020-05-09,"Foothills",1,0,1
"5317","Steppe eagle","Aquila nipalensis","Eagles",2020,131,2020-05-10,"Coast",4,0,4
"5318","Steppe eagle","Aquila nipalensis","Eagles",2020,131,2020-05-10,"Foothills",2,0,2
"5319","Steppe eagle","Aquila nipalensis","Eagles",2020,133,2020-05-12,"Foothills",3,0,3
"5320","Steppe eagle","Aquila nipalensis","Eagles",2022,69,2022-03-10,"Coast",1,0,1
"5321","Steppe eagle","Aquila nipalensis","Eagles",2022,79,2022-03-20,"Coast",3,0,3
"5322","Steppe eagle","Aquila nipalensis","Eagles",2022,80,2022-03-21,"Coast",2,0,2
"5323","Steppe eagle","Aquila nipalensis","Eagles",2022,81,2022-03-22,"Coast",1,0,1
"5324","Steppe eagle","Aquila nipalensis","Eagles",2022,82,2022-03-23,"Coast",29,0,29
"5325","Steppe eagle","Aquila nipalensis","Eagles",2022,83,2022-03-24,"Coast",5,0,5
"5326","Steppe eagle","Aquila nipalensis","Eagles",2022,84,2022-03-25,"Coast",16,0,16
"5327","Steppe eagle","Aquila nipalensis","Eagles",2022,85,2022-03-26,"Coast",2,0,2
"5328","Steppe eagle","Aquila nipalensis","Eagles",2022,86,2022-03-27,"Coast",2,0,2
"5329","Steppe eagle","Aquila nipalensis","Eagles",2022,87,2022-03-28,"Coast",3,0,3
"5330","Steppe eagle","Aquila nipalensis","Eagles",2022,87,2022-03-28,"Foothills",1,0,1
"5331","Steppe eagle","Aquila nipalensis","Eagles",2022,88,2022-03-29,"Coast",2,0,2
"5332","Steppe eagle","Aquila nipalensis","Eagles",2022,89,2022-03-30,"Coast",1,0,1
"5333","Steppe eagle","Aquila nipalensis","Eagles",2022,91,2022-04-01,"Foothills",1,0,1
"5334","Steppe eagle","Aquila nipalensis","Eagles",2022,92,2022-04-02,"Coast",2,0,2
"5335","Steppe eagle","Aquila nipalensis","Eagles",2022,94,2022-04-04,"Foothills",1,0,1
"5336","Steppe eagle","Aquila nipalensis","Eagles",2022,94,2022-04-04,"Interior",1,0,1
"5337","Steppe eagle","Aquila nipalensis","Eagles",2022,95,2022-04-05,"Coast",2,0,2
"5338","Steppe eagle","Aquila nipalensis","Eagles",2022,96,2022-04-06,"Foothills",1,0,1
"5339","Steppe eagle","Aquila nipalensis","Eagles",2022,98,2022-04-08,"Interior",1,0,1
"5340","Steppe eagle","Aquila nipalensis","Eagles",2022,104,2022-04-14,"Coast",1,0,1
"5341","Steppe eagle","Aquila nipalensis","Eagles",2022,105,2022-04-15,"Foothills",1,0,1
"5342","Steppe eagle","Aquila nipalensis","Eagles",2022,113,2022-04-23,"Foothills",1,0,1
"5343","Steppe eagle","Aquila nipalensis","Eagles",2022,123,2022-05-03,"Coast",2,0,2
"5344","Steppe eagle","Aquila nipalensis","Eagles",2022,128,2022-05-08,"Coast",6,0,6
"5345","Steppe eagle","Aquila nipalensis","Eagles",2022,128,2022-05-08,"Foothills",2,0,2
"5346","Steppe eagle","Aquila nipalensis","Eagles",2022,130,2022-05-10,"Coast",4,0,4
"5347","Steppe eagle","Aquila nipalensis","Eagles",2022,132,2022-05-12,"Coast",1,0,1
"5348","Steppe eagle","Aquila nipalensis","Eagles",2022,134,2022-05-14,"Foothills",1,0,1
"5349","Stork spec","Ciconia spec","Cranes, Storks & Pelicans",2022,91,2022-04-01,"Interior",1,0,1
"5350","White stork","Ciconia ciconia","Cranes, Storks & Pelicans",2019,88,2019-03-29,"Coast",3,0,3
"5351","White stork","Ciconia ciconia","Cranes, Storks & Pelicans",2019,90,2019-03-31,"Coast",1,0,1
"5352","White stork","Ciconia ciconia","Cranes, Storks & Pelicans",2019,93,2019-04-03,"Coast",1,0,1
"5353","White stork","Ciconia ciconia","Cranes, Storks & Pelicans",2019,95,2019-04-05,"Coast",0,1,-1
"5354","White stork","Ciconia ciconia","Cranes, Storks & Pelicans",2019,96,2019-04-06,"Coast",1,0,1
"5355","White stork","Ciconia ciconia","Cranes, Storks & Pelicans",2019,102,2019-04-12,"Coast",5,0,5
"5356","White stork","Ciconia ciconia","Cranes, Storks & Pelicans",2019,103,2019-04-13,"Coast",6,0,6
"5357","White stork","Ciconia ciconia","Cranes, Storks & Pelicans",2019,104,2019-04-14,"Coast",1,0,1
"5358","White stork","Ciconia ciconia","Cranes, Storks & Pelicans",2019,114,2019-04-24,"Coast",2,0,2
"5359","White stork","Ciconia ciconia","Cranes, Storks & Pelicans",2019,114,2019-04-24,"Foothills",6,0,6
"5360","White stork","Ciconia ciconia","Cranes, Storks & Pelicans",2019,115,2019-04-25,"Coast",1,0,1
"5361","White stork","Ciconia ciconia","Cranes, Storks & Pelicans",2019,116,2019-04-26,"Foothills",1,0,1
"5362","White stork","Ciconia ciconia","Cranes, Storks & Pelicans",2019,116,2019-04-26,"Interior",5,0,5
"5363","White stork","Ciconia ciconia","Cranes, Storks & Pelicans",2019,125,2019-05-05,"Coast",1,0,1
"5364","White stork","Ciconia ciconia","Cranes, Storks & Pelicans",2019,125,2019-05-05,"Interior",6,0,6
"5365","White stork","Ciconia ciconia","Cranes, Storks & Pelicans",2019,147,2019-05-27,"Coast",13,0,13
"5366","White stork","Ciconia ciconia","Cranes, Storks & Pelicans",2020,80,2020-03-20,"Coast",2,0,2
"5367","White stork","Ciconia ciconia","Cranes, Storks & Pelicans",2020,82,2020-03-22,"Coast",1,0,1
"5368","White stork","Ciconia ciconia","Cranes, Storks & Pelicans",2020,83,2020-03-23,"Coast",2,0,2
"5369","White stork","Ciconia ciconia","Cranes, Storks & Pelicans",2020,92,2020-04-01,"Coast",1,0,1
"5370","White stork","Ciconia ciconia","Cranes, Storks & Pelicans",2020,95,2020-04-04,"Coast",1,0,1
"5371","White stork","Ciconia ciconia","Cranes, Storks & Pelicans",2020,96,2020-04-05,"Coast",3,0,3
"5372","White stork","Ciconia ciconia","Cranes, Storks & Pelicans",2020,97,2020-04-06,"Foothills",1,0,1
"5373","White stork","Ciconia ciconia","Cranes, Storks & Pelicans",2020,99,2020-04-08,"Coast",9,0,9
"5374","White stork","Ciconia ciconia","Cranes, Storks & Pelicans",2020,100,2020-04-09,"Coast",5,0,5
"5375","White stork","Ciconia ciconia","Cranes, Storks & Pelicans",2020,101,2020-04-10,"Coast",4,0,4
"5376","White stork","Ciconia ciconia","Cranes, Storks & Pelicans",2020,102,2020-04-11,"Coast",12,0,12
"5377","White stork","Ciconia ciconia","Cranes, Storks & Pelicans",2020,106,2020-04-15,"Foothills",3,0,3
"5378","White stork","Ciconia ciconia","Cranes, Storks & Pelicans",2020,109,2020-04-18,"Foothills",1,0,1
"5379","White stork","Ciconia ciconia","Cranes, Storks & Pelicans",2020,110,2020-04-19,"Interior",0,1,-1
"5380","White stork","Ciconia ciconia","Cranes, Storks & Pelicans",2020,111,2020-04-20,"Coast",0,1,-1
"5381","White stork","Ciconia ciconia","Cranes, Storks & Pelicans",2020,115,2020-04-24,"Coast",9,0,9
"5382","White stork","Ciconia ciconia","Cranes, Storks & Pelicans",2020,115,2020-04-24,"Foothills",2,0,2
"5383","White stork","Ciconia ciconia","Cranes, Storks & Pelicans",2020,116,2020-04-25,"Coast",10,0,10
"5384","White stork","Ciconia ciconia","Cranes, Storks & Pelicans",2020,117,2020-04-26,"Coast",10,0,10
"5385","White stork","Ciconia ciconia","Cranes, Storks & Pelicans",2020,118,2020-04-27,"Coast",3,0,3
"5386","White stork","Ciconia ciconia","Cranes, Storks & Pelicans",2020,121,2020-04-30,"Coast",1,0,1
"5387","White stork","Ciconia ciconia","Cranes, Storks & Pelicans",2020,124,2020-05-03,"Coast",11,0,11
"5388","White stork","Ciconia ciconia","Cranes, Storks & Pelicans",2020,125,2020-05-04,"Coast",0,1,-1
"5389","White stork","Ciconia ciconia","Cranes, Storks & Pelicans",2020,130,2020-05-09,"Coast",17,0,17
"5390","White stork","Ciconia ciconia","Cranes, Storks & Pelicans",2020,132,2020-05-11,"Coast",2,0,2
"5391","White stork","Ciconia ciconia","Cranes, Storks & Pelicans",2020,134,2020-05-13,"Coast",25,0,25
"5392","White stork","Ciconia ciconia","Cranes, Storks & Pelicans",2020,141,2020-05-20,"Coast",2,0,2
"5393","White stork","Ciconia ciconia","Cranes, Storks & Pelicans",2020,143,2020-05-22,"Coast",2,0,2
"5394","White stork","Ciconia ciconia","Cranes, Storks & Pelicans",2022,77,2022-03-18,"Coast",1,0,1
"5395","White stork","Ciconia ciconia","Cranes, Storks & Pelicans",2022,87,2022-03-28,"Coast",3,0,3
"5396","White stork","Ciconia ciconia","Cranes, Storks & Pelicans",2022,89,2022-03-30,"Coast",1,0,1
"5397","White stork","Ciconia ciconia","Cranes, Storks & Pelicans",2022,91,2022-04-01,"Coast",1,0,1
"5398","White stork","Ciconia ciconia","Cranes, Storks & Pelicans",2022,91,2022-04-01,"Foothills",6,0,6
"5399","White stork","Ciconia ciconia","Cranes, Storks & Pelicans",2022,92,2022-04-02,"Coast",1,0,1
"5400","White stork","Ciconia ciconia","Cranes, Storks & Pelicans",2022,93,2022-04-03,"Coast",0,2,-2
"5401","White stork","Ciconia ciconia","Cranes, Storks & Pelicans",2022,94,2022-04-04,"Coast",5,0,5
"5402","White stork","Ciconia ciconia","Cranes, Storks & Pelicans",2022,94,2022-04-04,"Foothills",5,0,5
"5403","White stork","Ciconia ciconia","Cranes, Storks & Pelicans",2022,96,2022-04-06,"Coast",5,0,5
"5404","White stork","Ciconia ciconia","Cranes, Storks & Pelicans",2022,98,2022-04-08,"Coast",2,0,2
"5405","White stork","Ciconia ciconia","Cranes, Storks & Pelicans",2022,100,2022-04-10,"Coast",2,0,2
"5406","White stork","Ciconia ciconia","Cranes, Storks & Pelicans",2022,100,2022-04-10,"Foothills",2,0,2
"5407","White stork","Ciconia ciconia","Cranes, Storks & Pelicans",2022,106,2022-04-16,"Coast",3,0,3
"5408","White stork","Ciconia ciconia","Cranes, Storks & Pelicans",2022,107,2022-04-17,"Coast",1,0,1
"5409","White stork","Ciconia ciconia","Cranes, Storks & Pelicans",2022,107,2022-04-17,"Foothills",2,0,2
"5410","White stork","Ciconia ciconia","Cranes, Storks & Pelicans",2022,108,2022-04-18,"Coast",1,0,1
"5411","White stork","Ciconia ciconia","Cranes, Storks & Pelicans",2022,111,2022-04-21,"Coast",2,0,2
"5412","White stork","Ciconia ciconia","Cranes, Storks & Pelicans",2022,114,2022-04-24,"Coast",5,0,5
"5413","White stork","Ciconia ciconia","Cranes, Storks & Pelicans",2022,115,2022-04-25,"Coast",0,2,-2
"5414","White stork","Ciconia ciconia","Cranes, Storks & Pelicans",2022,116,2022-04-26,"Coast",6,0,6
"5415","White stork","Ciconia ciconia","Cranes, Storks & Pelicans",2022,118,2022-04-28,"Coast",3,0,3
"5416","White stork","Ciconia ciconia","Cranes, Storks & Pelicans",2022,118,2022-04-28,"Foothills",1,0,1
"5417","White stork","Ciconia ciconia","Cranes, Storks & Pelicans",2022,131,2022-05-11,"Coast",3,3,0
"5418","White stork","Ciconia ciconia","Cranes, Storks & Pelicans",2022,132,2022-05-12,"Interior",1,0,1
"5419","White-tailed eagle","Haliaeetus albicilla","Rare",2019,84,2019-03-25,"Coast",1,0,1
"5420","White-tailed eagle","Haliaeetus albicilla","Rare",2019,116,2019-04-26,"Interior",1,0,1
"5421","White-tailed eagle","Haliaeetus albicilla","Rare",2020,64,2020-03-04,"Interior",0,1,-1
"5422","White-tailed eagle","Haliaeetus albicilla","Rare",2020,67,2020-03-07,"Foothills",1,0,1
"5423","White-tailed eagle","Haliaeetus albicilla","Rare",2020,71,2020-03-11,"Interior",1,0,1
"5424","White-tailed eagle","Haliaeetus albicilla","Rare",2020,77,2020-03-17,"Coast",1,0,1
"5425","White-tailed eagle","Haliaeetus albicilla","Rare",2020,80,2020-03-20,"Coast",1,0,1
"5426","White-tailed eagle","Haliaeetus albicilla","Rare",2020,87,2020-03-27,"Foothills",1,0,1
"5427","White-tailed eagle","Haliaeetus albicilla","Rare",2020,99,2020-04-08,"Coast",1,0,1
"5428","White-tailed eagle","Haliaeetus albicilla","Rare",2020,125,2020-05-04,"Interior",0,1,-1
"5429","White-tailed eagle","Haliaeetus albicilla","Rare",2022,64,2022-03-05,"Coast",3,1,2
"5430","White-tailed eagle","Haliaeetus albicilla","Rare",2022,65,2022-03-06,"Coast",1,0,1
"5431","White-tailed eagle","Haliaeetus albicilla","Rare",2022,69,2022-03-10,"Coast",0,1,-1
"5432","White-tailed eagle","Haliaeetus albicilla","Rare",2022,79,2022-03-20,"Coast",0,2,-2
"5433","White-tailed eagle","Haliaeetus albicilla","Rare",2022,80,2022-03-21,"Coast",5,0,5
"5434","White-tailed eagle","Haliaeetus albicilla","Rare",2022,82,2022-03-23,"Coast",0,1,-1
"5435","White-tailed eagle","Haliaeetus albicilla","Rare",2022,84,2022-03-25,"Coast",3,3,0
"5436","White-tailed eagle","Haliaeetus albicilla","Rare",2022,85,2022-03-26,"Coast",1,0,1
"5437","White-tailed eagle","Haliaeetus albicilla","Rare",2022,101,2022-04-11,"Interior",1,0,1
